[2026-05-08 08:36:48.532] [CrestUnblock] processed 264 files in 9ms
[2026-05-08 08:36:48.535] [CrestEnsureStubs] self-heal: recreated 0 stub folder(s), re-enabled 3 in LauncherData.xml
[2026-05-08 08:36:48.544] [CrestQuickStart] patched VideoPlaybackState.OnVideoStarted
[2026-05-08 08:36:48.550] [CrestMessageStyle] patched TaleWorlds.Library.InformationManager.DisplayMessage(InformationMessage)
[2026-05-08 08:36:48.550] [CrestFasterTime] registered (master toggle gates per-tick work)
[2026-05-08 08:36:51.255] [CrestMessageStyle] first DisplayMessage probe -- Mission.Current=null, Campaign.Current=null (Game.Current=null, informational only)
[2026-05-08 08:36:52.470] [CrestFasterTime] API resolved: Campaign.SpeedUpMultiplier=ok, SetTimeSpeed(int)=ok, Input.IsKeyPressed=ok
[2026-05-08 08:37:17.114] [CrestPatchSelfTest] GetAllPatchedMethods returned 358 methods
[2026-05-08 08:37:17.130] [CrestPatchSelfTest] OK   UIExtenderEx.WidgetPrefab.LoadFrom (transpiler) — bound by Bannerlord.UIExtenderEx.Patches.WidgetPrefabPatch.WidgetPrefab_LoadFrom_Transpiler on LoadFrom
[2026-05-08 08:37:17.139] [CrestPatchSelfTest] HARD ButterLib.Module.SetInitialModuleScreenAsRootScreen (transpiler) — target method patched, but no patch from Bannerlord.ButterLib.Implementation.MBSubModuleBaseExtended.Patches.ModulePatch (owners: [MCM.UI.Adapter.MCMv5]; declaring types: [MCM.UI.MCMUIAdapterSubModule])
[2026-05-08 08:37:17.140] [CrestPatchSelfTest] HARD ButterLib.Module.FinalizeSubModules (postfix) — no patch found on TaleWorlds.MountAndBlade.Module.FinalizeSubModules (other patched methods on this type: LoadSubModules, InitializeSubModuleBases, ProcessApplicationArguments, SetInitialModuleScreenAsRootScreen)
[2026-05-08 08:37:17.142] [CrestPatchSelfTest] HARD BEW.Managed.ApplicationTick (finalizer) — no patch found on TaleWorlds.DotNet.Managed.ApplicationTick (no methods on this type are patched at all)
[2026-05-08 08:37:17.143] [CrestPatchSelfTest] HARD BEW.Module.OnApplicationTick (finalizer) — no patch found on TaleWorlds.MountAndBlade.Module.OnApplicationTick (other patched methods on this type: LoadSubModules, InitializeSubModuleBases, ProcessApplicationArguments, SetInitialModuleScreenAsRootScreen)
[2026-05-08 08:37:17.145] [CrestPatchSelfTest] HARD BEW.ScreenManager.Tick (finalizer) — no patch found on TaleWorlds.ScreenSystem.ScreenManager.Tick (no methods on this type are patched at all)
[2026-05-08 08:37:17.146] [CrestPatchSelfTest] HARD BEW.ManagedScriptHolder.TickComponents (finalizer) — no patch found on TaleWorlds.Engine.ManagedScriptHolder.TickComponents (no methods on this type are patched at all)
[2026-05-08 08:37:17.147] [CrestPatchSelfTest] HARD BEW.Mission.Tick (finalizer) — no patch found on TaleWorlds.MountAndBlade.Mission.Tick (other patched methods on this type: UpdateSceneTimeSpeed, OnTeamDeployed, OnDeploymentFinished, CanTakeControlOfAgent)
[2026-05-08 08:37:17.151] [CrestPatchSelfTest] SOFT UIExtenderEx.GauntletMovie.Load (conditional prefix) — no patch found on TaleWorlds.GauntletUI.Data.GauntletMovie.Load (other patched methods on this type: LoadMovie)
[2026-05-08 08:37:17.163] [CrestPatchSelfTest] OK   UIExtenderEx.WidgetFactory.GetCustomType (prefix) — bound by Bannerlord.UIExtenderEx.ResourceManager.WidgetFactoryManager.GetCustomTypePrefix on GetCustomType
[2026-05-08 08:37:17.164] [CrestPatchSelfTest] OK   UIExtenderEx.WidgetFactory.CreateBuiltinWidget (prefix) — bound by Bannerlord.UIExtenderEx.ResourceManager.WidgetFactoryManager.CreateBuiltinWidgetPrefix on CreateBuiltinWidget
[2026-05-08 08:37:17.170] [CrestPatchSelfTest] OK   UIExtenderEx.WidgetFactory.GetWidgetTypes (postfix) — bound by Bannerlord.UIExtenderEx.ResourceManager.WidgetFactoryManager.GetWidgetTypesPostfix on GetWidgetTypes
[2026-05-08 08:37:17.176] [CrestPatchSelfTest] OK   UIExtenderEx.WidgetFactory.IsCustomType (prefix) — bound by Bannerlord.UIExtenderEx.ResourceManager.WidgetFactoryManager.IsCustomTypePrefix on IsCustomType
[2026-05-08 08:37:17.179] [CrestPatchSelfTest] OK   UIExtenderEx.WidgetTemplate.CreateWidgets (transpiler, soft) — bound by Bannerlord.UIExtenderEx.ResourceManager.WidgetFactoryManager.BlankTranspiler on CreateWidgets
[2026-05-08 08:37:17.187] [CrestPatchSelfTest] OK   UIExtenderEx.GauntletMovie.LoadMovie (transpiler, soft) — bound by Bannerlord.UIExtenderEx.ResourceManager.WidgetFactoryManager.BlankTranspiler on LoadMovie
[2026-05-08 08:37:17.187] [CrestPatchSelfTest] summary: 7 bound, 7 hard miss, 1 soft miss (of 15 total)
[2026-05-08 08:37:17.197] [CrestCampaignLogFilter] patched CampaignInformationManager.NewLogEntryAdded — 39 classified entry types across 6 buckets
[2026-05-08 08:37:17.208] [CrestCutThroughEveryone] patched cut-through hooks (gated on EnableCutThroughEveryone master toggle)
[2026-05-08 08:37:17.247] [CrestCampaignTweaks] FasterShips bound: TaleWorlds.CampaignSystem.Party.MobileParty.CalculateSpeed (postfix)
[2026-05-08 08:37:17.269] [CrestCampaignTweaks] AchievementsWithMods bound: SandBox.CampaignBehaviors.DumpIntegrityCampaignBehavior.IsGameIntegrityAchieved (postfix)
[2026-05-08 08:37:17.297] [CrestCampaignTweaks] AchievementsDeactivateBlock bound: StoryMode.GameComponents.CampaignBehaviors.AchievementsCampaignBehavior.DeactivateAchievements (prefix)
[2026-05-08 08:37:17.324] [CrestCampaignTweaks] RTSCameraNavalShim bound: RTSCamera.Patch.Naval.Patch_AgentNavalComponent.Prefix_OnTick (prefix)
[2026-05-08 08:37:17.343] [CrestCampaignTweaks] PreventClanDeath bound: TaleWorlds.CampaignSystem.CampaignBehaviors.AgingCampaignBehavior.IsItTimeOfDeath (prefix)
[2026-05-08 08:37:17.352] [CrestCampaignTweaks] PlayerNoFlinch bound: TaleWorlds.MountAndBlade.Mission.RegisterBlow (prefix)
[2026-05-08 08:37:17.369] [CrestCampaignTweaks] NoExecutionPenalty bound: TaleWorlds.CampaignSystem.CampaignBehaviors.CharacterRelationCampaignBehavior.OnHeroKilled (prefix)
[2026-05-08 08:37:17.385] [CrestCampaignTweaks] ClanTournamentExclusion bound: TaleWorlds.CampaignSystem.TournamentGames.FightTournamentGame.CanBeAParticipant (prefix)
[2026-05-08 08:37:17.401] [CrestCampaignTweaks] ClanPartySpeedBonus bound: TaleWorlds.CampaignSystem.Party.MobileParty.CalculateSpeed (postfix)
[2026-05-08 08:37:17.418] [CrestCampaignTweaks] StopPrisonerEscape (daily) bound: TaleWorlds.CampaignSystem.CampaignBehaviors.PrisonerReleaseCampaignBehavior.DailyHeroTick (prefix)
[2026-05-08 08:37:17.435] [CrestCampaignTweaks] StopPrisonerEscape (hourly) bound: TaleWorlds.CampaignSystem.CampaignBehaviors.PrisonerReleaseCampaignBehavior.HourlyPartyTick (prefix)
[2026-05-08 08:37:17.453] [CrestCampaignTweaks] LootCapturedHeroes bound: TaleWorlds.CampaignSystem.MapEvents.MapEvent.LootDefeatedPartyPrisoners (postfix)
[2026-05-08 08:37:17.469] [CrestCampaignTweaks] NoArrowsStuck bound: TaleWorlds.MountAndBlade.Mission.HandleMissileCollisionReaction (postfix)
[2026-05-08 08:37:17.485] [CrestCampaignTweaks] MarriageStaysInClan bound: TaleWorlds.CampaignSystem.GameComponents.DefaultMarriageModel.GetClanAfterMarriage (postfix)
[2026-05-08 08:37:17.501] [CrestCampaignTweaks] PregnancyChanceUncapped bound: TaleWorlds.CampaignSystem.GameComponents.DefaultPregnancyModel.GetDailyChanceOfPregnancyForHero (postfix)
[2026-05-08 08:37:17.515] [CrestCampaignTweaks] UnlockAllSmithingRecipes bound: TaleWorlds.CampaignSystem.CampaignBehaviors.CraftingCampaignBehavior.IsOpened (postfix)
[2026-05-08 08:37:17.531] [CrestCampaignTweaks] LifelongLearning bound: TaleWorlds.CampaignSystem.GameComponents.DefaultCharacterDevelopmentModel.CalculateLearningRate (postfix)
[2026-05-08 08:37:17.546] [CrestCampaignTweaks] TavernCompanions.DailyTick bound: TaleWorlds.CampaignSystem.CampaignBehaviors.CompanionsCampaignBehavior.DailyTick (postfix)
[2026-05-08 08:37:17.561] [CrestCampaignTweaks] TavernCompanions.DesiredCount bound: TaleWorlds.CampaignSystem.CampaignBehaviors.CompanionsCampaignBehavior.get__desiredTotalCompanionCount (postfix)
[2026-05-08 08:37:17.561] [CrestCampaignTweaks] patched campaign tweaks (legacy EnableCampaignTweaks group)
[2026-05-08 08:37:17.593] [CrestBattleSize] patched (always-on; preset count=7, agent cap=2040)
[2026-05-08 08:37:17.616] [CrestTierUnlocker] patched tier caps (gated on EnableTierUnlocker)
[2026-05-08 08:37:25.545] [CrestBattleConvergenceDialogueBehavior] registered rescue-thanks dialogue lines
[2026-05-08 08:37:25.545] [SubModule] Y.12d-feature#128: registered Battle Convergence rescue dialogue behavior
[2026-05-08 08:37:38.641] [CrestCampaignTweaks] AchievementsWithMods: blocked DeactivateAchievements call
[2026-05-08 08:37:54.289] [CrestCompanionHotswap] added swap + select behaviors to mission
[2026-05-08 08:37:54.291] [CrestBattleConvergence] added convergence behavior to mission
[2026-05-08 08:37:54.454] [CrestBattleConvergenceLogic] flat radius (slider mode): 100
[2026-05-08 08:37:54.511] [CrestBattleConvergenceLogic] Y.12d AfterStart: reinforce=True debug=False radius=100 maxPerSide=20 timerset=1000 playerSide=Attacker isPlayerDefender=False missionAgentSpawnLogic=null
[2026-05-08 08:38:17.659] [CrestBattleConvergenceLogic] Y.12d-fix16: ensured 20 custom ally formations (indices 10..29)
[2026-05-08 08:38:17.666] [CrestBattleConvergenceLogic] Y.12d-fix29 team-aware radius: enemyRadius=100 allyRadius=300 (mult x3.0) — distance-filtered 26
[2026-05-08 08:38:17.667] [CrestBattleConvergenceLogic] Y.12d-fix23 stagger: initial=5s cadence=3s -> first lord at +5s, last (idx 10) at +35s
[2026-05-08 08:38:17.667] [CrestBattleConvergenceLogic] Y.12d Stage1: defenderSpawnPositions=3 attackerSpawnPositions=3 partiesSeen=1489 eligibleCandidates=11 neutralRej=53
[2026-05-08 08:38:17.694] [CrestBattleConvergenceLogic] OnMissionTick first call after Stage1: candidates=11
[2026-05-08 08:38:22.642] [CrestBattleConvergenceLogic] tick-status: now=26.3 pending=11 elapsed=1 closestRemaining=3.0s collectDef=0 collectAtt=0 reservedDef=0 reservedAtt=0
[2026-05-08 08:38:22.664] [CrestBattleConvergenceLogic] queued Servic's Party (Vlandia) team=1 side=Defender dist=7.3 active=1/20
[2026-05-08 08:38:23.649] [CrestBattleConvergenceLogic] registered Servic's Party on Defender: 127 agents queued (queue size now 127)
[2026-05-08 08:38:25.639] [CrestBattleConvergenceLogic] queued Adaltrud's Party (Vlandia) team=1 side=Defender dist=43.2 active=2/20
[2026-05-08 08:38:26.654] [CrestBattleConvergenceLogic] registered Adaltrud's Party on Defender: 72 agents queued (queue size now 169)
[2026-05-08 08:38:27.645] [CrestBattleConvergenceLogic] tick-status: now=31.3 pending=9 elapsed=0 closestRemaining=1.0s collectDef=0 collectAtt=0 reservedDef=139 reservedAtt=0
[2026-05-08 08:38:28.631] [CrestBattleConvergenceLogic] queued Ecarand's Party (Vlandia) team=1 side=Defender dist=57.4 active=3/20
[2026-05-08 08:38:29.667] [CrestBattleConvergenceLogic] registered Ecarand's Party on Defender: 74 agents queued (queue size now 213)
[2026-05-08 08:38:31.644] [CrestBattleConvergenceLogic] queued Furnhard's Party (Vlandia) team=1 side=Defender dist=70.9 active=4/20
[2026-05-08 08:38:32.653] [CrestBattleConvergenceLogic] tick-status: now=36.3 pending=7 elapsed=0 closestRemaining=2.0s collectDef=1 collectAtt=0 reservedDef=183 reservedAtt=0
[2026-05-08 08:38:32.677] [CrestBattleConvergenceLogic] registered Furnhard's Party on Defender: 53 agents queued (queue size now 236)
[2026-05-08 08:38:34.636] [CrestBattleConvergenceLogic] queued Asgotha's Party (Nord) team=0 side=Attacker dist=146.7 active=1/20
[2026-05-08 08:38:35.691] [CrestBattleConvergenceLogic] registered Asgotha's Party on Attacker: 171 agents queued (queue size now 171)
[2026-05-08 08:38:37.669] [CrestBattleConvergenceLogic] queued Idrun's Party (Sturgia) team=0 side=Attacker dist=222.7 active=2/20
[2026-05-08 08:38:37.690] [CrestBattleConvergenceLogic] tick-status: now=41.3 pending=5 elapsed=0 closestRemaining=3.0s collectDef=0 collectAtt=1 reservedDef=176 reservedAtt=141
[2026-05-08 08:38:38.727] [CrestBattleConvergenceLogic] registered Idrun's Party on Attacker: 128 agents queued (queue size now 269)
[2026-05-08 08:38:40.663] [CrestBattleConvergenceLogic] queued Apolanea's Party (Sturgia) team=0 side=Attacker dist=222.7 active=3/20
[2026-05-08 08:38:41.741] [CrestBattleConvergenceLogic] registered Apolanea's Party on Attacker: 107 agents queued (queue size now 346)
[2026-05-08 08:38:42.724] [CrestBattleConvergenceLogic] tick-status: now=46.4 pending=4 elapsed=0 closestRemaining=1.0s collectDef=0 collectAtt=0 reservedDef=116 reservedAtt=316
[2026-05-08 08:38:43.688] [CrestBattleConvergenceLogic] queued Raganvad's Party (Sturgia) team=0 side=Attacker dist=222.7 active=4/20
[2026-05-08 08:38:44.763] [CrestBattleConvergenceLogic] registered Raganvad's Party on Attacker: 251 agents queued (queue size now 567)
[2026-05-08 08:38:47.803] [CrestBattleConvergenceLogic] tick-status: now=51.4 pending=2 elapsed=0 closestRemaining=1.9s collectDef=0 collectAtt=0 reservedDef=86 reservedAtt=537
[2026-05-08 08:38:49.753] [CrestBattleConvergenceLogic] queued Vyldur's Party (Sturgia) team=0 side=Attacker dist=223.5 active=5/20
[2026-05-08 08:38:50.852] [CrestBattleConvergenceLogic] registered Vyldur's Party on Attacker: 112 agents queued (queue size now 619)
[2026-05-08 08:38:52.810] [CrestBattleConvergenceLogic] queued Gautgar's Party (Nord) team=0 side=Attacker dist=292.2 active=6/20
[2026-05-08 08:38:52.866] [CrestBattleConvergenceLogic] tick-status: now=56.4 pending=0 elapsed=0 closestRemaining=n/a collectDef=0 collectAtt=1 reservedDef=26 reservedAtt=589
[2026-05-08 08:38:53.910] [CrestBattleConvergenceLogic] registered Gautgar's Party on Attacker: 157 agents queued (queue size now 746)
[2026-05-08 08:38:57.928] [CrestBattleConvergenceLogic] tick-status: now=61.4 pending=0 elapsed=0 closestRemaining=n/a collectDef=0 collectAtt=0 reservedDef=0 reservedAtt=686
[2026-05-08 08:39:03.465] [CrestBattleConvergenceLogic] tick-status: now=66.4 pending=0 elapsed=0 closestRemaining=n/a collectDef=0 collectAtt=0 reservedDef=0 reservedAtt=656
[2026-05-08 08:39:08.474] [CrestBattleConvergenceLogic] tick-status: now=71.4 pending=0 elapsed=0 closestRemaining=n/a collectDef=0 collectAtt=0 reservedDef=0 reservedAtt=596
[2026-05-08 08:39:13.486] [CrestBattleConvergenceLogic] tick-status: now=76.4 pending=0 elapsed=0 closestRemaining=n/a collectDef=0 collectAtt=0 reservedDef=0 reservedAtt=536
[2026-05-08 08:39:18.504] [CrestBattleConvergenceLogic] tick-status: now=81.4 pending=0 elapsed=0 closestRemaining=n/a collectDef=0 collectAtt=0 reservedDef=0 reservedAtt=506
[2026-05-08 08:39:23.686] [CrestBattleConvergenceLogic] tick-status: now=86.4 pending=0 elapsed=0 closestRemaining=n/a collectDef=0 collectAtt=0 reservedDef=0 reservedAtt=446
[2026-05-08 08:39:31.657] [CrestBattleConvergenceLogic] tick-status: now=91.4 pending=0 elapsed=0 closestRemaining=n/a collectDef=0 collectAtt=0 reservedDef=0 reservedAtt=386
[2026-05-08 08:39:36.680] [CrestBattleConvergenceLogic] tick-status: now=96.4 pending=0 elapsed=0 closestRemaining=n/a collectDef=0 collectAtt=0 reservedDef=0 reservedAtt=356
[2026-05-08 08:39:41.698] [CrestBattleConvergenceLogic] tick-status: now=101.4 pending=0 elapsed=0 closestRemaining=n/a collectDef=0 collectAtt=0 reservedDef=0 reservedAtt=296
[2026-05-08 08:39:49.772] [CrestBattleConvergenceLogic] tick-status: now=106.4 pending=0 elapsed=0 closestRemaining=n/a collectDef=0 collectAtt=0 reservedDef=0 reservedAtt=236
[2026-05-08 08:39:54.790] [CrestBattleConvergenceLogic] tick-status: now=111.5 pending=0 elapsed=0 closestRemaining=n/a collectDef=0 collectAtt=0 reservedDef=0 reservedAtt=206
[2026-05-08 08:39:59.809] [CrestBattleConvergenceLogic] tick-status: now=116.5 pending=0 elapsed=0 closestRemaining=n/a collectDef=0 collectAtt=0 reservedDef=0 reservedAtt=146
[2026-05-08 08:40:04.813] [CrestBattleConvergenceLogic] tick-status: now=121.5 pending=0 elapsed=0 closestRemaining=n/a collectDef=0 collectAtt=0 reservedDef=0 reservedAtt=86
[2026-05-08 08:40:09.821] [CrestBattleConvergenceLogic] tick-status: now=126.5 pending=0 elapsed=0 closestRemaining=n/a collectDef=0 collectAtt=0 reservedDef=0 reservedAtt=56
[2026-05-08 08:40:26.406] [CrestBattleConvergenceLogic] party eliminated: Ecarand's Party (Vlandia); defActive=3 attActive=6
[2026-05-08 08:40:29.619] [CrestBattleConvergenceLogic] party eliminated: Adaltrud's Party (Vlandia); defActive=2 attActive=6
[2026-05-08 08:40:46.546] [CrestBattleConvergenceLogic] party eliminated: Servic's Party (Vlandia); defActive=1 attActive=6
[2026-05-08 08:41:18.374] [CrestBattleConvergenceLogic] Y.12d: OnEndMission cleanup done
[2026-05-08 08:41:18.986] [CrestCampaignLogFilter] scope-suppress: IssueQuestLogEntry hidden under scope='Party only'
[2026-05-08 08:44:56.777] [CrestUnblock] processed 264 files in 9ms
[2026-05-08 08:44:56.788] [CrestQuickStart] patched VideoPlaybackState.OnVideoStarted
[2026-05-08 08:44:56.793] [CrestMessageStyle] patched TaleWorlds.Library.InformationManager.DisplayMessage(InformationMessage)
[2026-05-08 08:44:56.793] [CrestFasterTime] registered (master toggle gates per-tick work)
[2026-05-08 08:44:58.753] [CrestMessageStyle] first DisplayMessage probe -- Mission.Current=null, Campaign.Current=null (Game.Current=null, informational only)
[2026-05-08 08:44:59.848] [CrestFasterTime] API resolved: Campaign.SpeedUpMultiplier=ok, SetTimeSpeed(int)=ok, Input.IsKeyPressed=ok
[2026-05-08 08:45:03.539] [CrestPatchSelfTest] GetAllPatchedMethods returned 358 methods
[2026-05-08 08:45:03.554] [CrestPatchSelfTest] OK   UIExtenderEx.WidgetPrefab.LoadFrom (transpiler) — bound by Bannerlord.UIExtenderEx.Patches.WidgetPrefabPatch.WidgetPrefab_LoadFrom_Transpiler on LoadFrom
[2026-05-08 08:45:03.561] [CrestPatchSelfTest] HARD ButterLib.Module.SetInitialModuleScreenAsRootScreen (transpiler) — target method patched, but no patch from Bannerlord.ButterLib.Implementation.MBSubModuleBaseExtended.Patches.ModulePatch (owners: [MCM.UI.Adapter.MCMv5]; declaring types: [MCM.UI.MCMUIAdapterSubModule])
[2026-05-08 08:45:03.562] [CrestPatchSelfTest] HARD ButterLib.Module.FinalizeSubModules (postfix) — no patch found on TaleWorlds.MountAndBlade.Module.FinalizeSubModules (other patched methods on this type: LoadSubModules, InitializeSubModuleBases, ProcessApplicationArguments, SetInitialModuleScreenAsRootScreen)
[2026-05-08 08:45:03.563] [CrestPatchSelfTest] HARD BEW.Managed.ApplicationTick (finalizer) — no patch found on TaleWorlds.DotNet.Managed.ApplicationTick (no methods on this type are patched at all)
[2026-05-08 08:45:03.564] [CrestPatchSelfTest] HARD BEW.Module.OnApplicationTick (finalizer) — no patch found on TaleWorlds.MountAndBlade.Module.OnApplicationTick (other patched methods on this type: LoadSubModules, InitializeSubModuleBases, ProcessApplicationArguments, SetInitialModuleScreenAsRootScreen)
[2026-05-08 08:45:03.566] [CrestPatchSelfTest] HARD BEW.ScreenManager.Tick (finalizer) — no patch found on TaleWorlds.ScreenSystem.ScreenManager.Tick (no methods on this type are patched at all)
[2026-05-08 08:45:03.567] [CrestPatchSelfTest] HARD BEW.ManagedScriptHolder.TickComponents (finalizer) — no patch found on TaleWorlds.Engine.ManagedScriptHolder.TickComponents (no methods on this type are patched at all)
[2026-05-08 08:45:03.568] [CrestPatchSelfTest] HARD BEW.Mission.Tick (finalizer) — no patch found on TaleWorlds.MountAndBlade.Mission.Tick (other patched methods on this type: UpdateSceneTimeSpeed, OnTeamDeployed, OnDeploymentFinished, CanTakeControlOfAgent)
[2026-05-08 08:45:03.575] [CrestPatchSelfTest] SOFT UIExtenderEx.GauntletMovie.Load (conditional prefix) — no patch found on TaleWorlds.GauntletUI.Data.GauntletMovie.Load (other patched methods on this type: LoadMovie)
[2026-05-08 08:45:03.579] [CrestPatchSelfTest] OK   UIExtenderEx.WidgetFactory.GetCustomType (prefix) — bound by Bannerlord.UIExtenderEx.ResourceManager.WidgetFactoryManager.GetCustomTypePrefix on GetCustomType
[2026-05-08 08:45:03.581] [CrestPatchSelfTest] OK   UIExtenderEx.WidgetFactory.CreateBuiltinWidget (prefix) — bound by Bannerlord.UIExtenderEx.ResourceManager.WidgetFactoryManager.CreateBuiltinWidgetPrefix on CreateBuiltinWidget
[2026-05-08 08:45:03.590] [CrestPatchSelfTest] OK   UIExtenderEx.WidgetFactory.GetWidgetTypes (postfix) — bound by Bannerlord.UIExtenderEx.ResourceManager.WidgetFactoryManager.GetWidgetTypesPostfix on GetWidgetTypes
[2026-05-08 08:45:03.591] [CrestPatchSelfTest] OK   UIExtenderEx.WidgetFactory.IsCustomType (prefix) — bound by Bannerlord.UIExtenderEx.ResourceManager.WidgetFactoryManager.IsCustomTypePrefix on IsCustomType
[2026-05-08 08:45:03.594] [CrestPatchSelfTest] OK   UIExtenderEx.WidgetTemplate.CreateWidgets (transpiler, soft) — bound by Bannerlord.UIExtenderEx.ResourceManager.WidgetFactoryManager.BlankTranspiler on CreateWidgets
[2026-05-08 08:45:03.601] [CrestPatchSelfTest] OK   UIExtenderEx.GauntletMovie.LoadMovie (transpiler, soft) — bound by Bannerlord.UIExtenderEx.ResourceManager.WidgetFactoryManager.BlankTranspiler on LoadMovie
[2026-05-08 08:45:03.601] [CrestPatchSelfTest] summary: 7 bound, 7 hard miss, 1 soft miss (of 15 total)
[2026-05-08 08:45:03.609] [CrestCampaignLogFilter] patched CampaignInformationManager.NewLogEntryAdded — 39 classified entry types across 6 buckets
[2026-05-08 08:45:03.619] [CrestCutThroughEveryone] patched cut-through hooks (gated on EnableCutThroughEveryone master toggle)
[2026-05-08 08:45:03.652] [CrestCampaignTweaks] FasterShips bound: TaleWorlds.CampaignSystem.Party.MobileParty.CalculateSpeed (postfix)
[2026-05-08 08:45:03.675] [CrestCampaignTweaks] AchievementsWithMods bound: SandBox.CampaignBehaviors.DumpIntegrityCampaignBehavior.IsGameIntegrityAchieved (postfix)
[2026-05-08 08:45:03.700] [CrestCampaignTweaks] AchievementsDeactivateBlock bound: StoryMode.GameComponents.CampaignBehaviors.AchievementsCampaignBehavior.DeactivateAchievements (prefix)
[2026-05-08 08:45:03.726] [CrestCampaignTweaks] RTSCameraNavalShim bound: RTSCamera.Patch.Naval.Patch_AgentNavalComponent.Prefix_OnTick (prefix)
[2026-05-08 08:45:03.743] [CrestCampaignTweaks] PreventClanDeath bound: TaleWorlds.CampaignSystem.CampaignBehaviors.AgingCampaignBehavior.IsItTimeOfDeath (prefix)
[2026-05-08 08:45:03.753] [CrestCampaignTweaks] PlayerNoFlinch bound: TaleWorlds.MountAndBlade.Mission.RegisterBlow (prefix)
[2026-05-08 08:45:03.770] [CrestCampaignTweaks] NoExecutionPenalty bound: TaleWorlds.CampaignSystem.CampaignBehaviors.CharacterRelationCampaignBehavior.OnHeroKilled (prefix)
[2026-05-08 08:45:03.784] [CrestCampaignTweaks] ClanTournamentExclusion bound: TaleWorlds.CampaignSystem.TournamentGames.FightTournamentGame.CanBeAParticipant (prefix)
[2026-05-08 08:45:03.799] [CrestCampaignTweaks] ClanPartySpeedBonus bound: TaleWorlds.CampaignSystem.Party.MobileParty.CalculateSpeed (postfix)
[2026-05-08 08:45:03.818] [CrestCampaignTweaks] StopPrisonerEscape (daily) bound: TaleWorlds.CampaignSystem.CampaignBehaviors.PrisonerReleaseCampaignBehavior.DailyHeroTick (prefix)
[2026-05-08 08:45:03.833] [CrestCampaignTweaks] StopPrisonerEscape (hourly) bound: TaleWorlds.CampaignSystem.CampaignBehaviors.PrisonerReleaseCampaignBehavior.HourlyPartyTick (prefix)
[2026-05-08 08:45:03.851] [CrestCampaignTweaks] LootCapturedHeroes bound: TaleWorlds.CampaignSystem.MapEvents.MapEvent.LootDefeatedPartyPrisoners (postfix)
[2026-05-08 08:45:03.866] [CrestCampaignTweaks] NoArrowsStuck bound: TaleWorlds.MountAndBlade.Mission.HandleMissileCollisionReaction (postfix)
[2026-05-08 08:45:03.881] [CrestCampaignTweaks] MarriageStaysInClan bound: TaleWorlds.CampaignSystem.GameComponents.DefaultMarriageModel.GetClanAfterMarriage (postfix)
[2026-05-08 08:45:03.895] [CrestCampaignTweaks] PregnancyChanceUncapped bound: TaleWorlds.CampaignSystem.GameComponents.DefaultPregnancyModel.GetDailyChanceOfPregnancyForHero (postfix)
[2026-05-08 08:45:03.909] [CrestCampaignTweaks] UnlockAllSmithingRecipes bound: TaleWorlds.CampaignSystem.CampaignBehaviors.CraftingCampaignBehavior.IsOpened (postfix)
[2026-05-08 08:45:03.924] [CrestCampaignTweaks] LifelongLearning bound: TaleWorlds.CampaignSystem.GameComponents.DefaultCharacterDevelopmentModel.CalculateLearningRate (postfix)
[2026-05-08 08:45:03.938] [CrestCampaignTweaks] TavernCompanions.DailyTick bound: TaleWorlds.CampaignSystem.CampaignBehaviors.CompanionsCampaignBehavior.DailyTick (postfix)
[2026-05-08 08:45:03.952] [CrestCampaignTweaks] TavernCompanions.DesiredCount bound: TaleWorlds.CampaignSystem.CampaignBehaviors.CompanionsCampaignBehavior.get__desiredTotalCompanionCount (postfix)
[2026-05-08 08:45:03.952] [CrestCampaignTweaks] patched campaign tweaks (legacy EnableCampaignTweaks group)
[2026-05-08 08:45:03.982] [CrestBattleSize] patched (always-on; preset count=7, agent cap=2040)
[2026-05-08 08:45:04.005] [CrestTierUnlocker] patched tier caps (gated on EnableTierUnlocker)
[2026-05-08 08:45:11.744] [CrestBattleConvergenceDialogueBehavior] registered rescue-thanks dialogue lines
[2026-05-08 08:45:11.744] [SubModule] Y.12d-feature#128: registered Battle Convergence rescue dialogue behavior
[2026-05-08 08:45:20.087] [CrestCampaignTweaks] AchievementsWithMods: blocked DeactivateAchievements call
[2026-05-08 08:45:50.856] [CrestCompanionHotswap] added swap + select behaviors to mission
[2026-05-08 08:45:50.858] [CrestBattleConvergence] added convergence behavior to mission
[2026-05-08 08:45:50.937] [CrestBattleConvergenceLogic] flat radius (slider mode): 100
[2026-05-08 08:45:50.990] [CrestBattleConvergenceLogic] Y.12d AfterStart: reinforce=True debug=False radius=100 maxPerSide=10 timerset=1000 playerSide=Attacker isPlayerDefender=False missionAgentSpawnLogic=null
[2026-05-08 08:45:54.342] [CrestBattleConvergenceLogic] Y.12d-fix16: ensured 10 custom ally formations (indices 10..19)
[2026-05-08 08:45:54.349] [CrestBattleConvergenceLogic] Y.12d-fix29 team-aware radius: enemyRadius=100 allyRadius=300 (mult x3.0) — distance-filtered 26
[2026-05-08 08:45:54.349] [CrestBattleConvergenceLogic] Y.12d-fix23 stagger: initial=5s cadence=3s -> first lord at +5s, last (idx 10) at +35s
[2026-05-08 08:45:54.349] [CrestBattleConvergenceLogic] Y.12d Stage1: defenderSpawnPositions=3 attackerSpawnPositions=3 partiesSeen=1489 eligibleCandidates=11 neutralRej=53
[2026-05-08 08:45:54.375] [CrestBattleConvergenceLogic] OnMissionTick first call after Stage1: candidates=11
[2026-05-08 08:45:59.323] [CrestBattleConvergenceLogic] tick-status: now=6.7 pending=11 elapsed=1 closestRemaining=3.0s collectDef=0 collectAtt=0 reservedDef=0 reservedAtt=0
[2026-05-08 08:45:59.344] [CrestBattleConvergenceLogic] queued Servic's Party (Vlandia) team=1 side=Defender dist=7.3 active=1/20
[2026-05-08 08:46:00.341] [CrestBattleConvergenceLogic] registered Servic's Party on Defender: 127 agents queued (queue size now 127)
[2026-05-08 08:46:02.319] [CrestBattleConvergenceLogic] queued Adaltrud's Party (Vlandia) team=1 side=Defender dist=43.2 active=2/20
[2026-05-08 08:46:03.342] [CrestBattleConvergenceLogic] registered Adaltrud's Party on Defender: 72 agents queued (queue size now 169)
[2026-05-08 08:46:04.334] [CrestBattleConvergenceLogic] tick-status: now=11.7 pending=9 elapsed=0 closestRemaining=1.0s collectDef=0 collectAtt=0 reservedDef=139 reservedAtt=0
[2026-05-08 08:46:05.326] [CrestBattleConvergenceLogic] queued Ecarand's Party (Vlandia) team=1 side=Defender dist=57.4 active=3/20
[2026-05-08 08:46:06.345] [CrestBattleConvergenceLogic] registered Ecarand's Party on Defender: 74 agents queued (queue size now 213)
[2026-05-08 08:46:08.315] [CrestBattleConvergenceLogic] queued Furnhard's Party (Vlandia) team=1 side=Defender dist=70.9 active=4/20
[2026-05-08 08:46:09.343] [CrestBattleConvergenceLogic] tick-status: now=16.7 pending=7 elapsed=0 closestRemaining=2.0s collectDef=1 collectAtt=0 reservedDef=183 reservedAtt=0
[2026-05-08 08:46:09.361] [CrestBattleConvergenceLogic] registered Furnhard's Party on Defender: 53 agents queued (queue size now 236)
[2026-05-08 08:46:29.132] [CrestBattleConvergenceLogic] queued Asgotha's Party (Nord) team=0 side=Attacker dist=146.7 active=1/20
[2026-05-08 08:46:30.180] [CrestBattleConvergenceLogic] registered Asgotha's Party on Attacker: 171 agents queued (queue size now 171)
[2026-05-08 08:46:32.130] [CrestBattleConvergenceLogic] queued Idrun's Party (Sturgia) team=0 side=Attacker dist=222.7 active=2/20
[2026-05-08 08:46:32.165] [CrestBattleConvergenceLogic] tick-status: now=21.8 pending=5 elapsed=0 closestRemaining=3.0s collectDef=0 collectAtt=1 reservedDef=176 reservedAtt=141
[2026-05-08 08:46:33.193] [CrestBattleConvergenceLogic] registered Idrun's Party on Attacker: 128 agents queued (queue size now 269)
[2026-05-08 08:46:35.133] [CrestBattleConvergenceLogic] queued Apolanea's Party (Sturgia) team=0 side=Attacker dist=222.7 active=3/20
[2026-05-08 08:46:36.213] [CrestBattleConvergenceLogic] registered Apolanea's Party on Attacker: 107 agents queued (queue size now 346)
[2026-05-08 08:46:37.185] [CrestBattleConvergenceLogic] tick-status: now=26.8 pending=4 elapsed=0 closestRemaining=0.9s collectDef=0 collectAtt=0 reservedDef=116 reservedAtt=316
[2026-05-08 08:46:38.150] [CrestBattleConvergenceLogic] queued Raganvad's Party (Sturgia) team=0 side=Attacker dist=222.7 active=4/20
[2026-05-08 08:46:39.219] [CrestBattleConvergenceLogic] registered Raganvad's Party on Attacker: 251 agents queued (queue size now 567)
[2026-05-08 08:46:43.205] [CrestBattleConvergenceLogic] tick-status: now=31.8 pending=2 elapsed=0 closestRemaining=1.9s collectDef=0 collectAtt=0 reservedDef=86 reservedAtt=537
[2026-05-08 08:46:45.164] [CrestBattleConvergenceLogic] queued Vyldur's Party (Sturgia) team=0 side=Attacker dist=223.5 active=5/20
[2026-05-08 08:46:46.240] [CrestBattleConvergenceLogic] registered Vyldur's Party on Attacker: 112 agents queued (queue size now 619)
[2026-05-08 08:46:50.585] [CrestBattleConvergenceLogic] queued Gautgar's Party (Nord) team=0 side=Attacker dist=292.2 active=6/20
[2026-05-08 08:46:50.640] [CrestBattleConvergenceLogic] tick-status: now=36.8 pending=0 elapsed=0 closestRemaining=n/a collectDef=0 collectAtt=1 reservedDef=26 reservedAtt=589
[2026-05-08 08:46:51.669] [CrestBattleConvergenceLogic] registered Gautgar's Party on Attacker: 157 agents queued (queue size now 746)
[2026-05-08 08:46:55.686] [CrestBattleConvergenceLogic] tick-status: now=41.8 pending=0 elapsed=0 closestRemaining=n/a collectDef=0 collectAtt=0 reservedDef=0 reservedAtt=686
[2026-05-08 08:47:00.695] [CrestBattleConvergenceLogic] tick-status: now=46.8 pending=0 elapsed=0 closestRemaining=n/a collectDef=0 collectAtt=0 reservedDef=0 reservedAtt=656
[2026-05-08 08:47:05.702] [CrestBattleConvergenceLogic] tick-status: now=51.8 pending=0 elapsed=0 closestRemaining=n/a collectDef=0 collectAtt=0 reservedDef=0 reservedAtt=596
[2026-05-08 08:47:10.718] [CrestBattleConvergenceLogic] tick-status: now=56.8 pending=0 elapsed=0 closestRemaining=n/a collectDef=0 collectAtt=0 reservedDef=0 reservedAtt=536
[2026-05-08 08:47:15.734] [CrestBattleConvergenceLogic] tick-status: now=61.8 pending=0 elapsed=0 closestRemaining=n/a collectDef=0 collectAtt=0 reservedDef=0 reservedAtt=506
[2026-05-08 08:47:20.767] [CrestBattleConvergenceLogic] tick-status: now=66.8 pending=0 elapsed=0 closestRemaining=n/a collectDef=0 collectAtt=0 reservedDef=0 reservedAtt=446
[2026-05-08 08:47:27.186] [CrestBattleConvergenceLogic] tick-status: now=71.8 pending=0 elapsed=0 closestRemaining=n/a collectDef=0 collectAtt=0 reservedDef=0 reservedAtt=386
[2026-05-08 08:47:33.413] [CrestBattleConvergenceLogic] tick-status: now=76.8 pending=0 elapsed=0 closestRemaining=n/a collectDef=0 collectAtt=0 reservedDef=0 reservedAtt=356
[2026-05-08 08:47:38.582] [CrestBattleConvergenceLogic] tick-status: now=81.8 pending=0 elapsed=0 closestRemaining=n/a collectDef=0 collectAtt=0 reservedDef=0 reservedAtt=296
[2026-05-08 08:47:45.109] [CrestBattleConvergenceLogic] tick-status: now=86.8 pending=0 elapsed=0 closestRemaining=n/a collectDef=0 collectAtt=0 reservedDef=0 reservedAtt=236
[2026-05-08 08:47:50.117] [CrestBattleConvergenceLogic] tick-status: now=91.8 pending=0 elapsed=0 closestRemaining=n/a collectDef=0 collectAtt=0 reservedDef=0 reservedAtt=206
[2026-05-08 08:47:55.126] [CrestBattleConvergenceLogic] tick-status: now=96.8 pending=0 elapsed=0 closestRemaining=n/a collectDef=0 collectAtt=0 reservedDef=0 reservedAtt=146
[2026-05-08 08:48:00.135] [CrestBattleConvergenceLogic] tick-status: now=101.8 pending=0 elapsed=0 closestRemaining=n/a collectDef=0 collectAtt=0 reservedDef=0 reservedAtt=86
[2026-05-08 08:48:05.148] [CrestBattleConvergenceLogic] tick-status: now=106.9 pending=0 elapsed=0 closestRemaining=n/a collectDef=0 collectAtt=0 reservedDef=0 reservedAtt=56
[2026-05-08 08:48:24.909] [CrestBattleConvergenceLogic] party eliminated: Ecarand's Party (Vlandia); defActive=3 attActive=6
[2026-05-08 08:48:30.616] [CrestBattleConvergenceLogic] party eliminated: Adaltrud's Party (Vlandia); defActive=2 attActive=6
[2026-05-08 08:48:45.372] [CrestBattleConvergenceLogic] Y.12d: OnEndMission cleanup done
[2026-05-08 09:01:32.410] [CrestUnblock] processed 265 files in 10ms
[2026-05-08 09:01:32.421] [CrestQuickStart] patched VideoPlaybackState.OnVideoStarted
[2026-05-08 09:01:32.430] [CrestMessageStyle] patched TaleWorlds.Library.InformationManager.DisplayMessage(InformationMessage)
[2026-05-08 09:01:32.430] [CrestFasterTime] registered (master toggle gates per-tick work)
[2026-05-08 09:01:34.321] [CrestMessageStyle] first DisplayMessage probe -- Mission.Current=null, Campaign.Current=null (Game.Current=null, informational only)
[2026-05-08 09:01:35.491] [CrestFasterTime] API resolved: Campaign.SpeedUpMultiplier=ok, SetTimeSpeed(int)=ok, Input.IsKeyPressed=ok
[2026-05-08 09:01:39.088] [CrestPatchSelfTest] GetAllPatchedMethods returned 358 methods
[2026-05-08 09:01:39.102] [CrestPatchSelfTest] OK   UIExtenderEx.WidgetPrefab.LoadFrom (transpiler) — bound by Bannerlord.UIExtenderEx.Patches.WidgetPrefabPatch.WidgetPrefab_LoadFrom_Transpiler on LoadFrom
[2026-05-08 09:01:39.108] [CrestPatchSelfTest] HARD ButterLib.Module.SetInitialModuleScreenAsRootScreen (transpiler) — target method patched, but no patch from Bannerlord.ButterLib.Implementation.MBSubModuleBaseExtended.Patches.ModulePatch (owners: [MCM.UI.Adapter.MCMv5]; declaring types: [MCM.UI.MCMUIAdapterSubModule])
[2026-05-08 09:01:39.109] [CrestPatchSelfTest] HARD ButterLib.Module.FinalizeSubModules (postfix) — no patch found on TaleWorlds.MountAndBlade.Module.FinalizeSubModules (other patched methods on this type: LoadSubModules, InitializeSubModuleBases, ProcessApplicationArguments, SetInitialModuleScreenAsRootScreen)
[2026-05-08 09:01:39.111] [CrestPatchSelfTest] HARD BEW.Managed.ApplicationTick (finalizer) — no patch found on TaleWorlds.DotNet.Managed.ApplicationTick (no methods on this type are patched at all)
[2026-05-08 09:01:39.111] [CrestPatchSelfTest] HARD BEW.Module.OnApplicationTick (finalizer) — no patch found on TaleWorlds.MountAndBlade.Module.OnApplicationTick (other patched methods on this type: LoadSubModules, InitializeSubModuleBases, ProcessApplicationArguments, SetInitialModuleScreenAsRootScreen)
[2026-05-08 09:01:39.114] [CrestPatchSelfTest] HARD BEW.ScreenManager.Tick (finalizer) — no patch found on TaleWorlds.ScreenSystem.ScreenManager.Tick (no methods on this type are patched at all)
[2026-05-08 09:01:39.115] [CrestPatchSelfTest] HARD BEW.ManagedScriptHolder.TickComponents (finalizer) — no patch found on TaleWorlds.Engine.ManagedScriptHolder.TickComponents (no methods on this type are patched at all)
[2026-05-08 09:01:39.115] [CrestPatchSelfTest] HARD BEW.Mission.Tick (finalizer) — no patch found on TaleWorlds.MountAndBlade.Mission.Tick (other patched methods on this type: UpdateSceneTimeSpeed, OnTeamDeployed, OnDeploymentFinished, CanTakeControlOfAgent)
[2026-05-08 09:01:39.121] [CrestPatchSelfTest] SOFT UIExtenderEx.GauntletMovie.Load (conditional prefix) — no patch found on TaleWorlds.GauntletUI.Data.GauntletMovie.Load (other patched methods on this type: LoadMovie)
[2026-05-08 09:01:39.127] [CrestPatchSelfTest] OK   UIExtenderEx.WidgetFactory.GetCustomType (prefix) — bound by Bannerlord.UIExtenderEx.ResourceManager.WidgetFactoryManager.GetCustomTypePrefix on GetCustomType
[2026-05-08 09:01:39.128] [CrestPatchSelfTest] OK   UIExtenderEx.WidgetFactory.CreateBuiltinWidget (prefix) — bound by Bannerlord.UIExtenderEx.ResourceManager.WidgetFactoryManager.CreateBuiltinWidgetPrefix on CreateBuiltinWidget
[2026-05-08 09:01:39.134] [CrestPatchSelfTest] OK   UIExtenderEx.WidgetFactory.GetWidgetTypes (postfix) — bound by Bannerlord.UIExtenderEx.ResourceManager.WidgetFactoryManager.GetWidgetTypesPostfix on GetWidgetTypes
[2026-05-08 09:01:39.139] [CrestPatchSelfTest] OK   UIExtenderEx.WidgetFactory.IsCustomType (prefix) — bound by Bannerlord.UIExtenderEx.ResourceManager.WidgetFactoryManager.IsCustomTypePrefix on IsCustomType
[2026-05-08 09:01:39.140] [CrestPatchSelfTest] OK   UIExtenderEx.WidgetTemplate.CreateWidgets (transpiler, soft) — bound by Bannerlord.UIExtenderEx.ResourceManager.WidgetFactoryManager.BlankTranspiler on CreateWidgets
[2026-05-08 09:01:39.149] [CrestPatchSelfTest] OK   UIExtenderEx.GauntletMovie.LoadMovie (transpiler, soft) — bound by Bannerlord.UIExtenderEx.ResourceManager.WidgetFactoryManager.BlankTranspiler on LoadMovie
[2026-05-08 09:01:39.149] [CrestPatchSelfTest] summary: 7 bound, 7 hard miss, 1 soft miss (of 15 total)
[2026-05-08 09:01:39.157] [CrestCampaignLogFilter] patched CampaignInformationManager.NewLogEntryAdded — 39 classified entry types across 6 buckets
[2026-05-08 09:01:39.157] [CrestCutThroughEveryone] master toggle OFF at startup -- not binding patches (toggle on + restart to enable)
[2026-05-08 09:01:39.190] [CrestCampaignTweaks] FasterShips bound: TaleWorlds.CampaignSystem.Party.MobileParty.CalculateSpeed (postfix)
[2026-05-08 09:01:39.213] [CrestCampaignTweaks] AchievementsWithMods bound: SandBox.CampaignBehaviors.DumpIntegrityCampaignBehavior.IsGameIntegrityAchieved (postfix)
[2026-05-08 09:01:39.239] [CrestCampaignTweaks] AchievementsDeactivateBlock bound: StoryMode.GameComponents.CampaignBehaviors.AchievementsCampaignBehavior.DeactivateAchievements (prefix)
[2026-05-08 09:01:39.265] [CrestCampaignTweaks] RTSCameraNavalShim bound: RTSCamera.Patch.Naval.Patch_AgentNavalComponent.Prefix_OnTick (prefix)
[2026-05-08 09:01:39.281] [CrestCampaignTweaks] PreventClanDeath bound: TaleWorlds.CampaignSystem.CampaignBehaviors.AgingCampaignBehavior.IsItTimeOfDeath (prefix)
[2026-05-08 09:01:39.291] [CrestCampaignTweaks] PlayerNoFlinch bound: TaleWorlds.MountAndBlade.Mission.RegisterBlow (prefix)
[2026-05-08 09:01:39.305] [CrestCampaignTweaks] NoExecutionPenalty bound: TaleWorlds.CampaignSystem.CampaignBehaviors.CharacterRelationCampaignBehavior.OnHeroKilled (prefix)
[2026-05-08 09:01:39.320] [CrestCampaignTweaks] ClanTournamentExclusion bound: TaleWorlds.CampaignSystem.TournamentGames.FightTournamentGame.CanBeAParticipant (prefix)
[2026-05-08 09:01:39.335] [CrestCampaignTweaks] ClanPartySpeedBonus bound: TaleWorlds.CampaignSystem.Party.MobileParty.CalculateSpeed (postfix)
[2026-05-08 09:01:39.352] [CrestCampaignTweaks] StopPrisonerEscape (daily) bound: TaleWorlds.CampaignSystem.CampaignBehaviors.PrisonerReleaseCampaignBehavior.DailyHeroTick (prefix)
[2026-05-08 09:01:39.368] [CrestCampaignTweaks] StopPrisonerEscape (hourly) bound: TaleWorlds.CampaignSystem.CampaignBehaviors.PrisonerReleaseCampaignBehavior.HourlyPartyTick (prefix)
[2026-05-08 09:01:39.385] [CrestCampaignTweaks] LootCapturedHeroes bound: TaleWorlds.CampaignSystem.MapEvents.MapEvent.LootDefeatedPartyPrisoners (postfix)
[2026-05-08 09:01:39.400] [CrestCampaignTweaks] NoArrowsStuck bound: TaleWorlds.MountAndBlade.Mission.HandleMissileCollisionReaction (postfix)
[2026-05-08 09:01:39.414] [CrestCampaignTweaks] MarriageStaysInClan bound: TaleWorlds.CampaignSystem.GameComponents.DefaultMarriageModel.GetClanAfterMarriage (postfix)
[2026-05-08 09:01:39.429] [CrestCampaignTweaks] PregnancyChanceUncapped bound: TaleWorlds.CampaignSystem.GameComponents.DefaultPregnancyModel.GetDailyChanceOfPregnancyForHero (postfix)
[2026-05-08 09:01:39.443] [CrestCampaignTweaks] UnlockAllSmithingRecipes bound: TaleWorlds.CampaignSystem.CampaignBehaviors.CraftingCampaignBehavior.IsOpened (postfix)
[2026-05-08 09:01:39.458] [CrestCampaignTweaks] LifelongLearning bound: TaleWorlds.CampaignSystem.GameComponents.DefaultCharacterDevelopmentModel.CalculateLearningRate (postfix)
[2026-05-08 09:01:39.471] [CrestCampaignTweaks] TavernCompanions.DailyTick bound: TaleWorlds.CampaignSystem.CampaignBehaviors.CompanionsCampaignBehavior.DailyTick (postfix)
[2026-05-08 09:01:39.484] [CrestCampaignTweaks] TavernCompanions.DesiredCount bound: TaleWorlds.CampaignSystem.CampaignBehaviors.CompanionsCampaignBehavior.get__desiredTotalCompanionCount (postfix)
[2026-05-08 09:01:39.484] [CrestCampaignTweaks] patched campaign tweaks (legacy EnableCampaignTweaks group)
[2026-05-08 09:01:39.512] [CrestBattleSize] patched (always-on; preset count=7, agent cap=2040)
[2026-05-08 09:01:39.536] [CrestTierUnlocker] patched tier caps (gated on EnableTierUnlocker)
[2026-05-08 09:01:55.557] [CrestBattleConvergenceDialogueBehavior] registered rescue-thanks dialogue lines
[2026-05-08 09:01:55.557] [SubModule] Y.12d-feature#128: registered Battle Convergence rescue dialogue behavior
[2026-05-08 09:02:03.817] [CrestCampaignTweaks] AchievementsWithMods: blocked DeactivateAchievements call
[2026-05-08 09:02:16.046] [CrestCompanionHotswap] added swap + select behaviors to mission
[2026-05-08 09:02:16.048] [CrestBattleConvergence] added convergence behavior to mission
[2026-05-08 09:02:16.123] [CrestBattleConvergenceLogic] flat radius (slider mode): 100
[2026-05-08 09:02:16.179] [CrestBattleConvergenceLogic] Y.12d AfterStart: reinforce=True debug=False radius=100 maxPerSide=20 timerset=1000 playerSide=Attacker isPlayerDefender=False missionAgentSpawnLogic=null
[2026-05-08 09:02:25.452] [CrestBattleConvergenceLogic] Y.12d-fix16: ensured 20 custom ally formations (indices 10..29)
[2026-05-08 09:02:25.458] [CrestBattleConvergenceLogic] Y.12d-fix29 team-aware radius: enemyRadius=100 allyRadius=700 (mult x7.0) — distance-filtered 14
[2026-05-08 09:02:25.458] [CrestBattleConvergenceLogic] Y.12d-fix23 stagger: initial=5s cadence=3s -> first lord at +5s, last (idx 22) at +71s
[2026-05-08 09:02:25.458] [CrestBattleConvergenceLogic] Y.12d Stage1: defenderSpawnPositions=3 attackerSpawnPositions=3 partiesSeen=1489 eligibleCandidates=23 neutralRej=53
[2026-05-08 09:02:25.485] [CrestBattleConvergenceLogic] OnMissionTick first call after Stage1: candidates=23
[2026-05-08 09:02:27.092] [CrestBattleConvergenceLogic] tick-status: now=12.8 pending=23 elapsed=1 closestRemaining=3.0s collectDef=0 collectAtt=0 reservedDef=0 reservedAtt=0
[2026-05-08 09:02:27.114] [CrestBattleConvergenceLogic] queued Servic's Party (Vlandia) team=1 side=Defender dist=7.3 active=1/20
[2026-05-08 09:02:27.438] [CrestBattleConvergenceLogic] registered Servic's Party on Defender: 127 agents queued (queue size now 127)
[2026-05-08 09:02:28.096] [CrestBattleConvergenceLogic] queued Adaltrud's Party (Vlandia) team=1 side=Defender dist=43.2 active=2/20
[2026-05-08 09:02:28.443] [CrestBattleConvergenceLogic] registered Adaltrud's Party on Defender: 72 agents queued (queue size now 169)
[2026-05-08 09:02:28.759] [CrestBattleConvergenceLogic] tick-status: now=17.8 pending=21 elapsed=0 closestRemaining=1.0s collectDef=0 collectAtt=0 reservedDef=139 reservedAtt=0
[2026-05-08 09:02:29.102] [CrestBattleConvergenceLogic] queued Ecarand's Party (Vlandia) team=1 side=Defender dist=57.4 active=3/20
[2026-05-08 09:02:29.450] [CrestBattleConvergenceLogic] registered Ecarand's Party on Defender: 74 agents queued (queue size now 213)
[2026-05-08 09:02:30.092] [CrestBattleConvergenceLogic] queued Furnhard's Party (Vlandia) team=1 side=Defender dist=70.9 active=4/20
[2026-05-08 09:02:30.440] [CrestBattleConvergenceLogic] tick-status: now=22.8 pending=19 elapsed=0 closestRemaining=1.9s collectDef=1 collectAtt=0 reservedDef=183 reservedAtt=0
[2026-05-08 09:02:30.465] [CrestBattleConvergenceLogic] registered Furnhard's Party on Defender: 53 agents queued (queue size now 236)
[2026-05-08 09:02:31.107] [CrestBattleConvergenceLogic] queued Asgotha's Party (Nord) team=0 side=Attacker dist=146.7 active=1/20
[2026-05-08 09:02:31.634] [CrestBattleConvergenceLogic] registered Asgotha's Party on Attacker: 171 agents queued (queue size now 171)
[2026-05-08 09:02:33.488] [CrestBattleConvergenceLogic] queued Idrun's Party (Sturgia) team=0 side=Attacker dist=222.7 active=2/20
[2026-05-08 09:02:33.554] [CrestBattleConvergenceLogic] tick-status: now=27.8 pending=17 elapsed=0 closestRemaining=2.9s collectDef=0 collectAtt=1 reservedDef=176 reservedAtt=141
[2026-05-08 09:02:34.643] [CrestBattleConvergenceLogic] registered Idrun's Party on Attacker: 128 agents queued (queue size now 269)
[2026-05-08 09:02:36.505] [CrestBattleConvergenceLogic] queued Apolanea's Party (Sturgia) team=0 side=Attacker dist=222.7 active=3/20
[2026-05-08 09:02:37.652] [CrestBattleConvergenceLogic] registered Apolanea's Party on Attacker: 107 agents queued (queue size now 346)
[2026-05-08 09:02:39.194] [CrestBattleConvergenceLogic] tick-status: now=32.8 pending=16 elapsed=0 closestRemaining=0.9s collectDef=0 collectAtt=0 reservedDef=116 reservedAtt=316
[2026-05-08 09:02:40.121] [CrestBattleConvergenceLogic] queued Vidar's Party (Sturgia) team=0 side=Attacker dist=222.7 active=4/20
[2026-05-08 09:02:41.284] [CrestBattleConvergenceLogic] registered Vidar's Party on Attacker: 117 agents queued (queue size now 433)
[2026-05-08 09:02:43.161] [CrestBattleConvergenceLogic] queued Raganvad's Party (Sturgia) team=0 side=Attacker dist=222.7 active=5/20
[2026-05-08 09:02:44.235] [CrestBattleConvergenceLogic] tick-status: now=37.8 pending=14 elapsed=0 closestRemaining=1.9s collectDef=0 collectAtt=1 reservedDef=86 reservedAtt=403
[2026-05-08 09:02:44.323] [CrestBattleConvergenceLogic] registered Raganvad's Party on Attacker: 251 agents queued (queue size now 654)
[2026-05-08 09:02:46.161] [CrestBattleConvergenceLogic] queued Vyldur's Party (Sturgia) team=0 side=Attacker dist=223.5 active=6/20
[2026-05-08 09:02:47.335] [CrestBattleConvergenceLogic] registered Vyldur's Party on Attacker: 112 agents queued (queue size now 736)
[2026-05-08 09:02:49.219] [CrestBattleConvergenceLogic] queued Gautgar's Party (Nord) team=0 side=Attacker dist=292.2 active=7/20
[2026-05-08 09:02:49.306] [CrestBattleConvergenceLogic] tick-status: now=42.8 pending=12 elapsed=0 closestRemaining=2.9s collectDef=0 collectAtt=1 reservedDef=26 reservedAtt=706
[2026-05-08 09:02:50.406] [CrestBattleConvergenceLogic] registered Gautgar's Party on Attacker: 157 agents queued (queue size now 863)
[2026-05-08 09:02:52.246] [CrestBattleConvergenceLogic] queued Agrynja's Party (Nord) team=0 side=Attacker dist=317.4 active=8/20
[2026-05-08 09:02:53.428] [CrestBattleConvergenceLogic] registered Agrynja's Party on Attacker: 106 agents queued (queue size now 939)
[2026-05-08 09:02:54.358] [CrestBattleConvergenceLogic] tick-status: now=47.8 pending=11 elapsed=0 closestRemaining=0.9s collectDef=0 collectAtt=0 reservedDef=0 reservedAtt=909
[2026-05-08 09:02:55.263] [CrestBattleConvergenceLogic] queued Mimir's Party (Sturgia) team=0 side=Attacker dist=327.1 active=9/20
[2026-05-08 09:02:56.465] [CrestBattleConvergenceLogic] registered Mimir's Party on Attacker: 134 agents queued (queue size now 1043)
[2026-05-08 09:02:58.280] [CrestBattleConvergenceLogic] queued Grykka's Party (Nord) team=0 side=Attacker dist=329.6 active=10/20
[2026-05-08 09:02:59.378] [CrestBattleConvergenceLogic] tick-status: now=52.8 pending=9 elapsed=0 closestRemaining=1.9s collectDef=0 collectAtt=1 reservedDef=0 reservedAtt=1013
[2026-05-08 09:02:59.486] [CrestBattleConvergenceLogic] registered Grykka's Party on Attacker: 161 agents queued (queue size now 1174)
[2026-05-08 09:03:01.266] [CrestBattleConvergenceLogic] queued Fafen's Party (Sturgia) team=0 side=Attacker dist=350.5 active=11/20
[2026-05-08 09:03:02.495] [CrestBattleConvergenceLogic] registered Fafen's Party on Attacker: 97 agents queued (queue size now 1241)
[2026-05-08 09:03:04.275] [CrestBattleConvergenceLogic] queued Yorig's Party (Sturgia) team=0 side=Attacker dist=350.5 active=12/20
[2026-05-08 09:03:04.387] [CrestBattleConvergenceLogic] tick-status: now=57.9 pending=7 elapsed=0 closestRemaining=2.9s collectDef=0 collectAtt=1 reservedDef=0 reservedAtt=1211
[2026-05-08 09:03:05.553] [CrestBattleConvergenceLogic] registered Yorig's Party on Attacker: 107 agents queued (queue size now 1318)
[2026-05-08 09:03:07.321] [CrestBattleConvergenceLogic] queued Galden's Party (Sturgia) team=0 side=Attacker dist=350.5 active=13/20
[2026-05-08 09:03:08.564] [CrestBattleConvergenceLogic] registered Galden's Party on Attacker: 68 agents queued (queue size now 1356)
[2026-05-08 09:03:09.445] [CrestBattleConvergenceLogic] tick-status: now=62.9 pending=6 elapsed=0 closestRemaining=0.9s collectDef=0 collectAtt=0 reservedDef=0 reservedAtt=1326
[2026-05-08 09:03:10.321] [CrestBattleConvergenceLogic] queued Gafnir's Party (Nord) team=0 side=Attacker dist=380.9 active=14/20
[2026-05-08 09:03:11.574] [CrestBattleConvergenceLogic] registered Gafnir's Party on Attacker: 114 agents queued (queue size now 1440)
[2026-05-08 09:03:13.315] [CrestBattleConvergenceLogic] queued Vashorki's Party (Sturgia) team=0 side=Attacker dist=391.7 active=15/20
[2026-05-08 09:03:14.456] [CrestBattleConvergenceLogic] tick-status: now=67.9 pending=4 elapsed=0 closestRemaining=1.9s collectDef=0 collectAtt=1 reservedDef=0 reservedAtt=1410
[2026-05-08 09:03:14.583] [CrestBattleConvergenceLogic] registered Vashorki's Party on Attacker: 137 agents queued (queue size now 1547)
[2026-05-08 09:03:16.316] [CrestBattleConvergenceLogic] queued Ratagost's Party (Sturgia) team=0 side=Attacker dist=398.0 active=16/20
[2026-05-08 09:03:17.591] [CrestBattleConvergenceLogic] registered Ratagost's Party on Attacker: 84 agents queued (queue size now 1601)
[2026-05-08 09:03:19.325] [CrestBattleConvergenceLogic] queued Erta's Party (Sturgia) team=0 side=Attacker dist=439.5 active=17/20
[2026-05-08 09:03:19.467] [CrestBattleConvergenceLogic] tick-status: now=72.9 pending=2 elapsed=0 closestRemaining=2.8s collectDef=0 collectAtt=1 reservedDef=0 reservedAtt=1571
[2026-05-08 09:03:20.596] [CrestBattleConvergenceLogic] registered Erta's Party on Attacker: 130 agents queued (queue size now 1701)
[2026-05-08 09:03:22.327] [CrestBattleConvergenceLogic] queued Valkava's Party (Sturgia) team=0 side=Attacker dist=447.2 active=18/20
[2026-05-08 09:03:23.604] [CrestBattleConvergenceLogic] registered Valkava's Party on Attacker: 127 agents queued (queue size now 1798)
[2026-05-08 09:03:24.469] [CrestBattleConvergenceLogic] tick-status: now=77.9 pending=1 elapsed=0 closestRemaining=0.8s collectDef=0 collectAtt=0 reservedDef=0 reservedAtt=1768
[2026-05-08 09:03:25.332] [CrestBattleConvergenceLogic] queued Godun's Party (Sturgia) team=0 side=Attacker dist=448.8 active=19/20
[2026-05-08 09:03:26.612] [CrestBattleConvergenceLogic] registered Godun's Party on Attacker: 141 agents queued (queue size now 1909)
[2026-05-08 09:03:29.481] [CrestBattleConvergenceLogic] tick-status: now=82.9 pending=0 elapsed=0 closestRemaining=n/a collectDef=0 collectAtt=0 reservedDef=0 reservedAtt=1879
[2026-05-08 09:03:34.484] [CrestBattleConvergenceLogic] tick-status: now=87.9 pending=0 elapsed=0 closestRemaining=n/a collectDef=0 collectAtt=0 reservedDef=0 reservedAtt=1819
[2026-05-08 09:03:39.495] [CrestBattleConvergenceLogic] tick-status: now=92.9 pending=0 elapsed=0 closestRemaining=n/a collectDef=0 collectAtt=0 reservedDef=0 reservedAtt=1759
[2026-05-08 09:03:44.505] [CrestBattleConvergenceLogic] tick-status: now=97.9 pending=0 elapsed=0 closestRemaining=n/a collectDef=0 collectAtt=0 reservedDef=0 reservedAtt=1729
[2026-05-08 09:03:49.515] [CrestBattleConvergenceLogic] tick-status: now=102.9 pending=0 elapsed=0 closestRemaining=n/a collectDef=0 collectAtt=0 reservedDef=0 reservedAtt=1669
[2026-05-08 09:03:54.523] [CrestBattleConvergenceLogic] tick-status: now=107.9 pending=0 elapsed=0 closestRemaining=n/a collectDef=0 collectAtt=0 reservedDef=0 reservedAtt=1609
[2026-05-08 09:03:59.525] [CrestBattleConvergenceLogic] tick-status: now=112.9 pending=0 elapsed=0 closestRemaining=n/a collectDef=0 collectAtt=0 reservedDef=0 reservedAtt=1579
[2026-05-08 09:04:04.533] [CrestBattleConvergenceLogic] tick-status: now=117.9 pending=0 elapsed=0 closestRemaining=n/a collectDef=0 collectAtt=0 reservedDef=0 reservedAtt=1519
[2026-05-08 09:04:08.338] [CrestBattleConvergenceLogic] Y.12d: OnEndMission cleanup done
[2026-05-08 09:12:38.306] [CrestUnblock] processed 265 files in 8ms
[2026-05-08 09:12:38.318] [CrestQuickStart] patched VideoPlaybackState.OnVideoStarted
[2026-05-08 09:12:38.327] [CrestMessageStyle] patched TaleWorlds.Library.InformationManager.DisplayMessage(InformationMessage)
[2026-05-08 09:12:38.327] [CrestFasterTime] registered (master toggle gates per-tick work)
[2026-05-08 09:12:40.234] [CrestMessageStyle] first DisplayMessage probe -- Mission.Current=null, Campaign.Current=null (Game.Current=null, informational only)
[2026-05-08 09:12:41.386] [CrestFasterTime] API resolved: Campaign.SpeedUpMultiplier=ok, SetTimeSpeed(int)=ok, Input.IsKeyPressed=ok
[2026-05-08 09:12:45.012] [CrestPatchSelfTest] GetAllPatchedMethods returned 358 methods
[2026-05-08 09:12:45.026] [CrestPatchSelfTest] OK   UIExtenderEx.WidgetPrefab.LoadFrom (transpiler) — bound by Bannerlord.UIExtenderEx.Patches.WidgetPrefabPatch.WidgetPrefab_LoadFrom_Transpiler on LoadFrom
[2026-05-08 09:12:45.033] [CrestPatchSelfTest] HARD ButterLib.Module.SetInitialModuleScreenAsRootScreen (transpiler) — target method patched, but no patch from Bannerlord.ButterLib.Implementation.MBSubModuleBaseExtended.Patches.ModulePatch (owners: [MCM.UI.Adapter.MCMv5]; declaring types: [MCM.UI.MCMUIAdapterSubModule])
[2026-05-08 09:12:45.034] [CrestPatchSelfTest] HARD ButterLib.Module.FinalizeSubModules (postfix) — no patch found on TaleWorlds.MountAndBlade.Module.FinalizeSubModules (other patched methods on this type: LoadSubModules, InitializeSubModuleBases, ProcessApplicationArguments, SetInitialModuleScreenAsRootScreen)
[2026-05-08 09:12:45.034] [CrestPatchSelfTest] HARD BEW.Managed.ApplicationTick (finalizer) — no patch found on TaleWorlds.DotNet.Managed.ApplicationTick (no methods on this type are patched at all)
[2026-05-08 09:12:45.036] [CrestPatchSelfTest] HARD BEW.Module.OnApplicationTick (finalizer) — no patch found on TaleWorlds.MountAndBlade.Module.OnApplicationTick (other patched methods on this type: LoadSubModules, InitializeSubModuleBases, ProcessApplicationArguments, SetInitialModuleScreenAsRootScreen)
[2026-05-08 09:12:45.038] [CrestPatchSelfTest] HARD BEW.ScreenManager.Tick (finalizer) — no patch found on TaleWorlds.ScreenSystem.ScreenManager.Tick (no methods on this type are patched at all)
[2026-05-08 09:12:45.039] [CrestPatchSelfTest] HARD BEW.ManagedScriptHolder.TickComponents (finalizer) — no patch found on TaleWorlds.Engine.ManagedScriptHolder.TickComponents (no methods on this type are patched at all)
[2026-05-08 09:12:45.040] [CrestPatchSelfTest] HARD BEW.Mission.Tick (finalizer) — no patch found on TaleWorlds.MountAndBlade.Mission.Tick (other patched methods on this type: UpdateSceneTimeSpeed, OnTeamDeployed, OnDeploymentFinished, CanTakeControlOfAgent)
[2026-05-08 09:12:45.047] [CrestPatchSelfTest] SOFT UIExtenderEx.GauntletMovie.Load (conditional prefix) — no patch found on TaleWorlds.GauntletUI.Data.GauntletMovie.Load (other patched methods on this type: LoadMovie)
[2026-05-08 09:12:45.052] [CrestPatchSelfTest] OK   UIExtenderEx.WidgetFactory.GetCustomType (prefix) — bound by Bannerlord.UIExtenderEx.ResourceManager.WidgetFactoryManager.GetCustomTypePrefix on GetCustomType
[2026-05-08 09:12:45.053] [CrestPatchSelfTest] OK   UIExtenderEx.WidgetFactory.CreateBuiltinWidget (prefix) — bound by Bannerlord.UIExtenderEx.ResourceManager.WidgetFactoryManager.CreateBuiltinWidgetPrefix on CreateBuiltinWidget
[2026-05-08 09:12:45.060] [CrestPatchSelfTest] OK   UIExtenderEx.WidgetFactory.GetWidgetTypes (postfix) — bound by Bannerlord.UIExtenderEx.ResourceManager.WidgetFactoryManager.GetWidgetTypesPostfix on GetWidgetTypes
[2026-05-08 09:12:45.063] [CrestPatchSelfTest] OK   UIExtenderEx.WidgetFactory.IsCustomType (prefix) — bound by Bannerlord.UIExtenderEx.ResourceManager.WidgetFactoryManager.IsCustomTypePrefix on IsCustomType
[2026-05-08 09:12:45.066] [CrestPatchSelfTest] OK   UIExtenderEx.WidgetTemplate.CreateWidgets (transpiler, soft) — bound by Bannerlord.UIExtenderEx.ResourceManager.WidgetFactoryManager.BlankTranspiler on CreateWidgets
[2026-05-08 09:12:45.073] [CrestPatchSelfTest] OK   UIExtenderEx.GauntletMovie.LoadMovie (transpiler, soft) — bound by Bannerlord.UIExtenderEx.ResourceManager.WidgetFactoryManager.BlankTranspiler on LoadMovie
[2026-05-08 09:12:45.073] [CrestPatchSelfTest] summary: 7 bound, 7 hard miss, 1 soft miss (of 15 total)
[2026-05-08 09:12:45.080] [CrestCampaignLogFilter] patched CampaignInformationManager.NewLogEntryAdded — 39 classified entry types across 6 buckets
[2026-05-08 09:12:45.081] [CrestCutThroughEveryone] master toggle OFF at startup -- not binding patches (toggle on + restart to enable)
[2026-05-08 09:12:45.113] [CrestCampaignTweaks] FasterShips bound: TaleWorlds.CampaignSystem.Party.MobileParty.CalculateSpeed (postfix)
[2026-05-08 09:12:45.136] [CrestCampaignTweaks] AchievementsWithMods bound: SandBox.CampaignBehaviors.DumpIntegrityCampaignBehavior.IsGameIntegrityAchieved (postfix)
[2026-05-08 09:12:45.161] [CrestCampaignTweaks] AchievementsDeactivateBlock bound: StoryMode.GameComponents.CampaignBehaviors.AchievementsCampaignBehavior.DeactivateAchievements (prefix)
[2026-05-08 09:12:45.187] [CrestCampaignTweaks] RTSCameraNavalShim bound: RTSCamera.Patch.Naval.Patch_AgentNavalComponent.Prefix_OnTick (prefix)
[2026-05-08 09:12:45.203] [CrestCampaignTweaks] PreventClanDeath bound: TaleWorlds.CampaignSystem.CampaignBehaviors.AgingCampaignBehavior.IsItTimeOfDeath (prefix)
[2026-05-08 09:12:45.213] [CrestCampaignTweaks] PlayerNoFlinch bound: TaleWorlds.MountAndBlade.Mission.RegisterBlow (prefix)
[2026-05-08 09:12:45.226] [CrestCampaignTweaks] NoExecutionPenalty bound: TaleWorlds.CampaignSystem.CampaignBehaviors.CharacterRelationCampaignBehavior.OnHeroKilled (prefix)
[2026-05-08 09:12:45.240] [CrestCampaignTweaks] ClanTournamentExclusion bound: TaleWorlds.CampaignSystem.TournamentGames.FightTournamentGame.CanBeAParticipant (prefix)
[2026-05-08 09:12:45.256] [CrestCampaignTweaks] ClanPartySpeedBonus bound: TaleWorlds.CampaignSystem.Party.MobileParty.CalculateSpeed (postfix)
[2026-05-08 09:12:45.273] [CrestCampaignTweaks] StopPrisonerEscape (daily) bound: TaleWorlds.CampaignSystem.CampaignBehaviors.PrisonerReleaseCampaignBehavior.DailyHeroTick (prefix)
[2026-05-08 09:12:45.290] [CrestCampaignTweaks] StopPrisonerEscape (hourly) bound: TaleWorlds.CampaignSystem.CampaignBehaviors.PrisonerReleaseCampaignBehavior.HourlyPartyTick (prefix)
[2026-05-08 09:12:45.307] [CrestCampaignTweaks] LootCapturedHeroes bound: TaleWorlds.CampaignSystem.MapEvents.MapEvent.LootDefeatedPartyPrisoners (postfix)
[2026-05-08 09:12:45.322] [CrestCampaignTweaks] NoArrowsStuck bound: TaleWorlds.MountAndBlade.Mission.HandleMissileCollisionReaction (postfix)
[2026-05-08 09:12:45.337] [CrestCampaignTweaks] MarriageStaysInClan bound: TaleWorlds.CampaignSystem.GameComponents.DefaultMarriageModel.GetClanAfterMarriage (postfix)
[2026-05-08 09:12:45.352] [CrestCampaignTweaks] PregnancyChanceUncapped bound: TaleWorlds.CampaignSystem.GameComponents.DefaultPregnancyModel.GetDailyChanceOfPregnancyForHero (postfix)
[2026-05-08 09:12:45.366] [CrestCampaignTweaks] UnlockAllSmithingRecipes bound: TaleWorlds.CampaignSystem.CampaignBehaviors.CraftingCampaignBehavior.IsOpened (postfix)
[2026-05-08 09:12:45.381] [CrestCampaignTweaks] LifelongLearning bound: TaleWorlds.CampaignSystem.GameComponents.DefaultCharacterDevelopmentModel.CalculateLearningRate (postfix)
[2026-05-08 09:12:45.395] [CrestCampaignTweaks] TavernCompanions.DailyTick bound: TaleWorlds.CampaignSystem.CampaignBehaviors.CompanionsCampaignBehavior.DailyTick (postfix)
[2026-05-08 09:12:45.408] [CrestCampaignTweaks] TavernCompanions.DesiredCount bound: TaleWorlds.CampaignSystem.CampaignBehaviors.CompanionsCampaignBehavior.get__desiredTotalCompanionCount (postfix)
[2026-05-08 09:12:45.408] [CrestCampaignTweaks] patched campaign tweaks (legacy EnableCampaignTweaks group)
[2026-05-08 09:12:45.436] [CrestBattleSize] patched (always-on; preset count=7, agent cap=2040)
[2026-05-08 09:12:45.458] [CrestTierUnlocker] patched tier caps (gated on EnableTierUnlocker)
[2026-05-08 09:12:50.182] [CrestBattleConvergenceDialogueBehavior] registered rescue-thanks dialogue lines
[2026-05-08 09:12:50.182] [SubModule] Y.12d-feature#128: registered Battle Convergence rescue dialogue behavior
[2026-05-08 09:12:58.390] [CrestCampaignTweaks] AchievementsWithMods: blocked DeactivateAchievements call
[2026-05-08 09:13:03.427] [CrestCompanionHotswap] added swap + select behaviors to mission
[2026-05-08 09:13:03.429] [CrestBattleConvergence] added convergence behavior to mission
[2026-05-08 09:13:03.502] [CrestBattleConvergenceLogic] flat radius (slider mode): 100
[2026-05-08 09:13:03.550] [CrestBattleConvergenceLogic] Y.12d AfterStart: reinforce=True debug=False radius=100 maxPerSide=10 timerset=1000 playerSide=Attacker isPlayerDefender=False missionAgentSpawnLogic=null
[2026-05-08 09:13:09.380] [CrestBattleConvergenceLogic] Y.12d-fix16: ensured 10 custom ally formations (indices 10..19)
[2026-05-08 09:13:09.387] [CrestBattleConvergenceLogic] Cinema-fix-C symmetric radius: bothSidesRadius=700 (mult x7.0) â€” distance-filtered 0
[2026-05-08 09:13:09.387] [CrestBattleConvergenceLogic] Y.12d-fix23 stagger: initial=5s cadence=3s -> first lord at +5s, last (idx 36) at +113s
[2026-05-08 09:13:09.387] [CrestBattleConvergenceLogic] Y.12d Stage1: defenderSpawnPositions=3 attackerSpawnPositions=3 partiesSeen=1489 eligibleCandidates=37 neutralRej=53
[2026-05-08 09:13:09.413] [CrestBattleConvergenceLogic] OnMissionTick first call after Stage1: candidates=37
[2026-05-08 09:13:15.152] [CrestBattleConvergenceLogic] tick-status: now=9.2 pending=37 elapsed=1 closestRemaining=3.0s collectDef=0 collectAtt=0 reservedDef=0 reservedAtt=0
[2026-05-08 09:13:15.175] [CrestBattleConvergenceLogic] queued Servic's Party (Vlandia) team=1 side=Defender dist=7.3 active=1/20
[2026-05-08 09:13:16.179] [CrestBattleConvergenceLogic] registered Servic's Party on Defender: 127 agents queued (queue size now 127)
[2026-05-08 09:13:18.153] [CrestBattleConvergenceLogic] queued Adaltrud's Party (Vlandia) team=1 side=Defender dist=43.2 active=2/20
[2026-05-08 09:13:19.189] [CrestBattleConvergenceLogic] registered Adaltrud's Party on Defender: 72 agents queued (queue size now 169)
[2026-05-08 09:13:20.168] [CrestBattleConvergenceLogic] tick-status: now=14.2 pending=35 elapsed=0 closestRemaining=1.0s collectDef=0 collectAtt=0 reservedDef=139 reservedAtt=0
[2026-05-08 09:13:21.171] [CrestBattleConvergenceLogic] queued Ecarand's Party (Vlandia) team=1 side=Defender dist=57.4 active=3/20
[2026-05-08 09:13:22.198] [CrestBattleConvergenceLogic] registered Ecarand's Party on Defender: 74 agents queued (queue size now 213)
[2026-05-08 09:13:24.171] [CrestBattleConvergenceLogic] queued Furnhard's Party (Vlandia) team=1 side=Defender dist=70.9 active=4/20
[2026-05-08 09:13:25.182] [CrestBattleConvergenceLogic] tick-status: now=19.2 pending=33 elapsed=0 closestRemaining=2.0s collectDef=1 collectAtt=0 reservedDef=183 reservedAtt=0
[2026-05-08 09:13:25.200] [CrestBattleConvergenceLogic] registered Furnhard's Party on Defender: 53 agents queued (queue size now 236)
[2026-05-08 09:13:27.167] [CrestBattleConvergenceLogic] queued Belgir's Party (Vlandia) team=1 side=Defender dist=111.5 active=5/20
[2026-05-08 09:13:28.201] [CrestBattleConvergenceLogic] registered Belgir's Party on Defender: 135 agents queued (queue size now 341)
[2026-05-08 09:13:30.175] [CrestBattleConvergenceLogic] queued Hecard's Party (Vlandia) team=1 side=Defender dist=112.0 active=6/20
[2026-05-08 09:13:30.194] [CrestBattleConvergenceLogic] tick-status: now=24.2 pending=31 elapsed=0 closestRemaining=3.0s collectDef=1 collectAtt=0 reservedDef=311 reservedAtt=0
[2026-05-08 09:13:31.205] [CrestBattleConvergenceLogic] registered Hecard's Party on Defender: 130 agents queued (queue size now 441)
[2026-05-08 09:13:33.161] [CrestBattleConvergenceLogic] queued Richelda's Party (Vlandia) team=1 side=Defender dist=115.0 active=7/20
[2026-05-08 09:13:34.219] [CrestBattleConvergenceLogic] registered Richelda's Party on Defender: 82 agents queued (queue size now 493)
[2026-05-08 09:13:35.204] [CrestBattleConvergenceLogic] tick-status: now=29.2 pending=30 elapsed=0 closestRemaining=1.0s collectDef=0 collectAtt=0 reservedDef=463 reservedAtt=0
[2026-05-08 09:13:36.176] [CrestBattleConvergenceLogic] queued Vartin's Party (Vlandia) team=1 side=Defender dist=134.8 active=8/20
[2026-05-08 09:13:37.222] [CrestBattleConvergenceLogic] registered Vartin's Party on Defender: 64 agents queued (queue size now 527)
[2026-05-08 09:13:39.179] [CrestBattleConvergenceLogic] queued Romund's Party (Vlandia) team=1 side=Defender dist=136.4 active=9/20
[2026-05-08 09:13:40.217] [CrestBattleConvergenceLogic] tick-status: now=34.2 pending=28 elapsed=0 closestRemaining=1.9s collectDef=1 collectAtt=0 reservedDef=497 reservedAtt=0
[2026-05-08 09:13:40.237] [CrestBattleConvergenceLogic] registered Romund's Party on Defender: 147 agents queued (queue size now 644)
[2026-05-08 09:13:42.172] [CrestBattleConvergenceLogic] queued Derthert's Party (Vlandia) team=1 side=Defender dist=137.3 active=10/20
[2026-05-08 09:13:43.246] [CrestBattleConvergenceLogic] registered Derthert's Party on Defender: 290 agents queued (queue size now 904)
[2026-05-08 09:13:45.179] [CrestBattleConvergenceLogic] queued Morcon's Party (Vlandia) team=1 side=Defender dist=138.4 active=11/20
[2026-05-08 09:13:45.234] [CrestBattleConvergenceLogic] tick-status: now=39.3 pending=26 elapsed=0 closestRemaining=2.9s collectDef=1 collectAtt=0 reservedDef=874 reservedAtt=0
[2026-05-08 09:13:46.260] [CrestBattleConvergenceLogic] registered Morcon's Party on Defender: 157 agents queued (queue size now 1031)
[2026-05-08 09:13:48.167] [CrestBattleConvergenceLogic] queued Asgotha's Party (Nord) team=0 side=Attacker dist=146.7 active=1/20
[2026-05-08 09:13:49.263] [CrestBattleConvergenceLogic] registered Asgotha's Party on Attacker: 171 agents queued (queue size now 171)
[2026-05-08 09:13:50.850] [CrestBattleConvergenceLogic] tick-status: now=44.3 pending=25 elapsed=0 closestRemaining=0.9s collectDef=0 collectAtt=0 reservedDef=971 reservedAtt=141
[2026-05-08 09:13:51.768] [CrestBattleConvergenceLogic] queued Unthery's Party (Vlandia) team=1 side=Defender dist=166.5 active=12/20
[2026-05-08 09:13:52.879] [CrestBattleConvergenceLogic] registered Unthery's Party on Defender: 103 agents queued (queue size now 1074)
[2026-05-08 09:13:54.789] [CrestBattleConvergenceLogic] queued Arthamund's Party (Vlandia) team=1 side=Defender dist=168.9 active=13/20
[2026-05-08 09:13:55.870] [CrestBattleConvergenceLogic] tick-status: now=49.3 pending=23 elapsed=0 closestRemaining=1.9s collectDef=1 collectAtt=0 reservedDef=1044 reservedAtt=111
[2026-05-08 09:13:55.899] [CrestBattleConvergenceLogic] registered Arthamund's Party on Defender: 113 agents queued (queue size now 1157)
[2026-05-08 09:13:57.788] [CrestBattleConvergenceLogic] queued Calatild's Party (Vlandia) team=1 side=Defender dist=173.8 active=14/20
[2026-05-08 09:13:58.914] [CrestBattleConvergenceLogic] registered Calatild's Party on Defender: 109 agents queued (queue size now 1236)
[2026-05-08 09:14:00.850] [CrestBattleConvergenceLogic] queued Ospir's Party (Vlandia) team=1 side=Defender dist=185.5 active=15/20
[2026-05-08 09:14:00.937] [CrestBattleConvergenceLogic] tick-status: now=54.3 pending=21 elapsed=0 closestRemaining=2.9s collectDef=1 collectAtt=0 reservedDef=1206 reservedAtt=51
[2026-05-08 09:14:01.977] [CrestBattleConvergenceLogic] registered Ospir's Party on Defender: 60 agents queued (queue size now 1266)
[2026-05-08 09:14:03.843] [CrestBattleConvergenceLogic] queued Berican's Party (Vlandia) team=1 side=Defender dist=201.4 active=16/20
[2026-05-08 09:14:04.993] [CrestBattleConvergenceLogic] registered Berican's Party on Defender: 97 agents queued (queue size now 1333)
[2026-05-08 09:14:05.973] [CrestBattleConvergenceLogic] tick-status: now=59.3 pending=20 elapsed=0 closestRemaining=0.9s collectDef=0 collectAtt=0 reservedDef=1303 reservedAtt=0
[2026-05-08 09:14:06.870] [CrestBattleConvergenceLogic] queued Ingalther's Party (Vlandia) team=1 side=Defender dist=209.9 active=17/20
[2026-05-08 09:14:08.028] [CrestBattleConvergenceLogic] registered Ingalther's Party on Defender: 166 agents queued (queue size now 1469)
[2026-05-08 09:14:09.867] [CrestBattleConvergenceLogic] queued Amalgun's Party (Vlandia) team=1 side=Defender dist=217.9 active=18/20
[2026-05-08 09:14:10.986] [CrestBattleConvergenceLogic] tick-status: now=64.3 pending=18 elapsed=0 closestRemaining=1.9s collectDef=1 collectAtt=0 reservedDef=1439 reservedAtt=0
[2026-05-08 09:14:11.032] [CrestBattleConvergenceLogic] registered Amalgun's Party on Defender: 116 agents queued (queue size now 1555)
[2026-05-08 09:14:12.871] [CrestBattleConvergenceLogic] queued Vidar's Party (Sturgia) team=0 side=Attacker dist=222.7 active=2/20
[2026-05-08 09:14:14.045] [CrestBattleConvergenceLogic] registered Vidar's Party on Attacker: 117 agents queued (queue size now 117)
[2026-05-08 09:14:15.878] [CrestBattleConvergenceLogic] queued Raganvad's Party (Sturgia) team=0 side=Attacker dist=222.7 active=3/20
[2026-05-08 09:14:16.007] [CrestBattleConvergenceLogic] tick-status: now=69.3 pending=16 elapsed=0 closestRemaining=2.9s collectDef=0 collectAtt=1 reservedDef=1495 reservedAtt=87
[2026-05-08 09:14:17.060] [CrestBattleConvergenceLogic] registered Raganvad's Party on Attacker: 251 agents queued (queue size now 338)
[2026-05-08 09:14:21.114] [CrestBattleConvergenceLogic] tick-status: now=74.3 pending=15 elapsed=0 closestRemaining=0.9s collectDef=0 collectAtt=0 reservedDef=1435 reservedAtt=278
[2026-05-08 09:14:25.065] [CrestBattleConvergenceLogic] queued Vyldur's Party (Sturgia) team=0 side=Attacker dist=223.5 active=4/20
[2026-05-08 09:14:26.212] [CrestBattleConvergenceLogic] tick-status: now=79.3 pending=13 elapsed=0 closestRemaining=1.8s collectDef=0 collectAtt=1 reservedDef=1405 reservedAtt=248
[2026-05-08 09:14:26.263] [CrestBattleConvergenceLogic] registered Vyldur's Party on Attacker: 112 agents queued (queue size now 360)
[2026-05-08 09:14:28.058] [CrestBattleConvergenceLogic] queued Gautgar's Party (Nord) team=0 side=Attacker dist=292.2 active=5/20
[2026-05-08 09:14:29.276] [CrestBattleConvergenceLogic] registered Gautgar's Party on Attacker: 157 agents queued (queue size now 487)
[2026-05-08 09:14:31.065] [CrestBattleConvergenceLogic] queued Agrynja's Party (Nord) team=0 side=Attacker dist=317.4 active=6/20
[2026-05-08 09:14:31.224] [CrestBattleConvergenceLogic] tick-status: now=84.3 pending=11 elapsed=0 closestRemaining=2.8s collectDef=0 collectAtt=1 reservedDef=1345 reservedAtt=457
[2026-05-08 09:14:32.291] [CrestBattleConvergenceLogic] registered Agrynja's Party on Attacker: 106 agents queued (queue size now 563)
[2026-05-08 09:14:34.082] [CrestBattleConvergenceLogic] queued Mimir's Party (Sturgia) team=0 side=Attacker dist=327.1 active=7/20
[2026-05-08 09:14:35.313] [CrestBattleConvergenceLogic] registered Mimir's Party on Attacker: 134 agents queued (queue size now 667)
[2026-05-08 09:14:36.259] [CrestBattleConvergenceLogic] tick-status: now=89.3 pending=10 elapsed=0 closestRemaining=0.8s collectDef=0 collectAtt=0 reservedDef=1285 reservedAtt=637
[2026-05-08 09:14:37.105] [CrestBattleConvergenceLogic] queued Grykka's Party (Nord) team=0 side=Attacker dist=329.6 active=8/20
[2026-05-08 09:14:38.355] [CrestBattleConvergenceLogic] registered Grykka's Party on Attacker: 161 agents queued (queue size now 798)
[2026-05-08 09:14:40.122] [CrestBattleConvergenceLogic] queued Fafen's Party (Sturgia) team=0 side=Attacker dist=350.5 active=9/20
[2026-05-08 09:14:41.285] [CrestBattleConvergenceLogic] tick-status: now=94.3 pending=8 elapsed=0 closestRemaining=1.8s collectDef=0 collectAtt=1 reservedDef=1255 reservedAtt=768
[2026-05-08 09:14:41.384] [CrestBattleConvergenceLogic] registered Fafen's Party on Attacker: 97 agents queued (queue size now 865)
[2026-05-08 09:14:43.143] [CrestBattleConvergenceLogic] queued Yorig's Party (Sturgia) team=0 side=Attacker dist=350.5 active=10/20
[2026-05-08 09:14:44.401] [CrestBattleConvergenceLogic] registered Yorig's Party on Attacker: 107 agents queued (queue size now 942)
[2026-05-08 09:14:46.180] [CrestBattleConvergenceLogic] queued Galden's Party (Sturgia) team=0 side=Attacker dist=350.5 active=11/20
[2026-05-08 09:14:46.340] [CrestBattleConvergenceLogic] tick-status: now=99.3 pending=6 elapsed=0 closestRemaining=2.8s collectDef=0 collectAtt=1 reservedDef=1195 reservedAtt=912
[2026-05-08 09:14:47.443] [CrestBattleConvergenceLogic] registered Galden's Party on Attacker: 68 agents queued (queue size now 980)
[2026-05-08 09:14:49.200] [CrestBattleConvergenceLogic] queued Gafnir's Party (Nord) team=0 side=Attacker dist=380.9 active=12/20
[2026-05-08 09:14:50.470] [CrestBattleConvergenceLogic] registered Gafnir's Party on Attacker: 114 agents queued (queue size now 1064)
[2026-05-08 09:14:51.387] [CrestBattleConvergenceLogic] tick-status: now=104.4 pending=5 elapsed=0 closestRemaining=0.8s collectDef=0 collectAtt=0 reservedDef=1135 reservedAtt=1034
[2026-05-08 09:14:52.218] [CrestBattleConvergenceLogic] queued Vashorki's Party (Sturgia) team=0 side=Attacker dist=391.7 active=13/20
[2026-05-08 09:14:53.490] [CrestBattleConvergenceLogic] registered Vashorki's Party on Attacker: 137 agents queued (queue size now 1171)
[2026-05-08 09:14:55.234] [CrestBattleConvergenceLogic] queued Ratagost's Party (Sturgia) team=0 side=Attacker dist=398.0 active=14/20
[2026-05-08 09:14:56.405] [CrestBattleConvergenceLogic] tick-status: now=109.4 pending=3 elapsed=0 closestRemaining=1.8s collectDef=0 collectAtt=1 reservedDef=1105 reservedAtt=1141
[2026-05-08 09:14:56.508] [CrestBattleConvergenceLogic] registered Ratagost's Party on Attacker: 84 agents queued (queue size now 1225)
[2026-05-08 09:14:58.265] [CrestBattleConvergenceLogic] queued Erta's Party (Sturgia) team=0 side=Attacker dist=439.5 active=15/20
[2026-05-08 09:14:59.532] [CrestBattleConvergenceLogic] registered Erta's Party on Attacker: 130 agents queued (queue size now 1325)
[2026-05-08 09:15:01.283] [CrestBattleConvergenceLogic] queued Valkava's Party (Sturgia) team=0 side=Attacker dist=447.2 active=16/20
[2026-05-08 09:15:01.455] [CrestBattleConvergenceLogic] tick-status: now=114.4 pending=1 elapsed=0 closestRemaining=2.8s collectDef=0 collectAtt=1 reservedDef=1045 reservedAtt=1295
[2026-05-08 09:15:02.563] [CrestBattleConvergenceLogic] registered Valkava's Party on Attacker: 127 agents queued (queue size now 1422)
[2026-05-08 09:15:04.290] [CrestBattleConvergenceLogic] queued Godun's Party (Sturgia) team=0 side=Attacker dist=448.8 active=17/20
[2026-05-08 09:15:05.583] [CrestBattleConvergenceLogic] registered Godun's Party on Attacker: 141 agents queued (queue size now 1533)
[2026-05-08 09:15:06.488] [CrestBattleConvergenceLogic] tick-status: now=119.4 pending=0 elapsed=0 closestRemaining=n/a collectDef=0 collectAtt=0 reservedDef=985 reservedAtt=1503
[2026-05-08 09:23:28.440] [CrestUnblock] processed 265 files in 15ms
[2026-05-08 09:23:28.452] [CrestQuickStart] patched VideoPlaybackState.OnVideoStarted
[2026-05-08 09:23:28.466] [CrestMessageStyle] patched TaleWorlds.Library.InformationManager.DisplayMessage(InformationMessage)
[2026-05-08 09:23:28.466] [CrestFasterTime] registered (master toggle gates per-tick work)
[2026-05-08 09:23:30.633] [CrestMessageStyle] first DisplayMessage probe -- Mission.Current=null, Campaign.Current=null (Game.Current=null, informational only)
[2026-05-08 09:23:31.770] [CrestFasterTime] API resolved: Campaign.SpeedUpMultiplier=ok, SetTimeSpeed(int)=ok, Input.IsKeyPressed=ok
[2026-05-08 09:23:35.878] [CrestPatchSelfTest] GetAllPatchedMethods returned 358 methods
[2026-05-08 09:23:35.896] [CrestPatchSelfTest] OK   UIExtenderEx.WidgetPrefab.LoadFrom (transpiler) — bound by Bannerlord.UIExtenderEx.Patches.WidgetPrefabPatch.WidgetPrefab_LoadFrom_Transpiler on LoadFrom
[2026-05-08 09:23:35.901] [CrestPatchSelfTest] HARD ButterLib.Module.SetInitialModuleScreenAsRootScreen (transpiler) — target method patched, but no patch from Bannerlord.ButterLib.Implementation.MBSubModuleBaseExtended.Patches.ModulePatch (owners: [MCM.UI.Adapter.MCMv5]; declaring types: [MCM.UI.MCMUIAdapterSubModule])
[2026-05-08 09:23:35.903] [CrestPatchSelfTest] HARD ButterLib.Module.FinalizeSubModules (postfix) — no patch found on TaleWorlds.MountAndBlade.Module.FinalizeSubModules (other patched methods on this type: LoadSubModules, InitializeSubModuleBases, ProcessApplicationArguments, SetInitialModuleScreenAsRootScreen)
[2026-05-08 09:23:35.904] [CrestPatchSelfTest] HARD BEW.Managed.ApplicationTick (finalizer) — no patch found on TaleWorlds.DotNet.Managed.ApplicationTick (no methods on this type are patched at all)
[2026-05-08 09:23:35.911] [CrestPatchSelfTest] HARD BEW.Module.OnApplicationTick (finalizer) — no patch found on TaleWorlds.MountAndBlade.Module.OnApplicationTick (other patched methods on this type: LoadSubModules, InitializeSubModuleBases, ProcessApplicationArguments, SetInitialModuleScreenAsRootScreen)
[2026-05-08 09:23:35.914] [CrestPatchSelfTest] HARD BEW.ScreenManager.Tick (finalizer) — no patch found on TaleWorlds.ScreenSystem.ScreenManager.Tick (no methods on this type are patched at all)
[2026-05-08 09:23:35.914] [CrestPatchSelfTest] HARD BEW.ManagedScriptHolder.TickComponents (finalizer) — no patch found on TaleWorlds.Engine.ManagedScriptHolder.TickComponents (no methods on this type are patched at all)
[2026-05-08 09:23:35.915] [CrestPatchSelfTest] HARD BEW.Mission.Tick (finalizer) — no patch found on TaleWorlds.MountAndBlade.Mission.Tick (other patched methods on this type: UpdateSceneTimeSpeed, OnTeamDeployed, OnDeploymentFinished, CanTakeControlOfAgent)
[2026-05-08 09:23:35.919] [CrestPatchSelfTest] SOFT UIExtenderEx.GauntletMovie.Load (conditional prefix) — no patch found on TaleWorlds.GauntletUI.Data.GauntletMovie.Load (other patched methods on this type: LoadMovie)
[2026-05-08 09:23:35.930] [CrestPatchSelfTest] OK   UIExtenderEx.WidgetFactory.GetCustomType (prefix) — bound by Bannerlord.UIExtenderEx.ResourceManager.WidgetFactoryManager.GetCustomTypePrefix on GetCustomType
[2026-05-08 09:23:35.932] [CrestPatchSelfTest] OK   UIExtenderEx.WidgetFactory.CreateBuiltinWidget (prefix) — bound by Bannerlord.UIExtenderEx.ResourceManager.WidgetFactoryManager.CreateBuiltinWidgetPrefix on CreateBuiltinWidget
[2026-05-08 09:23:35.935] [CrestPatchSelfTest] OK   UIExtenderEx.WidgetFactory.GetWidgetTypes (postfix) — bound by Bannerlord.UIExtenderEx.ResourceManager.WidgetFactoryManager.GetWidgetTypesPostfix on GetWidgetTypes
[2026-05-08 09:23:35.943] [CrestPatchSelfTest] OK   UIExtenderEx.WidgetFactory.IsCustomType (prefix) — bound by Bannerlord.UIExtenderEx.ResourceManager.WidgetFactoryManager.IsCustomTypePrefix on IsCustomType
[2026-05-08 09:23:35.944] [CrestPatchSelfTest] OK   UIExtenderEx.WidgetTemplate.CreateWidgets (transpiler, soft) — bound by Bannerlord.UIExtenderEx.ResourceManager.WidgetFactoryManager.BlankTranspiler on CreateWidgets
[2026-05-08 09:23:35.951] [CrestPatchSelfTest] OK   UIExtenderEx.GauntletMovie.LoadMovie (transpiler, soft) — bound by Bannerlord.UIExtenderEx.ResourceManager.WidgetFactoryManager.BlankTranspiler on LoadMovie
[2026-05-08 09:23:35.951] [CrestPatchSelfTest] summary: 7 bound, 7 hard miss, 1 soft miss (of 15 total)
[2026-05-08 09:23:35.961] [CrestCampaignLogFilter] patched CampaignInformationManager.NewLogEntryAdded — 39 classified entry types across 6 buckets
[2026-05-08 09:23:35.961] [CrestCutThroughEveryone] master toggle OFF at startup -- not binding patches (toggle on + restart to enable)
[2026-05-08 09:23:35.993] [CrestCampaignTweaks] FasterShips bound: TaleWorlds.CampaignSystem.Party.MobileParty.CalculateSpeed (postfix)
[2026-05-08 09:23:36.015] [CrestCampaignTweaks] AchievementsWithMods bound: SandBox.CampaignBehaviors.DumpIntegrityCampaignBehavior.IsGameIntegrityAchieved (postfix)
[2026-05-08 09:23:36.042] [CrestCampaignTweaks] AchievementsDeactivateBlock bound: StoryMode.GameComponents.CampaignBehaviors.AchievementsCampaignBehavior.DeactivateAchievements (prefix)
[2026-05-08 09:23:36.069] [CrestCampaignTweaks] RTSCameraNavalShim bound: RTSCamera.Patch.Naval.Patch_AgentNavalComponent.Prefix_OnTick (prefix)
[2026-05-08 09:23:36.085] [CrestCampaignTweaks] PreventClanDeath bound: TaleWorlds.CampaignSystem.CampaignBehaviors.AgingCampaignBehavior.IsItTimeOfDeath (prefix)
[2026-05-08 09:23:36.097] [CrestCampaignTweaks] PlayerNoFlinch bound: TaleWorlds.MountAndBlade.Mission.RegisterBlow (prefix)
[2026-05-08 09:23:36.112] [CrestCampaignTweaks] NoExecutionPenalty bound: TaleWorlds.CampaignSystem.CampaignBehaviors.CharacterRelationCampaignBehavior.OnHeroKilled (prefix)
[2026-05-08 09:23:36.128] [CrestCampaignTweaks] ClanTournamentExclusion bound: TaleWorlds.CampaignSystem.TournamentGames.FightTournamentGame.CanBeAParticipant (prefix)
[2026-05-08 09:23:36.144] [CrestCampaignTweaks] ClanPartySpeedBonus bound: TaleWorlds.CampaignSystem.Party.MobileParty.CalculateSpeed (postfix)
[2026-05-08 09:23:36.162] [CrestCampaignTweaks] StopPrisonerEscape (daily) bound: TaleWorlds.CampaignSystem.CampaignBehaviors.PrisonerReleaseCampaignBehavior.DailyHeroTick (prefix)
[2026-05-08 09:23:36.179] [CrestCampaignTweaks] StopPrisonerEscape (hourly) bound: TaleWorlds.CampaignSystem.CampaignBehaviors.PrisonerReleaseCampaignBehavior.HourlyPartyTick (prefix)
[2026-05-08 09:23:36.196] [CrestCampaignTweaks] LootCapturedHeroes bound: TaleWorlds.CampaignSystem.MapEvents.MapEvent.LootDefeatedPartyPrisoners (postfix)
[2026-05-08 09:23:36.213] [CrestCampaignTweaks] NoArrowsStuck bound: TaleWorlds.MountAndBlade.Mission.HandleMissileCollisionReaction (postfix)
[2026-05-08 09:23:36.228] [CrestCampaignTweaks] MarriageStaysInClan bound: TaleWorlds.CampaignSystem.GameComponents.DefaultMarriageModel.GetClanAfterMarriage (postfix)
[2026-05-08 09:23:36.243] [CrestCampaignTweaks] PregnancyChanceUncapped bound: TaleWorlds.CampaignSystem.GameComponents.DefaultPregnancyModel.GetDailyChanceOfPregnancyForHero (postfix)
[2026-05-08 09:23:36.258] [CrestCampaignTweaks] UnlockAllSmithingRecipes bound: TaleWorlds.CampaignSystem.CampaignBehaviors.CraftingCampaignBehavior.IsOpened (postfix)
[2026-05-08 09:23:36.273] [CrestCampaignTweaks] LifelongLearning bound: TaleWorlds.CampaignSystem.GameComponents.DefaultCharacterDevelopmentModel.CalculateLearningRate (postfix)
[2026-05-08 09:23:36.287] [CrestCampaignTweaks] TavernCompanions.DailyTick bound: TaleWorlds.CampaignSystem.CampaignBehaviors.CompanionsCampaignBehavior.DailyTick (postfix)
[2026-05-08 09:23:36.300] [CrestCampaignTweaks] TavernCompanions.DesiredCount bound: TaleWorlds.CampaignSystem.CampaignBehaviors.CompanionsCampaignBehavior.get__desiredTotalCompanionCount (postfix)
[2026-05-08 09:23:36.300] [CrestCampaignTweaks] patched campaign tweaks (legacy EnableCampaignTweaks group)
[2026-05-08 09:23:36.334] [CrestBattleSize] patched (always-on; preset count=7, agent cap=2040)
[2026-05-08 09:23:36.359] [CrestTierUnlocker] patched tier caps (gated on EnableTierUnlocker)
[2026-05-08 09:23:41.388] [CrestBattleConvergenceDialogueBehavior] registered rescue-thanks dialogue lines
[2026-05-08 09:23:41.388] [SubModule] Y.12d-feature#128: registered Battle Convergence rescue dialogue behavior
[2026-05-08 09:23:50.635] [CrestCampaignTweaks] AchievementsWithMods: blocked DeactivateAchievements call
[2026-05-08 09:23:54.966] [CrestCompanionHotswap] added swap + select behaviors to mission
[2026-05-08 09:23:54.968] [CrestBattleConvergence] added convergence behavior to mission
[2026-05-08 09:23:55.048] [CrestBattleConvergenceLogic] flat radius (slider mode): 100
[2026-05-08 09:23:55.100] [CrestBattleConvergenceLogic] Y.12d AfterStart: reinforce=True debug=False radius=100 maxPerSide=10 timerset=1000 playerSide=Attacker isPlayerDefender=False missionAgentSpawnLogic=null
[2026-05-08 09:23:58.459] [CrestBattleConvergenceLogic] Y.12d-fix16: ensured 10 custom ally formations (indices 10..19)
[2026-05-08 09:23:58.466] [CrestBattleConvergenceLogic] Cinema-fix-C symmetric radius: bothSidesRadius=700 (mult x7.0) â€” distance-filtered 0
[2026-05-08 09:23:58.466] [CrestBattleConvergenceLogic] Y.12d-fix23 stagger: initial=5s cadence=3s -> first lord at +5s, last (idx 36) at +113s
[2026-05-08 09:23:58.466] [CrestBattleConvergenceLogic] Y.12d Stage1: defenderSpawnPositions=3 attackerSpawnPositions=3 partiesSeen=1489 eligibleCandidates=37 neutralRej=53
[2026-05-08 09:23:58.492] [CrestBattleConvergenceLogic] OnMissionTick first call after Stage1: candidates=37
[2026-05-08 09:24:03.428] [CrestBattleConvergenceLogic] tick-status: now=6.7 pending=37 elapsed=1 closestRemaining=3.0s collectDef=0 collectAtt=0 reservedDef=0 reservedAtt=0
[2026-05-08 09:24:03.451] [CrestBattleConvergenceLogic] queued Servic's Party (Vlandia) team=1 side=Defender dist=7.3 active=1/10
[2026-05-08 09:24:04.444] [CrestBattleConvergenceLogic] registered Servic's Party on Defender: 127 agents queued (queue size now 127)
[2026-05-08 09:24:06.441] [CrestBattleConvergenceLogic] queued Adaltrud's Party (Vlandia) team=1 side=Defender dist=43.2 active=2/10
[2026-05-08 09:24:07.693] [CrestBattleConvergenceLogic] registered Adaltrud's Party on Defender: 72 agents queued (queue size now 169)
[2026-05-08 09:24:09.033] [CrestBattleConvergenceLogic] tick-status: now=11.7 pending=35 elapsed=0 closestRemaining=1.0s collectDef=0 collectAtt=0 reservedDef=139 reservedAtt=0
[2026-05-08 09:24:10.037] [CrestBattleConvergenceLogic] queued Ecarand's Party (Vlandia) team=1 side=Defender dist=57.4 active=3/10
[2026-05-08 09:24:11.052] [CrestBattleConvergenceLogic] registered Ecarand's Party on Defender: 74 agents queued (queue size now 213)
[2026-05-08 09:24:13.045] [CrestBattleConvergenceLogic] queued Furnhard's Party (Vlandia) team=1 side=Defender dist=70.9 active=4/10
[2026-05-08 09:24:14.038] [CrestBattleConvergenceLogic] tick-status: now=16.7 pending=33 elapsed=0 closestRemaining=2.0s collectDef=1 collectAtt=0 reservedDef=183 reservedAtt=0
[2026-05-08 09:24:14.055] [CrestBattleConvergenceLogic] registered Furnhard's Party on Defender: 53 agents queued (queue size now 236)
[2026-05-08 09:24:16.040] [CrestBattleConvergenceLogic] queued Belgir's Party (Vlandia) team=1 side=Defender dist=111.5 active=5/10
[2026-05-08 09:24:17.060] [CrestBattleConvergenceLogic] registered Belgir's Party on Defender: 135 agents queued (queue size now 341)
[2026-05-08 09:24:19.034] [CrestBattleConvergenceLogic] queued Hecard's Party (Vlandia) team=1 side=Defender dist=112.0 active=6/10
[2026-05-08 09:24:19.055] [CrestBattleConvergenceLogic] tick-status: now=21.7 pending=31 elapsed=0 closestRemaining=3.0s collectDef=1 collectAtt=0 reservedDef=311 reservedAtt=0
[2026-05-08 09:24:20.068] [CrestBattleConvergenceLogic] registered Hecard's Party on Defender: 130 agents queued (queue size now 441)
[2026-05-08 09:24:22.049] [CrestBattleConvergenceLogic] queued Richelda's Party (Vlandia) team=1 side=Defender dist=115.0 active=7/10
[2026-05-08 09:24:23.084] [CrestBattleConvergenceLogic] registered Richelda's Party on Defender: 82 agents queued (queue size now 493)
[2026-05-08 09:24:24.065] [CrestBattleConvergenceLogic] tick-status: now=26.7 pending=30 elapsed=0 closestRemaining=1.0s collectDef=0 collectAtt=0 reservedDef=463 reservedAtt=0
[2026-05-08 09:24:25.037] [CrestBattleConvergenceLogic] queued Vartin's Party (Vlandia) team=1 side=Defender dist=134.8 active=8/10
[2026-05-08 09:24:26.095] [CrestBattleConvergenceLogic] registered Vartin's Party on Defender: 64 agents queued (queue size now 527)
[2026-05-08 09:24:28.047] [CrestBattleConvergenceLogic] queued Romund's Party (Vlandia) team=1 side=Defender dist=136.4 active=9/10
[2026-05-08 09:24:29.074] [CrestBattleConvergenceLogic] tick-status: now=31.7 pending=28 elapsed=0 closestRemaining=2.0s collectDef=1 collectAtt=0 reservedDef=497 reservedAtt=0
[2026-05-08 09:24:29.108] [CrestBattleConvergenceLogic] registered Romund's Party on Defender: 147 agents queued (queue size now 644)
[2026-05-08 09:24:31.040] [CrestBattleConvergenceLogic] queued Derthert's Party (Vlandia) team=1 side=Defender dist=137.3 active=10/10
[2026-05-08 09:24:32.108] [CrestBattleConvergenceLogic] registered Derthert's Party on Defender: 290 agents queued (queue size now 904)
[2026-05-08 09:24:34.049] [CrestBattleConvergenceLogic]   cap reached on Defender (10/10); Morcon's Party added to waiting list (size 1)
[2026-05-08 09:24:34.079] [CrestBattleConvergenceLogic] tick-status: now=36.7 pending=26 elapsed=0 closestRemaining=3.0s collectDef=0 collectAtt=0 reservedDef=874 reservedAtt=0
[2026-05-08 09:24:37.052] [CrestBattleConvergenceLogic]   reservedAgentCap reached (844/800); Asgotha's Party on Attacker added to waiting list (size 1)
[2026-05-08 09:24:39.078] [CrestBattleConvergenceLogic] tick-status: now=41.7 pending=25 elapsed=0 closestRemaining=1.0s collectDef=0 collectAtt=0 reservedDef=814 reservedAtt=0
[2026-05-08 09:24:40.040] [CrestBattleConvergenceLogic]   cap reached on Defender (10/10); Unthery's Party added to waiting list (size 2)
[2026-05-08 09:24:43.048] [CrestBattleConvergenceLogic]   cap reached on Defender (10/10); Arthamund's Party added to waiting list (size 3)
[2026-05-08 09:24:44.082] [CrestBattleConvergenceLogic] tick-status: now=46.7 pending=23 elapsed=0 closestRemaining=2.0s collectDef=0 collectAtt=0 reservedDef=784 reservedAtt=0
[2026-05-08 09:24:46.044] [CrestBattleConvergenceLogic]   cap reached on Defender (10/10); Calatild's Party added to waiting list (size 4)
[2026-05-08 09:24:49.047] [CrestBattleConvergenceLogic]   cap reached on Defender (10/10); Ospir's Party added to waiting list (size 5)
[2026-05-08 09:24:49.094] [CrestBattleConvergenceLogic] tick-status: now=51.7 pending=21 elapsed=0 closestRemaining=3.0s collectDef=0 collectAtt=0 reservedDef=724 reservedAtt=0
[2026-05-08 09:24:52.048] [CrestBattleConvergenceLogic]   cap reached on Defender (10/10); Berican's Party added to waiting list (size 6)
[2026-05-08 09:24:54.100] [CrestBattleConvergenceLogic] tick-status: now=56.7 pending=20 elapsed=0 closestRemaining=0.9s collectDef=0 collectAtt=0 reservedDef=664 reservedAtt=0
[2026-05-08 09:24:55.049] [CrestBattleConvergenceLogic]   cap reached on Defender (10/10); Ingalther's Party added to waiting list (size 7)
[2026-05-08 09:24:58.062] [CrestBattleConvergenceLogic]   cap reached on Defender (10/10); Amalgun's Party added to waiting list (size 8)
[2026-05-08 09:24:59.101] [CrestBattleConvergenceLogic] tick-status: now=61.7 pending=18 elapsed=0 closestRemaining=1.9s collectDef=0 collectAtt=0 reservedDef=634 reservedAtt=0
[2026-05-08 09:25:01.050] [CrestBattleConvergenceLogic] queued Vidar's Party (Sturgia) team=0 side=Attacker dist=222.7 active=1/10
[2026-05-08 09:25:02.230] [CrestBattleConvergenceLogic] registered Vidar's Party on Attacker: 117 agents queued (queue size now 117)
[2026-05-08 09:25:04.064] [CrestBattleConvergenceLogic] queued Raganvad's Party (Sturgia) team=0 side=Attacker dist=222.7 active=2/10
[2026-05-08 09:25:04.120] [CrestBattleConvergenceLogic] tick-status: now=66.7 pending=16 elapsed=0 closestRemaining=2.9s collectDef=0 collectAtt=1 reservedDef=574 reservedAtt=87
[2026-05-08 09:25:05.247] [CrestBattleConvergenceLogic] registered Raganvad's Party on Attacker: 251 agents queued (queue size now 338)
[2026-05-08 09:25:09.222] [CrestBattleConvergenceLogic] tick-status: now=71.7 pending=15 elapsed=0 closestRemaining=0.9s collectDef=0 collectAtt=0 reservedDef=514 reservedAtt=278
[2026-05-08 09:25:13.200] [CrestBattleConvergenceLogic] queued Vyldur's Party (Sturgia) team=0 side=Attacker dist=223.5 active=3/10
[2026-05-08 09:25:14.267] [CrestBattleConvergenceLogic] tick-status: now=76.7 pending=13 elapsed=0 closestRemaining=1.9s collectDef=0 collectAtt=1 reservedDef=484 reservedAtt=248
[2026-05-08 09:25:14.402] [CrestBattleConvergenceLogic] registered Vyldur's Party on Attacker: 112 agents queued (queue size now 360)
[2026-05-08 09:25:16.216] [CrestBattleConvergenceLogic] queued Gautgar's Party (Nord) team=0 side=Attacker dist=292.2 active=4/10
[2026-05-08 09:25:17.419] [CrestBattleConvergenceLogic] registered Gautgar's Party on Attacker: 157 agents queued (queue size now 487)
[2026-05-08 09:25:19.223] [CrestBattleConvergenceLogic]   reservedAgentCap reached (881/800); Agrynja's Party on Attacker added to waiting list (size 2)
[2026-05-08 09:25:19.298] [CrestBattleConvergenceLogic] tick-status: now=81.8 pending=11 elapsed=0 closestRemaining=2.9s collectDef=0 collectAtt=0 reservedDef=424 reservedAtt=457
[2026-05-08 09:25:22.231] [CrestBattleConvergenceLogic]   reservedAgentCap reached (821/800); Mimir's Party on Attacker added to waiting list (size 3)
[2026-05-08 09:25:24.331] [CrestBattleConvergenceLogic] tick-status: now=86.8 pending=10 elapsed=0 closestRemaining=0.9s collectDef=0 collectAtt=0 reservedDef=364 reservedAtt=397
[2026-05-08 09:25:25.245] [CrestBattleConvergenceLogic] queued Grykka's Party (Nord) team=0 side=Attacker dist=329.6 active=5/10
[2026-05-08 09:25:26.492] [CrestBattleConvergenceLogic] registered Grykka's Party on Attacker: 161 agents queued (queue size now 558)
[2026-05-08 09:25:28.272] [CrestBattleConvergenceLogic]   reservedAgentCap reached (862/800); Fafen's Party on Attacker added to waiting list (size 4)
[2026-05-08 09:25:29.367] [CrestBattleConvergenceLogic] tick-status: now=91.8 pending=8 elapsed=0 closestRemaining=1.9s collectDef=0 collectAtt=0 reservedDef=334 reservedAtt=528
[2026-05-08 09:25:31.288] [CrestBattleConvergenceLogic]   reservedAgentCap reached (802/800); Yorig's Party on Attacker added to waiting list (size 5)
[2026-05-08 09:25:34.314] [CrestBattleConvergenceLogic] queued Galden's Party (Sturgia) team=0 side=Attacker dist=350.5 active=6/10
[2026-05-08 09:25:34.413] [CrestBattleConvergenceLogic] tick-status: now=96.8 pending=6 elapsed=0 closestRemaining=2.9s collectDef=0 collectAtt=1 reservedDef=274 reservedAtt=468
[2026-05-08 09:25:35.587] [CrestBattleConvergenceLogic] registered Galden's Party on Attacker: 68 agents queued (queue size now 536)
[2026-05-08 09:25:37.335] [CrestBattleConvergenceLogic] queued Gafnir's Party (Nord) team=0 side=Attacker dist=380.9 active=7/10
[2026-05-08 09:25:38.609] [CrestBattleConvergenceLogic] registered Gafnir's Party on Attacker: 114 agents queued (queue size now 620)
[2026-05-08 09:25:39.455] [CrestBattleConvergenceLogic] tick-status: now=101.8 pending=5 elapsed=0 closestRemaining=0.9s collectDef=0 collectAtt=0 reservedDef=214 reservedAtt=590
[2026-05-08 09:25:40.350] [CrestBattleConvergenceLogic]   reservedAgentCap reached (804/800); Vashorki's Party on Attacker added to waiting list (size 6)
[2026-05-08 09:25:43.361] [CrestBattleConvergenceLogic] queued Ratagost's Party (Sturgia) team=0 side=Attacker dist=398.0 active=8/10
[2026-05-08 09:25:44.478] [CrestBattleConvergenceLogic] tick-status: now=106.8 pending=3 elapsed=0 closestRemaining=1.9s collectDef=0 collectAtt=1 reservedDef=184 reservedAtt=560
[2026-05-08 09:25:44.648] [CrestBattleConvergenceLogic] registered Ratagost's Party on Attacker: 84 agents queued (queue size now 644)
[2026-05-08 09:25:46.386] [CrestBattleConvergenceLogic] queued Erta's Party (Sturgia) team=0 side=Attacker dist=439.5 active=9/10
[2026-05-08 09:25:47.685] [CrestBattleConvergenceLogic] registered Erta's Party on Attacker: 130 agents queued (queue size now 744)
[2026-05-08 09:25:49.404] [CrestBattleConvergenceLogic]   reservedAgentCap reached (838/800); Valkava's Party on Attacker added to waiting list (size 7)
[2026-05-08 09:25:49.528] [CrestBattleConvergenceLogic] tick-status: now=111.8 pending=1 elapsed=0 closestRemaining=2.9s collectDef=0 collectAtt=0 reservedDef=124 reservedAtt=714
[2026-05-08 09:25:52.451] [CrestBattleConvergenceLogic] queued Godun's Party (Sturgia) team=0 side=Attacker dist=448.8 active=10/10
[2026-05-08 09:25:53.789] [CrestBattleConvergenceLogic] registered Godun's Party on Attacker: 141 agents queued (queue size now 825)
[2026-05-08 09:25:54.609] [CrestBattleConvergenceLogic] tick-status: now=116.8 pending=0 elapsed=0 closestRemaining=n/a collectDef=0 collectAtt=0 reservedDef=64 reservedAtt=795
[2026-05-08 11:41:22.401] [CrestUnblock] processed 265 files in 12ms
[2026-05-08 11:41:22.413] [CrestQuickStart] patched VideoPlaybackState.OnVideoStarted
[2026-05-08 11:41:22.418] [CrestMessageStyle] patched TaleWorlds.Library.InformationManager.DisplayMessage(InformationMessage)
[2026-05-08 11:41:22.418] [CrestFasterTime] registered (master toggle gates per-tick work)
[2026-05-08 11:41:24.866] [CrestMessageStyle] first DisplayMessage probe -- Mission.Current=null, Campaign.Current=null (Game.Current=null, informational only)
[2026-05-08 11:41:26.028] [CrestFasterTime] API resolved: Campaign.SpeedUpMultiplier=ok, SetTimeSpeed(int)=ok, Input.IsKeyPressed=ok
[2026-05-08 11:41:50.261] [CrestPatchSelfTest] GetAllPatchedMethods returned 358 methods
[2026-05-08 11:41:50.275] [CrestPatchSelfTest] OK   UIExtenderEx.WidgetPrefab.LoadFrom (transpiler) — bound by Bannerlord.UIExtenderEx.Patches.WidgetPrefabPatch.WidgetPrefab_LoadFrom_Transpiler on LoadFrom
[2026-05-08 11:41:50.282] [CrestPatchSelfTest] HARD ButterLib.Module.SetInitialModuleScreenAsRootScreen (transpiler) — target method patched, but no patch from Bannerlord.ButterLib.Implementation.MBSubModuleBaseExtended.Patches.ModulePatch (owners: [MCM.UI.Adapter.MCMv5]; declaring types: [MCM.UI.MCMUIAdapterSubModule])
[2026-05-08 11:41:50.283] [CrestPatchSelfTest] HARD ButterLib.Module.FinalizeSubModules (postfix) — no patch found on TaleWorlds.MountAndBlade.Module.FinalizeSubModules (other patched methods on this type: LoadSubModules, InitializeSubModuleBases, ProcessApplicationArguments, SetInitialModuleScreenAsRootScreen)
[2026-05-08 11:41:50.284] [CrestPatchSelfTest] HARD BEW.Managed.ApplicationTick (finalizer) — no patch found on TaleWorlds.DotNet.Managed.ApplicationTick (no methods on this type are patched at all)
[2026-05-08 11:41:50.285] [CrestPatchSelfTest] HARD BEW.Module.OnApplicationTick (finalizer) — no patch found on TaleWorlds.MountAndBlade.Module.OnApplicationTick (other patched methods on this type: LoadSubModules, InitializeSubModuleBases, ProcessApplicationArguments, SetInitialModuleScreenAsRootScreen)
[2026-05-08 11:41:50.287] [CrestPatchSelfTest] HARD BEW.ScreenManager.Tick (finalizer) — no patch found on TaleWorlds.ScreenSystem.ScreenManager.Tick (no methods on this type are patched at all)
[2026-05-08 11:41:50.288] [CrestPatchSelfTest] HARD BEW.ManagedScriptHolder.TickComponents (finalizer) — no patch found on TaleWorlds.Engine.ManagedScriptHolder.TickComponents (no methods on this type are patched at all)
[2026-05-08 11:41:50.288] [CrestPatchSelfTest] HARD BEW.Mission.Tick (finalizer) — no patch found on TaleWorlds.MountAndBlade.Mission.Tick (other patched methods on this type: UpdateSceneTimeSpeed, OnTeamDeployed, OnDeploymentFinished, CanTakeControlOfAgent)
[2026-05-08 11:41:50.293] [CrestPatchSelfTest] SOFT UIExtenderEx.GauntletMovie.Load (conditional prefix) — no patch found on TaleWorlds.GauntletUI.Data.GauntletMovie.Load (other patched methods on this type: LoadMovie)
[2026-05-08 11:41:50.300] [CrestPatchSelfTest] OK   UIExtenderEx.WidgetFactory.GetCustomType (prefix) — bound by Bannerlord.UIExtenderEx.ResourceManager.WidgetFactoryManager.GetCustomTypePrefix on GetCustomType
[2026-05-08 11:41:50.301] [CrestPatchSelfTest] OK   UIExtenderEx.WidgetFactory.CreateBuiltinWidget (prefix) — bound by Bannerlord.UIExtenderEx.ResourceManager.WidgetFactoryManager.CreateBuiltinWidgetPrefix on CreateBuiltinWidget
[2026-05-08 11:41:50.306] [CrestPatchSelfTest] OK   UIExtenderEx.WidgetFactory.GetWidgetTypes (postfix) — bound by Bannerlord.UIExtenderEx.ResourceManager.WidgetFactoryManager.GetWidgetTypesPostfix on GetWidgetTypes
[2026-05-08 11:41:50.311] [CrestPatchSelfTest] OK   UIExtenderEx.WidgetFactory.IsCustomType (prefix) — bound by Bannerlord.UIExtenderEx.ResourceManager.WidgetFactoryManager.IsCustomTypePrefix on IsCustomType
[2026-05-08 11:41:50.312] [CrestPatchSelfTest] OK   UIExtenderEx.WidgetTemplate.CreateWidgets (transpiler, soft) — bound by Bannerlord.UIExtenderEx.ResourceManager.WidgetFactoryManager.BlankTranspiler on CreateWidgets
[2026-05-08 11:41:50.320] [CrestPatchSelfTest] OK   UIExtenderEx.GauntletMovie.LoadMovie (transpiler, soft) — bound by Bannerlord.UIExtenderEx.ResourceManager.WidgetFactoryManager.BlankTranspiler on LoadMovie
[2026-05-08 11:41:50.320] [CrestPatchSelfTest] summary: 7 bound, 7 hard miss, 1 soft miss (of 15 total)
[2026-05-08 11:41:50.328] [CrestCampaignLogFilter] patched CampaignInformationManager.NewLogEntryAdded — 39 classified entry types across 6 buckets
[2026-05-08 11:41:50.329] [CrestCutThroughEveryone] master toggle OFF at startup -- not binding patches (toggle on + restart to enable)
[2026-05-08 11:41:50.359] [CrestCampaignTweaks] FasterShips bound: TaleWorlds.CampaignSystem.Party.MobileParty.CalculateSpeed (postfix)
[2026-05-08 11:41:50.382] [CrestCampaignTweaks] AchievementsWithMods bound: SandBox.CampaignBehaviors.DumpIntegrityCampaignBehavior.IsGameIntegrityAchieved (postfix)
[2026-05-08 11:41:50.408] [CrestCampaignTweaks] AchievementsDeactivateBlock bound: StoryMode.GameComponents.CampaignBehaviors.AchievementsCampaignBehavior.DeactivateAchievements (prefix)
[2026-05-08 11:41:50.432] [CrestCampaignTweaks] RTSCameraNavalShim bound: RTSCamera.Patch.Naval.Patch_AgentNavalComponent.Prefix_OnTick (prefix)
[2026-05-08 11:41:50.448] [CrestCampaignTweaks] PreventClanDeath bound: TaleWorlds.CampaignSystem.CampaignBehaviors.AgingCampaignBehavior.IsItTimeOfDeath (prefix)
[2026-05-08 11:41:50.458] [CrestCampaignTweaks] PlayerNoFlinch bound: TaleWorlds.MountAndBlade.Mission.RegisterBlow (prefix)
[2026-05-08 11:41:50.472] [CrestCampaignTweaks] NoExecutionPenalty bound: TaleWorlds.CampaignSystem.CampaignBehaviors.CharacterRelationCampaignBehavior.OnHeroKilled (prefix)
[2026-05-08 11:41:50.486] [CrestCampaignTweaks] ClanTournamentExclusion bound: TaleWorlds.CampaignSystem.TournamentGames.FightTournamentGame.CanBeAParticipant (prefix)
[2026-05-08 11:41:50.500] [CrestCampaignTweaks] ClanPartySpeedBonus bound: TaleWorlds.CampaignSystem.Party.MobileParty.CalculateSpeed (postfix)
[2026-05-08 11:41:50.517] [CrestCampaignTweaks] StopPrisonerEscape (daily) bound: TaleWorlds.CampaignSystem.CampaignBehaviors.PrisonerReleaseCampaignBehavior.DailyHeroTick (prefix)
[2026-05-08 11:41:50.532] [CrestCampaignTweaks] StopPrisonerEscape (hourly) bound: TaleWorlds.CampaignSystem.CampaignBehaviors.PrisonerReleaseCampaignBehavior.HourlyPartyTick (prefix)
[2026-05-08 11:41:50.548] [CrestCampaignTweaks] LootCapturedHeroes bound: TaleWorlds.CampaignSystem.MapEvents.MapEvent.LootDefeatedPartyPrisoners (postfix)
[2026-05-08 11:41:50.563] [CrestCampaignTweaks] NoArrowsStuck bound: TaleWorlds.MountAndBlade.Mission.HandleMissileCollisionReaction (postfix)
[2026-05-08 11:41:50.577] [CrestCampaignTweaks] MarriageStaysInClan bound: TaleWorlds.CampaignSystem.GameComponents.DefaultMarriageModel.GetClanAfterMarriage (postfix)
[2026-05-08 11:41:50.590] [CrestCampaignTweaks] PregnancyChanceUncapped bound: TaleWorlds.CampaignSystem.GameComponents.DefaultPregnancyModel.GetDailyChanceOfPregnancyForHero (postfix)
[2026-05-08 11:41:50.604] [CrestCampaignTweaks] UnlockAllSmithingRecipes bound: TaleWorlds.CampaignSystem.CampaignBehaviors.CraftingCampaignBehavior.IsOpened (postfix)
[2026-05-08 11:41:50.618] [CrestCampaignTweaks] LifelongLearning bound: TaleWorlds.CampaignSystem.GameComponents.DefaultCharacterDevelopmentModel.CalculateLearningRate (postfix)
[2026-05-08 11:41:50.630] [CrestCampaignTweaks] TavernCompanions.DailyTick bound: TaleWorlds.CampaignSystem.CampaignBehaviors.CompanionsCampaignBehavior.DailyTick (postfix)
[2026-05-08 11:41:50.643] [CrestCampaignTweaks] TavernCompanions.DesiredCount bound: TaleWorlds.CampaignSystem.CampaignBehaviors.CompanionsCampaignBehavior.get__desiredTotalCompanionCount (postfix)
[2026-05-08 11:41:50.643] [CrestCampaignTweaks] patched campaign tweaks (legacy EnableCampaignTweaks group)
[2026-05-08 11:41:50.669] [CrestBattleSize] patched (always-on; preset count=7, agent cap=2040)
[2026-05-08 11:41:50.693] [CrestTierUnlocker] patched tier caps (gated on EnableTierUnlocker)
[2026-05-08 11:41:56.723] [CrestBattleConvergenceDialogueBehavior] registered rescue-thanks dialogue lines
[2026-05-08 11:41:56.723] [SubModule] Y.12d-feature#128: registered Battle Convergence rescue dialogue behavior
[2026-05-08 11:42:09.716] [CrestCampaignTweaks] AchievementsWithMods: blocked DeactivateAchievements call
[2026-05-08 11:42:15.552] [CrestCompanionHotswap] added swap + select behaviors to mission
[2026-05-08 11:42:15.555] [CrestBattleConvergence] added convergence behavior to mission
[2026-05-08 11:42:15.691] [CrestBattleConvergenceLogic] flat radius (slider mode): 100
[2026-05-08 11:42:15.740] [CrestBattleConvergenceLogic] Y.12d AfterStart: reinforce=True debug=False radius=100 maxPerSide=10 timerset=1000 playerSide=Attacker isPlayerDefender=False missionAgentSpawnLogic=null
[2026-05-08 11:42:20.641] [CrestBattleConvergenceLogic] Y.12d-fix16: ensured 10 custom ally formations (indices 10..19)
[2026-05-08 11:42:20.649] [CrestBattleConvergenceLogic] Cinema-fix-C symmetric radius: bothSidesRadius=700 (mult x7.0) â€” distance-filtered 0
[2026-05-08 11:42:20.649] [CrestBattleConvergenceLogic] Y.12d-fix23 stagger: initial=5s cadence=3s -> first lord at +5s, last (idx 36) at +113s
[2026-05-08 11:42:20.649] [CrestBattleConvergenceLogic] Y.12d Stage1: defenderSpawnPositions=3 attackerSpawnPositions=3 partiesSeen=1489 eligibleCandidates=37 neutralRej=53
[2026-05-08 11:42:20.676] [CrestBattleConvergenceLogic] OnMissionTick first call after Stage1: candidates=37
[2026-05-08 11:42:25.620] [CrestBattleConvergenceLogic] tick-status: now=8.1 pending=37 elapsed=1 closestRemaining=3.0s collectDef=0 collectAtt=0 reservedDef=0 reservedAtt=0
[2026-05-08 11:42:25.642] [CrestBattleConvergenceLogic] queued Servic's Party (Vlandia) team=1 side=Defender dist=7.3 active=1/10
[2026-05-08 11:42:26.633] [CrestBattleConvergenceLogic] registered Servic's Party on Defender: 127 agents queued (queue size now 127)
[2026-05-08 11:42:28.621] [CrestBattleConvergenceLogic] queued Adaltrud's Party (Vlandia) team=1 side=Defender dist=43.2 active=2/10
[2026-05-08 11:42:29.646] [CrestBattleConvergenceLogic] registered Adaltrud's Party on Defender: 72 agents queued (queue size now 169)
[2026-05-08 11:42:30.624] [CrestBattleConvergenceLogic] tick-status: now=13.1 pending=35 elapsed=0 closestRemaining=1.0s collectDef=0 collectAtt=0 reservedDef=139 reservedAtt=0
[2026-05-08 11:42:31.613] [CrestBattleConvergenceLogic] queued Ecarand's Party (Vlandia) team=1 side=Defender dist=57.4 active=3/10
[2026-05-08 11:42:32.662] [CrestBattleConvergenceLogic] registered Ecarand's Party on Defender: 74 agents queued (queue size now 213)
[2026-05-08 11:42:34.621] [CrestBattleConvergenceLogic] queued Furnhard's Party (Vlandia) team=1 side=Defender dist=70.9 active=4/10
[2026-05-08 11:42:35.631] [CrestBattleConvergenceLogic] tick-status: now=18.1 pending=33 elapsed=0 closestRemaining=2.0s collectDef=1 collectAtt=0 reservedDef=183 reservedAtt=0
[2026-05-08 11:42:35.668] [CrestBattleConvergenceLogic] registered Furnhard's Party on Defender: 53 agents queued (queue size now 236)
[2026-05-08 11:42:37.617] [CrestBattleConvergenceLogic] queued Belgir's Party (Vlandia) team=1 side=Defender dist=111.5 active=5/10
[2026-05-08 11:42:38.679] [CrestBattleConvergenceLogic] registered Belgir's Party on Defender: 135 agents queued (queue size now 341)
[2026-05-08 11:42:40.619] [CrestBattleConvergenceLogic] queued Hecard's Party (Vlandia) team=1 side=Defender dist=112.0 active=6/10
[2026-05-08 11:42:40.650] [CrestBattleConvergenceLogic] tick-status: now=23.1 pending=31 elapsed=0 closestRemaining=3.0s collectDef=1 collectAtt=0 reservedDef=311 reservedAtt=0
[2026-05-08 11:42:41.691] [CrestBattleConvergenceLogic] registered Hecard's Party on Defender: 130 agents queued (queue size now 441)
[2026-05-08 11:42:43.629] [CrestBattleConvergenceLogic] queued Richelda's Party (Vlandia) team=1 side=Defender dist=115.0 active=7/10
[2026-05-08 11:42:44.693] [CrestBattleConvergenceLogic] registered Richelda's Party on Defender: 82 agents queued (queue size now 493)
[2026-05-08 11:42:45.667] [CrestBattleConvergenceLogic] tick-status: now=28.1 pending=30 elapsed=0 closestRemaining=0.9s collectDef=0 collectAtt=0 reservedDef=463 reservedAtt=0
[2026-05-08 11:42:46.624] [CrestBattleConvergenceLogic] queued Vartin's Party (Vlandia) team=1 side=Defender dist=134.8 active=8/10
[2026-05-08 11:42:47.701] [CrestBattleConvergenceLogic] registered Vartin's Party on Defender: 64 agents queued (queue size now 527)
[2026-05-08 11:42:49.632] [CrestBattleConvergenceLogic]   reservedAgentCap look-ahead: queue=497+147=644 > cap=600; Romund's Party on Defender deferred (waitlist size 1)
[2026-05-08 11:42:50.686] [CrestBattleConvergenceLogic] tick-status: now=33.1 pending=28 elapsed=0 closestRemaining=1.9s collectDef=0 collectAtt=0 reservedDef=497 reservedAtt=0
[2026-05-08 11:42:52.629] [CrestBattleConvergenceLogic]   reservedAgentCap look-ahead: queue=467+290=757 > cap=600; Derthert's Party on Defender deferred (waitlist size 2)
[2026-05-08 11:42:55.639] [CrestBattleConvergenceLogic] queued Morcon's Party (Vlandia) team=1 side=Defender dist=138.4 active=9/10
[2026-05-08 11:42:55.698] [CrestBattleConvergenceLogic] tick-status: now=38.1 pending=26 elapsed=0 closestRemaining=2.9s collectDef=1 collectAtt=0 reservedDef=437 reservedAtt=0
[2026-05-08 11:42:56.722] [CrestBattleConvergenceLogic] registered Morcon's Party on Defender: 157 agents queued (queue size now 594)
[2026-05-08 11:42:58.635] [CrestBattleConvergenceLogic]   reservedAgentCap look-ahead: queue=564+171=735 > cap=600; Asgotha's Party on Attacker deferred (waitlist size 1)
[2026-05-08 11:43:00.700] [CrestBattleConvergenceLogic] tick-status: now=43.1 pending=25 elapsed=0 closestRemaining=0.9s collectDef=0 collectAtt=0 reservedDef=534 reservedAtt=0
[2026-05-08 11:43:01.625] [CrestBattleConvergenceLogic]   reservedAgentCap look-ahead: queue=534+103=637 > cap=600; Unthery's Party on Defender deferred (waitlist size 3)
[2026-05-08 11:43:04.637] [CrestBattleConvergenceLogic]   reservedAgentCap look-ahead: queue=504+113=617 > cap=600; Arthamund's Party on Defender deferred (waitlist size 4)
[2026-05-08 11:43:05.716] [CrestBattleConvergenceLogic] tick-status: now=48.1 pending=23 elapsed=0 closestRemaining=1.9s collectDef=0 collectAtt=0 reservedDef=504 reservedAtt=0
[2026-05-08 11:43:07.641] [CrestBattleConvergenceLogic] queued Calatild's Party (Vlandia) team=1 side=Defender dist=173.8 active=10/10
[2026-05-08 11:43:08.755] [CrestBattleConvergenceLogic] registered Calatild's Party on Defender: 109 agents queued (queue size now 583)
[2026-05-08 11:43:10.641] [CrestBattleConvergenceLogic]   cap reached on Defender (10/10); Ospir's Party added to waiting list (size 5)
[2026-05-08 11:43:10.724] [CrestBattleConvergenceLogic] tick-status: now=53.1 pending=21 elapsed=0 closestRemaining=2.9s collectDef=0 collectAtt=0 reservedDef=553 reservedAtt=0
[2026-05-08 11:43:14.284] [CrestBattleConvergenceLogic]   cap reached on Defender (10/10); Berican's Party added to waiting list (size 6)
[2026-05-08 11:43:16.374] [CrestBattleConvergenceLogic] tick-status: now=58.1 pending=20 elapsed=0 closestRemaining=0.9s collectDef=0 collectAtt=0 reservedDef=493 reservedAtt=0
[2026-05-08 11:43:17.285] [CrestBattleConvergenceLogic]   cap reached on Defender (10/10); Ingalther's Party added to waiting list (size 7)
[2026-05-08 11:43:20.290] [CrestBattleConvergenceLogic]   cap reached on Defender (10/10); Amalgun's Party added to waiting list (size 8)
[2026-05-08 11:43:21.377] [CrestBattleConvergenceLogic] tick-status: now=63.2 pending=18 elapsed=0 closestRemaining=1.9s collectDef=0 collectAtt=0 reservedDef=463 reservedAtt=0
[2026-05-08 11:43:23.280] [CrestBattleConvergenceLogic] queued Vidar's Party (Sturgia) team=0 side=Attacker dist=222.7 active=1/10
[2026-05-08 11:43:24.431] [CrestBattleConvergenceLogic] registered Vidar's Party on Attacker: 117 agents queued (queue size now 117)
[2026-05-08 11:43:26.304] [CrestBattleConvergenceLogic]   reservedAgentCap look-ahead: queue=490+251=741 > cap=600; Raganvad's Party on Attacker deferred (waitlist size 2)
[2026-05-08 11:43:26.399] [CrestBattleConvergenceLogic] tick-status: now=68.2 pending=16 elapsed=0 closestRemaining=2.9s collectDef=0 collectAtt=0 reservedDef=403 reservedAtt=87
[2026-05-08 11:43:31.492] [CrestBattleConvergenceLogic] tick-status: now=73.2 pending=15 elapsed=0 closestRemaining=0.9s collectDef=0 collectAtt=0 reservedDef=343 reservedAtt=27
[2026-05-08 11:43:51.392] [CrestBattleConvergenceLogic] queued Vyldur's Party (Sturgia) team=0 side=Attacker dist=223.5 active=2/10
[2026-05-08 11:43:52.518] [CrestBattleConvergenceLogic] tick-status: now=78.2 pending=13 elapsed=0 closestRemaining=1.9s collectDef=0 collectAtt=1 reservedDef=313 reservedAtt=0
[2026-05-08 11:43:52.561] [CrestBattleConvergenceLogic] registered Vyldur's Party on Attacker: 112 agents queued (queue size now 112)
[2026-05-08 11:43:54.410] [CrestBattleConvergenceLogic] queued Gautgar's Party (Nord) team=0 side=Attacker dist=292.2 active=3/10
[2026-05-08 11:43:55.606] [CrestBattleConvergenceLogic] registered Gautgar's Party on Attacker: 157 agents queued (queue size now 239)
[2026-05-08 11:43:57.437] [CrestBattleConvergenceLogic] queued Agrynja's Party (Nord) team=0 side=Attacker dist=317.4 active=4/10
[2026-05-08 11:43:57.571] [CrestBattleConvergenceLogic] tick-status: now=83.2 pending=11 elapsed=0 closestRemaining=2.9s collectDef=0 collectAtt=1 reservedDef=253 reservedAtt=209
[2026-05-08 11:43:58.645] [CrestBattleConvergenceLogic] registered Agrynja's Party on Attacker: 106 agents queued (queue size now 315)
[2026-05-08 11:44:00.479] [CrestBattleConvergenceLogic]   reservedAgentCap look-ahead: queue=508+134=642 > cap=600; Mimir's Party on Attacker deferred (waitlist size 3)
[2026-05-08 11:44:02.662] [CrestBattleConvergenceLogic] tick-status: now=88.2 pending=10 elapsed=0 closestRemaining=0.9s collectDef=0 collectAtt=0 reservedDef=193 reservedAtt=255
[2026-05-08 11:44:03.528] [CrestBattleConvergenceLogic]   reservedAgentCap look-ahead: queue=448+161=609 > cap=600; Grykka's Party on Attacker deferred (waitlist size 4)
[2026-05-08 11:44:06.527] [CrestBattleConvergenceLogic] queued Fafen's Party (Sturgia) team=0 side=Attacker dist=350.5 active=5/10
[2026-05-08 11:44:07.676] [CrestBattleConvergenceLogic] tick-status: now=93.2 pending=8 elapsed=0 closestRemaining=1.8s collectDef=0 collectAtt=1 reservedDef=163 reservedAtt=225
[2026-05-08 11:44:07.735] [CrestBattleConvergenceLogic] registered Fafen's Party on Attacker: 97 agents queued (queue size now 322)
[2026-05-08 11:44:09.552] [CrestBattleConvergenceLogic] queued Yorig's Party (Sturgia) team=0 side=Attacker dist=350.5 active=6/10
[2026-05-08 11:44:10.755] [CrestBattleConvergenceLogic] registered Yorig's Party on Attacker: 107 agents queued (queue size now 399)
[2026-05-08 12:23:01.573] [CrestUnblock] processed 265 files in 9ms
[2026-05-08 12:23:01.584] [CrestQuickStart] patched VideoPlaybackState.OnVideoStarted
[2026-05-08 12:23:01.590] [CrestMessageStyle] patched TaleWorlds.Library.InformationManager.DisplayMessage(InformationMessage)
[2026-05-08 12:23:01.590] [CrestFasterTime] registered (master toggle gates per-tick work)
[2026-05-08 12:23:03.505] [CrestMessageStyle] first DisplayMessage probe -- Mission.Current=null, Campaign.Current=null (Game.Current=null, informational only)
[2026-05-08 12:23:04.616] [CrestFasterTime] API resolved: Campaign.SpeedUpMultiplier=ok, SetTimeSpeed(int)=ok, Input.IsKeyPressed=ok
[2026-05-08 12:23:08.178] [CrestPatchSelfTest] GetAllPatchedMethods returned 358 methods
[2026-05-08 12:23:08.193] [CrestPatchSelfTest] OK   UIExtenderEx.WidgetPrefab.LoadFrom (transpiler) — bound by Bannerlord.UIExtenderEx.Patches.WidgetPrefabPatch.WidgetPrefab_LoadFrom_Transpiler on LoadFrom
[2026-05-08 12:23:08.200] [CrestPatchSelfTest] HARD ButterLib.Module.SetInitialModuleScreenAsRootScreen (transpiler) — target method patched, but no patch from Bannerlord.ButterLib.Implementation.MBSubModuleBaseExtended.Patches.ModulePatch (owners: [MCM.UI.Adapter.MCMv5]; declaring types: [MCM.UI.MCMUIAdapterSubModule])
[2026-05-08 12:23:08.200] [CrestPatchSelfTest] HARD ButterLib.Module.FinalizeSubModules (postfix) — no patch found on TaleWorlds.MountAndBlade.Module.FinalizeSubModules (other patched methods on this type: LoadSubModules, InitializeSubModuleBases, ProcessApplicationArguments, SetInitialModuleScreenAsRootScreen)
[2026-05-08 12:23:08.201] [CrestPatchSelfTest] HARD BEW.Managed.ApplicationTick (finalizer) — no patch found on TaleWorlds.DotNet.Managed.ApplicationTick (no methods on this type are patched at all)
[2026-05-08 12:23:08.202] [CrestPatchSelfTest] HARD BEW.Module.OnApplicationTick (finalizer) — no patch found on TaleWorlds.MountAndBlade.Module.OnApplicationTick (other patched methods on this type: LoadSubModules, InitializeSubModuleBases, ProcessApplicationArguments, SetInitialModuleScreenAsRootScreen)
[2026-05-08 12:23:08.205] [CrestPatchSelfTest] HARD BEW.ScreenManager.Tick (finalizer) — no patch found on TaleWorlds.ScreenSystem.ScreenManager.Tick (no methods on this type are patched at all)
[2026-05-08 12:23:08.205] [CrestPatchSelfTest] HARD BEW.ManagedScriptHolder.TickComponents (finalizer) — no patch found on TaleWorlds.Engine.ManagedScriptHolder.TickComponents (no methods on this type are patched at all)
[2026-05-08 12:23:08.208] [CrestPatchSelfTest] HARD BEW.Mission.Tick (finalizer) — no patch found on TaleWorlds.MountAndBlade.Mission.Tick (other patched methods on this type: UpdateSceneTimeSpeed, OnTeamDeployed, OnDeploymentFinished, CanTakeControlOfAgent)
[2026-05-08 12:23:08.216] [CrestPatchSelfTest] SOFT UIExtenderEx.GauntletMovie.Load (conditional prefix) — no patch found on TaleWorlds.GauntletUI.Data.GauntletMovie.Load (other patched methods on this type: LoadMovie)
[2026-05-08 12:23:08.218] [CrestPatchSelfTest] OK   UIExtenderEx.WidgetFactory.GetCustomType (prefix) — bound by Bannerlord.UIExtenderEx.ResourceManager.WidgetFactoryManager.GetCustomTypePrefix on GetCustomType
[2026-05-08 12:23:08.222] [CrestPatchSelfTest] OK   UIExtenderEx.WidgetFactory.CreateBuiltinWidget (prefix) — bound by Bannerlord.UIExtenderEx.ResourceManager.WidgetFactoryManager.CreateBuiltinWidgetPrefix on CreateBuiltinWidget
[2026-05-08 12:23:08.228] [CrestPatchSelfTest] OK   UIExtenderEx.WidgetFactory.GetWidgetTypes (postfix) — bound by Bannerlord.UIExtenderEx.ResourceManager.WidgetFactoryManager.GetWidgetTypesPostfix on GetWidgetTypes
[2026-05-08 12:23:08.230] [CrestPatchSelfTest] OK   UIExtenderEx.WidgetFactory.IsCustomType (prefix) — bound by Bannerlord.UIExtenderEx.ResourceManager.WidgetFactoryManager.IsCustomTypePrefix on IsCustomType
[2026-05-08 12:23:08.235] [CrestPatchSelfTest] OK   UIExtenderEx.WidgetTemplate.CreateWidgets (transpiler, soft) — bound by Bannerlord.UIExtenderEx.ResourceManager.WidgetFactoryManager.BlankTranspiler on CreateWidgets
[2026-05-08 12:23:08.240] [CrestPatchSelfTest] OK   UIExtenderEx.GauntletMovie.LoadMovie (transpiler, soft) — bound by Bannerlord.UIExtenderEx.ResourceManager.WidgetFactoryManager.BlankTranspiler on LoadMovie
[2026-05-08 12:23:08.240] [CrestPatchSelfTest] summary: 7 bound, 7 hard miss, 1 soft miss (of 15 total)
[2026-05-08 12:23:08.248] [CrestCampaignLogFilter] patched CampaignInformationManager.NewLogEntryAdded — 39 classified entry types across 6 buckets
[2026-05-08 12:23:08.248] [CrestCutThroughEveryone] master toggle OFF at startup -- not binding patches (toggle on + restart to enable)
[2026-05-08 12:23:08.281] [CrestCampaignTweaks] FasterShips bound: TaleWorlds.CampaignSystem.Party.MobileParty.CalculateSpeed (postfix)
[2026-05-08 12:23:08.304] [CrestCampaignTweaks] AchievementsWithMods bound: SandBox.CampaignBehaviors.DumpIntegrityCampaignBehavior.IsGameIntegrityAchieved (postfix)
[2026-05-08 12:23:08.329] [CrestCampaignTweaks] AchievementsDeactivateBlock bound: StoryMode.GameComponents.CampaignBehaviors.AchievementsCampaignBehavior.DeactivateAchievements (prefix)
[2026-05-08 12:23:08.355] [CrestCampaignTweaks] RTSCameraNavalShim bound: RTSCamera.Patch.Naval.Patch_AgentNavalComponent.Prefix_OnTick (prefix)
[2026-05-08 12:23:08.371] [CrestCampaignTweaks] PreventClanDeath bound: TaleWorlds.CampaignSystem.CampaignBehaviors.AgingCampaignBehavior.IsItTimeOfDeath (prefix)
[2026-05-08 12:23:08.382] [CrestCampaignTweaks] PlayerNoFlinch bound: TaleWorlds.MountAndBlade.Mission.RegisterBlow (prefix)
[2026-05-08 12:23:08.398] [CrestCampaignTweaks] NoExecutionPenalty bound: TaleWorlds.CampaignSystem.CampaignBehaviors.CharacterRelationCampaignBehavior.OnHeroKilled (prefix)
[2026-05-08 12:23:08.414] [CrestCampaignTweaks] ClanTournamentExclusion bound: TaleWorlds.CampaignSystem.TournamentGames.FightTournamentGame.CanBeAParticipant (prefix)
[2026-05-08 12:23:08.429] [CrestCampaignTweaks] ClanPartySpeedBonus bound: TaleWorlds.CampaignSystem.Party.MobileParty.CalculateSpeed (postfix)
[2026-05-08 12:23:08.447] [CrestCampaignTweaks] StopPrisonerEscape (daily) bound: TaleWorlds.CampaignSystem.CampaignBehaviors.PrisonerReleaseCampaignBehavior.DailyHeroTick (prefix)
[2026-05-08 12:23:08.463] [CrestCampaignTweaks] StopPrisonerEscape (hourly) bound: TaleWorlds.CampaignSystem.CampaignBehaviors.PrisonerReleaseCampaignBehavior.HourlyPartyTick (prefix)
[2026-05-08 12:23:08.480] [CrestCampaignTweaks] LootCapturedHeroes bound: TaleWorlds.CampaignSystem.MapEvents.MapEvent.LootDefeatedPartyPrisoners (postfix)
[2026-05-08 12:23:08.495] [CrestCampaignTweaks] NoArrowsStuck bound: TaleWorlds.MountAndBlade.Mission.HandleMissileCollisionReaction (postfix)
[2026-05-08 12:23:08.509] [CrestCampaignTweaks] MarriageStaysInClan bound: TaleWorlds.CampaignSystem.GameComponents.DefaultMarriageModel.GetClanAfterMarriage (postfix)
[2026-05-08 12:23:08.525] [CrestCampaignTweaks] PregnancyChanceUncapped bound: TaleWorlds.CampaignSystem.GameComponents.DefaultPregnancyModel.GetDailyChanceOfPregnancyForHero (postfix)
[2026-05-08 12:23:08.539] [CrestCampaignTweaks] UnlockAllSmithingRecipes bound: TaleWorlds.CampaignSystem.CampaignBehaviors.CraftingCampaignBehavior.IsOpened (postfix)
[2026-05-08 12:23:08.554] [CrestCampaignTweaks] LifelongLearning bound: TaleWorlds.CampaignSystem.GameComponents.DefaultCharacterDevelopmentModel.CalculateLearningRate (postfix)
[2026-05-08 12:23:08.567] [CrestCampaignTweaks] TavernCompanions.DailyTick bound: TaleWorlds.CampaignSystem.CampaignBehaviors.CompanionsCampaignBehavior.DailyTick (postfix)
[2026-05-08 12:23:08.580] [CrestCampaignTweaks] TavernCompanions.DesiredCount bound: TaleWorlds.CampaignSystem.CampaignBehaviors.CompanionsCampaignBehavior.get__desiredTotalCompanionCount (postfix)
[2026-05-08 12:23:08.580] [CrestCampaignTweaks] patched campaign tweaks (legacy EnableCampaignTweaks group)
[2026-05-08 12:23:08.611] [CrestBattleSize] patched (always-on; preset count=7, agent cap=2040)
[2026-05-08 12:23:08.633] [CrestTierUnlocker] patched tier caps (gated on EnableTierUnlocker)
[2026-05-08 12:23:45.650] [CrestBattleConvergenceDialogueBehavior] registered rescue-thanks dialogue lines
[2026-05-08 12:23:45.650] [SubModule] Y.12d-feature#128: registered Battle Convergence rescue dialogue behavior
[2026-05-08 12:23:54.201] [CrestCampaignTweaks] AchievementsWithMods: blocked DeactivateAchievements call
[2026-05-08 12:24:46.469] [CrestUnblock] processed 265 files in 13ms
[2026-05-08 12:24:46.480] [CrestQuickStart] patched VideoPlaybackState.OnVideoStarted
[2026-05-08 12:24:46.490] [CrestMessageStyle] patched TaleWorlds.Library.InformationManager.DisplayMessage(InformationMessage)
[2026-05-08 12:24:46.490] [CrestFasterTime] registered (master toggle gates per-tick work)
[2026-05-08 12:24:48.431] [CrestMessageStyle] first DisplayMessage probe -- Mission.Current=null, Campaign.Current=null (Game.Current=null, informational only)
[2026-05-08 12:24:49.525] [CrestFasterTime] API resolved: Campaign.SpeedUpMultiplier=ok, SetTimeSpeed(int)=ok, Input.IsKeyPressed=ok
[2026-05-08 12:24:53.141] [CrestPatchSelfTest] GetAllPatchedMethods returned 358 methods
[2026-05-08 12:24:53.159] [CrestPatchSelfTest] OK   UIExtenderEx.WidgetPrefab.LoadFrom (transpiler) — bound by Bannerlord.UIExtenderEx.Patches.WidgetPrefabPatch.WidgetPrefab_LoadFrom_Transpiler on LoadFrom
[2026-05-08 12:24:53.163] [CrestPatchSelfTest] HARD ButterLib.Module.SetInitialModuleScreenAsRootScreen (transpiler) — target method patched, but no patch from Bannerlord.ButterLib.Implementation.MBSubModuleBaseExtended.Patches.ModulePatch (owners: [MCM.UI.Adapter.MCMv5]; declaring types: [MCM.UI.MCMUIAdapterSubModule])
[2026-05-08 12:24:53.164] [CrestPatchSelfTest] HARD ButterLib.Module.FinalizeSubModules (postfix) — no patch found on TaleWorlds.MountAndBlade.Module.FinalizeSubModules (other patched methods on this type: LoadSubModules, InitializeSubModuleBases, ProcessApplicationArguments, SetInitialModuleScreenAsRootScreen)
[2026-05-08 12:24:53.166] [CrestPatchSelfTest] HARD BEW.Managed.ApplicationTick (finalizer) — no patch found on TaleWorlds.DotNet.Managed.ApplicationTick (no methods on this type are patched at all)
[2026-05-08 12:24:53.170] [CrestPatchSelfTest] HARD BEW.Module.OnApplicationTick (finalizer) — no patch found on TaleWorlds.MountAndBlade.Module.OnApplicationTick (other patched methods on this type: LoadSubModules, InitializeSubModuleBases, ProcessApplicationArguments, SetInitialModuleScreenAsRootScreen)
[2026-05-08 12:24:53.172] [CrestPatchSelfTest] HARD BEW.ScreenManager.Tick (finalizer) — no patch found on TaleWorlds.ScreenSystem.ScreenManager.Tick (no methods on this type are patched at all)
[2026-05-08 12:24:53.173] [CrestPatchSelfTest] HARD BEW.ManagedScriptHolder.TickComponents (finalizer) — no patch found on TaleWorlds.Engine.ManagedScriptHolder.TickComponents (no methods on this type are patched at all)
[2026-05-08 12:24:53.174] [CrestPatchSelfTest] HARD BEW.Mission.Tick (finalizer) — no patch found on TaleWorlds.MountAndBlade.Mission.Tick (other patched methods on this type: UpdateSceneTimeSpeed, OnTeamDeployed, OnDeploymentFinished, CanTakeControlOfAgent)
[2026-05-08 12:24:53.179] [CrestPatchSelfTest] SOFT UIExtenderEx.GauntletMovie.Load (conditional prefix) — no patch found on TaleWorlds.GauntletUI.Data.GauntletMovie.Load (other patched methods on this type: LoadMovie)
[2026-05-08 12:24:53.187] [CrestPatchSelfTest] OK   UIExtenderEx.WidgetFactory.GetCustomType (prefix) — bound by Bannerlord.UIExtenderEx.ResourceManager.WidgetFactoryManager.GetCustomTypePrefix on GetCustomType
[2026-05-08 12:24:53.189] [CrestPatchSelfTest] OK   UIExtenderEx.WidgetFactory.CreateBuiltinWidget (prefix) — bound by Bannerlord.UIExtenderEx.ResourceManager.WidgetFactoryManager.CreateBuiltinWidgetPrefix on CreateBuiltinWidget
[2026-05-08 12:24:53.192] [CrestPatchSelfTest] OK   UIExtenderEx.WidgetFactory.GetWidgetTypes (postfix) — bound by Bannerlord.UIExtenderEx.ResourceManager.WidgetFactoryManager.GetWidgetTypesPostfix on GetWidgetTypes
[2026-05-08 12:24:53.200] [CrestPatchSelfTest] OK   UIExtenderEx.WidgetFactory.IsCustomType (prefix) — bound by Bannerlord.UIExtenderEx.ResourceManager.WidgetFactoryManager.IsCustomTypePrefix on IsCustomType
[2026-05-08 12:24:53.201] [CrestPatchSelfTest] OK   UIExtenderEx.WidgetTemplate.CreateWidgets (transpiler, soft) — bound by Bannerlord.UIExtenderEx.ResourceManager.WidgetFactoryManager.BlankTranspiler on CreateWidgets
[2026-05-08 12:24:53.208] [CrestPatchSelfTest] OK   UIExtenderEx.GauntletMovie.LoadMovie (transpiler, soft) — bound by Bannerlord.UIExtenderEx.ResourceManager.WidgetFactoryManager.BlankTranspiler on LoadMovie
[2026-05-08 12:24:53.208] [CrestPatchSelfTest] summary: 7 bound, 7 hard miss, 1 soft miss (of 15 total)
[2026-05-08 12:24:53.217] [CrestCampaignLogFilter] patched CampaignInformationManager.NewLogEntryAdded — 39 classified entry types across 6 buckets
[2026-05-08 12:24:53.217] [CrestCutThroughEveryone] master toggle OFF at startup -- not binding patches (toggle on + restart to enable)
[2026-05-08 12:24:53.250] [CrestCampaignTweaks] FasterShips bound: TaleWorlds.CampaignSystem.Party.MobileParty.CalculateSpeed (postfix)
[2026-05-08 12:24:53.271] [CrestCampaignTweaks] AchievementsWithMods bound: SandBox.CampaignBehaviors.DumpIntegrityCampaignBehavior.IsGameIntegrityAchieved (postfix)
[2026-05-08 12:24:53.298] [CrestCampaignTweaks] AchievementsDeactivateBlock bound: StoryMode.GameComponents.CampaignBehaviors.AchievementsCampaignBehavior.DeactivateAchievements (prefix)
[2026-05-08 12:24:53.323] [CrestCampaignTweaks] RTSCameraNavalShim bound: RTSCamera.Patch.Naval.Patch_AgentNavalComponent.Prefix_OnTick (prefix)
[2026-05-08 12:24:53.339] [CrestCampaignTweaks] PreventClanDeath bound: TaleWorlds.CampaignSystem.CampaignBehaviors.AgingCampaignBehavior.IsItTimeOfDeath (prefix)
[2026-05-08 12:24:53.349] [CrestCampaignTweaks] PlayerNoFlinch bound: TaleWorlds.MountAndBlade.Mission.RegisterBlow (prefix)
[2026-05-08 12:24:53.362] [CrestCampaignTweaks] NoExecutionPenalty bound: TaleWorlds.CampaignSystem.CampaignBehaviors.CharacterRelationCampaignBehavior.OnHeroKilled (prefix)
[2026-05-08 12:24:53.376] [CrestCampaignTweaks] ClanTournamentExclusion bound: TaleWorlds.CampaignSystem.TournamentGames.FightTournamentGame.CanBeAParticipant (prefix)
[2026-05-08 12:24:53.392] [CrestCampaignTweaks] ClanPartySpeedBonus bound: TaleWorlds.CampaignSystem.Party.MobileParty.CalculateSpeed (postfix)
[2026-05-08 12:24:53.411] [CrestCampaignTweaks] StopPrisonerEscape (daily) bound: TaleWorlds.CampaignSystem.CampaignBehaviors.PrisonerReleaseCampaignBehavior.DailyHeroTick (prefix)
[2026-05-08 12:24:53.427] [CrestCampaignTweaks] StopPrisonerEscape (hourly) bound: TaleWorlds.CampaignSystem.CampaignBehaviors.PrisonerReleaseCampaignBehavior.HourlyPartyTick (prefix)
[2026-05-08 12:24:53.445] [CrestCampaignTweaks] LootCapturedHeroes bound: TaleWorlds.CampaignSystem.MapEvents.MapEvent.LootDefeatedPartyPrisoners (postfix)
[2026-05-08 12:24:53.460] [CrestCampaignTweaks] NoArrowsStuck bound: TaleWorlds.MountAndBlade.Mission.HandleMissileCollisionReaction (postfix)
[2026-05-08 12:24:53.475] [CrestCampaignTweaks] MarriageStaysInClan bound: TaleWorlds.CampaignSystem.GameComponents.DefaultMarriageModel.GetClanAfterMarriage (postfix)
[2026-05-08 12:24:53.494] [CrestCampaignTweaks] PregnancyChanceUncapped bound: TaleWorlds.CampaignSystem.GameComponents.DefaultPregnancyModel.GetDailyChanceOfPregnancyForHero (postfix)
[2026-05-08 12:24:53.508] [CrestCampaignTweaks] UnlockAllSmithingRecipes bound: TaleWorlds.CampaignSystem.CampaignBehaviors.CraftingCampaignBehavior.IsOpened (postfix)
[2026-05-08 12:24:53.524] [CrestCampaignTweaks] LifelongLearning bound: TaleWorlds.CampaignSystem.GameComponents.DefaultCharacterDevelopmentModel.CalculateLearningRate (postfix)
[2026-05-08 12:24:53.538] [CrestCampaignTweaks] TavernCompanions.DailyTick bound: TaleWorlds.CampaignSystem.CampaignBehaviors.CompanionsCampaignBehavior.DailyTick (postfix)
[2026-05-08 12:24:53.552] [CrestCampaignTweaks] TavernCompanions.DesiredCount bound: TaleWorlds.CampaignSystem.CampaignBehaviors.CompanionsCampaignBehavior.get__desiredTotalCompanionCount (postfix)
[2026-05-08 12:24:53.552] [CrestCampaignTweaks] patched campaign tweaks (legacy EnableCampaignTweaks group)
[2026-05-08 12:24:53.580] [CrestBattleSize] patched (always-on; preset count=7, agent cap=2040)
[2026-05-08 12:24:53.605] [CrestTierUnlocker] patched tier caps (gated on EnableTierUnlocker)
[2026-05-08 12:25:12.731] [CrestCampaignTweaks] AchievementsWithMods: blocked DeactivateAchievements call
[2026-05-08 12:34:14.296] [CrestUnblock] processed 265 files in 13ms
[2026-05-08 12:34:14.307] [CrestQuickStart] patched VideoPlaybackState.OnVideoStarted
[2026-05-08 12:34:14.317] [CrestMessageStyle] patched TaleWorlds.Library.InformationManager.DisplayMessage(InformationMessage)
[2026-05-08 12:34:14.317] [CrestFasterTime] registered (master toggle gates per-tick work)
[2026-05-08 12:34:16.233] [CrestMessageStyle] first DisplayMessage probe -- Mission.Current=null, Campaign.Current=null (Game.Current=null, informational only)
[2026-05-08 12:34:20.941] [CrestPatchSelfTest] GetAllPatchedMethods returned 358 methods
[2026-05-08 12:34:20.959] [CrestPatchSelfTest] OK   UIExtenderEx.WidgetPrefab.LoadFrom (transpiler) — bound by Bannerlord.UIExtenderEx.Patches.WidgetPrefabPatch.WidgetPrefab_LoadFrom_Transpiler on LoadFrom
[2026-05-08 12:34:20.963] [CrestPatchSelfTest] HARD ButterLib.Module.SetInitialModuleScreenAsRootScreen (transpiler) — target method patched, but no patch from Bannerlord.ButterLib.Implementation.MBSubModuleBaseExtended.Patches.ModulePatch (owners: [MCM.UI.Adapter.MCMv5]; declaring types: [MCM.UI.MCMUIAdapterSubModule])
[2026-05-08 12:34:20.964] [CrestPatchSelfTest] HARD ButterLib.Module.FinalizeSubModules (postfix) — no patch found on TaleWorlds.MountAndBlade.Module.FinalizeSubModules (other patched methods on this type: LoadSubModules, InitializeSubModuleBases, ProcessApplicationArguments, SetInitialModuleScreenAsRootScreen)
[2026-05-08 12:34:20.965] [CrestPatchSelfTest] HARD BEW.Managed.ApplicationTick (finalizer) — no patch found on TaleWorlds.DotNet.Managed.ApplicationTick (no methods on this type are patched at all)
[2026-05-08 12:34:20.970] [CrestPatchSelfTest] HARD BEW.Module.OnApplicationTick (finalizer) — no patch found on TaleWorlds.MountAndBlade.Module.OnApplicationTick (other patched methods on this type: LoadSubModules, InitializeSubModuleBases, ProcessApplicationArguments, SetInitialModuleScreenAsRootScreen)
[2026-05-08 12:34:20.974] [CrestPatchSelfTest] HARD BEW.ScreenManager.Tick (finalizer) — no patch found on TaleWorlds.ScreenSystem.ScreenManager.Tick (no methods on this type are patched at all)
[2026-05-08 12:34:20.974] [CrestPatchSelfTest] HARD BEW.ManagedScriptHolder.TickComponents (finalizer) — no patch found on TaleWorlds.Engine.ManagedScriptHolder.TickComponents (no methods on this type are patched at all)
[2026-05-08 12:34:20.975] [CrestPatchSelfTest] HARD BEW.Mission.Tick (finalizer) — no patch found on TaleWorlds.MountAndBlade.Mission.Tick (other patched methods on this type: UpdateSceneTimeSpeed, OnTeamDeployed, OnDeploymentFinished, CanTakeControlOfAgent)
[2026-05-08 12:34:20.979] [CrestPatchSelfTest] SOFT UIExtenderEx.GauntletMovie.Load (conditional prefix) — no patch found on TaleWorlds.GauntletUI.Data.GauntletMovie.Load (other patched methods on this type: LoadMovie)
[2026-05-08 12:34:20.988] [CrestPatchSelfTest] OK   UIExtenderEx.WidgetFactory.GetCustomType (prefix) — bound by Bannerlord.UIExtenderEx.ResourceManager.WidgetFactoryManager.GetCustomTypePrefix on GetCustomType
[2026-05-08 12:34:20.989] [CrestPatchSelfTest] OK   UIExtenderEx.WidgetFactory.CreateBuiltinWidget (prefix) — bound by Bannerlord.UIExtenderEx.ResourceManager.WidgetFactoryManager.CreateBuiltinWidgetPrefix on CreateBuiltinWidget
[2026-05-08 12:34:20.993] [CrestPatchSelfTest] OK   UIExtenderEx.WidgetFactory.GetWidgetTypes (postfix) — bound by Bannerlord.UIExtenderEx.ResourceManager.WidgetFactoryManager.GetWidgetTypesPostfix on GetWidgetTypes
[2026-05-08 12:34:21.000] [CrestPatchSelfTest] OK   UIExtenderEx.WidgetFactory.IsCustomType (prefix) — bound by Bannerlord.UIExtenderEx.ResourceManager.WidgetFactoryManager.IsCustomTypePrefix on IsCustomType
[2026-05-08 12:34:21.001] [CrestPatchSelfTest] OK   UIExtenderEx.WidgetTemplate.CreateWidgets (transpiler, soft) — bound by Bannerlord.UIExtenderEx.ResourceManager.WidgetFactoryManager.BlankTranspiler on CreateWidgets
[2026-05-08 12:34:21.007] [CrestPatchSelfTest] OK   UIExtenderEx.GauntletMovie.LoadMovie (transpiler, soft) — bound by Bannerlord.UIExtenderEx.ResourceManager.WidgetFactoryManager.BlankTranspiler on LoadMovie
[2026-05-08 12:34:21.007] [CrestPatchSelfTest] summary: 7 bound, 7 hard miss, 1 soft miss (of 15 total)
[2026-05-08 12:34:21.018] [CrestCampaignLogFilter] patched CampaignInformationManager.NewLogEntryAdded — 39 classified entry types across 6 buckets
[2026-05-08 12:34:21.025] [CrestCutThroughEveryone] master toggle OFF at startup -- not binding patches (toggle on + restart to enable)
[2026-05-08 12:34:21.059] [CrestCampaignTweaks] FasterShips bound: TaleWorlds.CampaignSystem.Party.MobileParty.CalculateSpeed (postfix)
[2026-05-08 12:34:21.081] [CrestCampaignTweaks] AchievementsWithMods bound: SandBox.CampaignBehaviors.DumpIntegrityCampaignBehavior.IsGameIntegrityAchieved (postfix)
[2026-05-08 12:34:21.107] [CrestCampaignTweaks] AchievementsDeactivateBlock bound: StoryMode.GameComponents.CampaignBehaviors.AchievementsCampaignBehavior.DeactivateAchievements (prefix)
[2026-05-08 12:34:21.132] [CrestCampaignTweaks] RTSCameraNavalShim bound: RTSCamera.Patch.Naval.Patch_AgentNavalComponent.Prefix_OnTick (prefix)
[2026-05-08 12:34:21.132] [CrestCampaignTweaks] EnableCampaignTweaks OFF -- legacy tweaks not bound (standalone features still active)
[2026-05-08 12:34:21.164] [CrestBattleSize] patched (always-on; preset count=7, agent cap=2040)
[2026-05-08 12:34:21.164] [CrestTierUnlocker] master toggle OFF -- not binding tier-cap patches
[2026-05-08 12:34:29.746] [CrestFasterTime] API resolved: Campaign.SpeedUpMultiplier=ok, SetTimeSpeed(int)=ok, Input.IsKeyPressed=ok
[2026-05-08 12:34:36.575] [CrestBattleConvergenceDialogueBehavior] registered rescue-thanks dialogue lines
[2026-05-08 12:34:36.575] [SubModule] Y.12d-feature#128: registered Battle Convergence rescue dialogue behavior
[2026-05-08 12:34:45.234] [CrestCampaignTweaks] AchievementsWithMods: blocked DeactivateAchievements call
[2026-05-08 12:35:09.409] [CrestUnblock] processed 265 files in 13ms
[2026-05-08 12:35:09.420] [CrestQuickStart] patched VideoPlaybackState.OnVideoStarted
[2026-05-08 12:35:09.429] [CrestMessageStyle] patched TaleWorlds.Library.InformationManager.DisplayMessage(InformationMessage)
[2026-05-08 12:35:09.429] [CrestFasterTime] registered (master toggle gates per-tick work)
[2026-05-08 12:35:11.363] [CrestMessageStyle] first DisplayMessage probe -- Mission.Current=null, Campaign.Current=null (Game.Current=null, informational only)
[2026-05-08 12:35:12.468] [CrestFasterTime] API resolved: Campaign.SpeedUpMultiplier=ok, SetTimeSpeed(int)=ok, Input.IsKeyPressed=ok
[2026-05-08 12:35:15.968] [CrestPatchSelfTest] GetAllPatchedMethods returned 358 methods
[2026-05-08 12:35:15.982] [CrestPatchSelfTest] OK   UIExtenderEx.WidgetPrefab.LoadFrom (transpiler) — bound by Bannerlord.UIExtenderEx.Patches.WidgetPrefabPatch.WidgetPrefab_LoadFrom_Transpiler on LoadFrom
[2026-05-08 12:35:15.989] [CrestPatchSelfTest] HARD ButterLib.Module.SetInitialModuleScreenAsRootScreen (transpiler) — target method patched, but no patch from Bannerlord.ButterLib.Implementation.MBSubModuleBaseExtended.Patches.ModulePatch (owners: [MCM.UI.Adapter.MCMv5]; declaring types: [MCM.UI.MCMUIAdapterSubModule])
[2026-05-08 12:35:15.989] [CrestPatchSelfTest] HARD ButterLib.Module.FinalizeSubModules (postfix) — no patch found on TaleWorlds.MountAndBlade.Module.FinalizeSubModules (other patched methods on this type: LoadSubModules, InitializeSubModuleBases, ProcessApplicationArguments, SetInitialModuleScreenAsRootScreen)
[2026-05-08 12:35:15.991] [CrestPatchSelfTest] HARD BEW.Managed.ApplicationTick (finalizer) — no patch found on TaleWorlds.DotNet.Managed.ApplicationTick (no methods on this type are patched at all)
[2026-05-08 12:35:15.992] [CrestPatchSelfTest] HARD BEW.Module.OnApplicationTick (finalizer) — no patch found on TaleWorlds.MountAndBlade.Module.OnApplicationTick (other patched methods on this type: LoadSubModules, InitializeSubModuleBases, ProcessApplicationArguments, SetInitialModuleScreenAsRootScreen)
[2026-05-08 12:35:15.994] [CrestPatchSelfTest] HARD BEW.ScreenManager.Tick (finalizer) — no patch found on TaleWorlds.ScreenSystem.ScreenManager.Tick (no methods on this type are patched at all)
[2026-05-08 12:35:15.995] [CrestPatchSelfTest] HARD BEW.ManagedScriptHolder.TickComponents (finalizer) — no patch found on TaleWorlds.Engine.ManagedScriptHolder.TickComponents (no methods on this type are patched at all)
[2026-05-08 12:35:15.996] [CrestPatchSelfTest] HARD BEW.Mission.Tick (finalizer) — no patch found on TaleWorlds.MountAndBlade.Mission.Tick (other patched methods on this type: UpdateSceneTimeSpeed, OnTeamDeployed, OnDeploymentFinished, CanTakeControlOfAgent)
[2026-05-08 12:35:16.004] [CrestPatchSelfTest] SOFT UIExtenderEx.GauntletMovie.Load (conditional prefix) — no patch found on TaleWorlds.GauntletUI.Data.GauntletMovie.Load (other patched methods on this type: LoadMovie)
[2026-05-08 12:35:16.008] [CrestPatchSelfTest] OK   UIExtenderEx.WidgetFactory.GetCustomType (prefix) — bound by Bannerlord.UIExtenderEx.ResourceManager.WidgetFactoryManager.GetCustomTypePrefix on GetCustomType
[2026-05-08 12:35:16.010] [CrestPatchSelfTest] OK   UIExtenderEx.WidgetFactory.CreateBuiltinWidget (prefix) — bound by Bannerlord.UIExtenderEx.ResourceManager.WidgetFactoryManager.CreateBuiltinWidgetPrefix on CreateBuiltinWidget
[2026-05-08 12:35:16.020] [CrestPatchSelfTest] OK   UIExtenderEx.WidgetFactory.GetWidgetTypes (postfix) — bound by Bannerlord.UIExtenderEx.ResourceManager.WidgetFactoryManager.GetWidgetTypesPostfix on GetWidgetTypes
[2026-05-08 12:35:16.021] [CrestPatchSelfTest] OK   UIExtenderEx.WidgetFactory.IsCustomType (prefix) — bound by Bannerlord.UIExtenderEx.ResourceManager.WidgetFactoryManager.IsCustomTypePrefix on IsCustomType
[2026-05-08 12:35:16.024] [CrestPatchSelfTest] OK   UIExtenderEx.WidgetTemplate.CreateWidgets (transpiler, soft) — bound by Bannerlord.UIExtenderEx.ResourceManager.WidgetFactoryManager.BlankTranspiler on CreateWidgets
[2026-05-08 12:35:16.034] [CrestPatchSelfTest] OK   UIExtenderEx.GauntletMovie.LoadMovie (transpiler, soft) — bound by Bannerlord.UIExtenderEx.ResourceManager.WidgetFactoryManager.BlankTranspiler on LoadMovie
[2026-05-08 12:35:16.034] [CrestPatchSelfTest] summary: 7 bound, 7 hard miss, 1 soft miss (of 15 total)
[2026-05-08 12:35:16.042] [CrestCampaignLogFilter] patched CampaignInformationManager.NewLogEntryAdded — 39 classified entry types across 6 buckets
[2026-05-08 12:35:16.042] [CrestCutThroughEveryone] master toggle OFF at startup -- not binding patches (toggle on + restart to enable)
[2026-05-08 12:35:16.078] [CrestCampaignTweaks] FasterShips bound: TaleWorlds.CampaignSystem.Party.MobileParty.CalculateSpeed (postfix)
[2026-05-08 12:35:16.102] [CrestCampaignTweaks] AchievementsWithMods bound: SandBox.CampaignBehaviors.DumpIntegrityCampaignBehavior.IsGameIntegrityAchieved (postfix)
[2026-05-08 12:35:16.130] [CrestCampaignTweaks] AchievementsDeactivateBlock bound: StoryMode.GameComponents.CampaignBehaviors.AchievementsCampaignBehavior.DeactivateAchievements (prefix)
[2026-05-08 12:35:16.157] [CrestCampaignTweaks] RTSCameraNavalShim bound: RTSCamera.Patch.Naval.Patch_AgentNavalComponent.Prefix_OnTick (prefix)
[2026-05-08 12:35:16.175] [CrestCampaignTweaks] PreventClanDeath bound: TaleWorlds.CampaignSystem.CampaignBehaviors.AgingCampaignBehavior.IsItTimeOfDeath (prefix)
[2026-05-08 12:35:16.187] [CrestCampaignTweaks] PlayerNoFlinch bound: TaleWorlds.MountAndBlade.Mission.RegisterBlow (prefix)
[2026-05-08 12:35:16.201] [CrestCampaignTweaks] NoExecutionPenalty bound: TaleWorlds.CampaignSystem.CampaignBehaviors.CharacterRelationCampaignBehavior.OnHeroKilled (prefix)
[2026-05-08 12:35:16.218] [CrestCampaignTweaks] ClanTournamentExclusion bound: TaleWorlds.CampaignSystem.TournamentGames.FightTournamentGame.CanBeAParticipant (prefix)
[2026-05-08 12:35:16.235] [CrestCampaignTweaks] ClanPartySpeedBonus bound: TaleWorlds.CampaignSystem.Party.MobileParty.CalculateSpeed (postfix)
[2026-05-08 12:35:16.254] [CrestCampaignTweaks] StopPrisonerEscape (daily) bound: TaleWorlds.CampaignSystem.CampaignBehaviors.PrisonerReleaseCampaignBehavior.DailyHeroTick (prefix)
[2026-05-08 12:35:16.270] [CrestCampaignTweaks] StopPrisonerEscape (hourly) bound: TaleWorlds.CampaignSystem.CampaignBehaviors.PrisonerReleaseCampaignBehavior.HourlyPartyTick (prefix)
[2026-05-08 12:35:16.289] [CrestCampaignTweaks] LootCapturedHeroes bound: TaleWorlds.CampaignSystem.MapEvents.MapEvent.LootDefeatedPartyPrisoners (postfix)
[2026-05-08 12:35:16.305] [CrestCampaignTweaks] NoArrowsStuck bound: TaleWorlds.MountAndBlade.Mission.HandleMissileCollisionReaction (postfix)
[2026-05-08 12:35:16.319] [CrestCampaignTweaks] MarriageStaysInClan bound: TaleWorlds.CampaignSystem.GameComponents.DefaultMarriageModel.GetClanAfterMarriage (postfix)
[2026-05-08 12:35:16.334] [CrestCampaignTweaks] PregnancyChanceUncapped bound: TaleWorlds.CampaignSystem.GameComponents.DefaultPregnancyModel.GetDailyChanceOfPregnancyForHero (postfix)
[2026-05-08 12:35:16.350] [CrestCampaignTweaks] UnlockAllSmithingRecipes bound: TaleWorlds.CampaignSystem.CampaignBehaviors.CraftingCampaignBehavior.IsOpened (postfix)
[2026-05-08 12:35:16.365] [CrestCampaignTweaks] LifelongLearning bound: TaleWorlds.CampaignSystem.GameComponents.DefaultCharacterDevelopmentModel.CalculateLearningRate (postfix)
[2026-05-08 12:35:16.379] [CrestCampaignTweaks] TavernCompanions.DailyTick bound: TaleWorlds.CampaignSystem.CampaignBehaviors.CompanionsCampaignBehavior.DailyTick (postfix)
[2026-05-08 12:35:16.394] [CrestCampaignTweaks] TavernCompanions.DesiredCount bound: TaleWorlds.CampaignSystem.CampaignBehaviors.CompanionsCampaignBehavior.get__desiredTotalCompanionCount (postfix)
[2026-05-08 12:35:16.394] [CrestCampaignTweaks] patched campaign tweaks (legacy EnableCampaignTweaks group)
[2026-05-08 12:35:16.423] [CrestBattleSize] patched (always-on; preset count=7, agent cap=2040)
[2026-05-08 12:35:16.446] [CrestTierUnlocker] patched tier caps (gated on EnableTierUnlocker)
[2026-05-08 12:35:21.973] [CrestBattleConvergenceDialogueBehavior] registered rescue-thanks dialogue lines
[2026-05-08 12:35:21.973] [SubModule] Y.12d-feature#128: registered Battle Convergence rescue dialogue behavior
[2026-05-08 12:35:30.670] [CrestCampaignTweaks] AchievementsWithMods: blocked DeactivateAchievements call
[2026-05-08 12:35:34.965] [CrestCompanionHotswap] added swap + select behaviors to mission
[2026-05-08 12:35:34.967] [CrestBattleConvergence] added convergence behavior to mission
[2026-05-08 12:35:35.042] [CrestBattleConvergenceLogic] flat radius (slider mode): 100
[2026-05-08 12:35:35.093] [CrestBattleConvergenceLogic] Y.12d AfterStart: reinforce=True debug=False radius=100 maxPerSide=6 timerset=1000 playerSide=Attacker isPlayerDefender=False missionAgentSpawnLogic=null
[2026-05-08 12:35:39.563] [CrestBattleConvergenceLogic] Y.12d-fix16: ensured 6 custom ally formations (indices 10..15)
[2026-05-08 12:35:39.570] [CrestBattleConvergenceLogic] Cinema-fix-C symmetric radius: bothSidesRadius=300 (mult x3.0) â€” distance-filtered 12
[2026-05-08 12:35:39.570] [CrestBattleConvergenceLogic] Y.12d-fix23 stagger: initial=45s cadence=5s -> first lord at +45s, last (idx 24) at +165s
[2026-05-08 12:35:39.570] [CrestBattleConvergenceLogic] Y.12d Stage1: defenderSpawnPositions=3 attackerSpawnPositions=3 partiesSeen=1489 eligibleCandidates=25 neutralRej=53
[2026-05-08 12:35:39.597] [CrestBattleConvergenceLogic] OnMissionTick first call after Stage1: candidates=25
[2026-05-08 12:35:41.200] [CrestBattleConvergenceLogic] tick-status: now=7.8 pending=25 elapsed=0 closestRemaining=40.0s collectDef=0 collectAtt=0 reservedDef=0 reservedAtt=0
[2026-05-08 12:35:42.872] [CrestBattleConvergenceLogic] tick-status: now=12.9 pending=25 elapsed=0 closestRemaining=35.0s collectDef=0 collectAtt=0 reservedDef=0 reservedAtt=0
[2026-05-08 12:35:44.540] [CrestBattleConvergenceLogic] tick-status: now=17.9 pending=25 elapsed=0 closestRemaining=30.0s collectDef=0 collectAtt=0 reservedDef=0 reservedAtt=0
[2026-05-08 12:35:46.211] [CrestBattleConvergenceLogic] tick-status: now=22.9 pending=25 elapsed=0 closestRemaining=25.0s collectDef=0 collectAtt=0 reservedDef=0 reservedAtt=0
[2026-05-08 12:35:47.892] [CrestBattleConvergenceLogic] tick-status: now=27.9 pending=25 elapsed=0 closestRemaining=19.9s collectDef=0 collectAtt=0 reservedDef=0 reservedAtt=0
[2026-05-08 12:35:49.562] [CrestBattleConvergenceLogic] tick-status: now=32.9 pending=25 elapsed=0 closestRemaining=14.9s collectDef=0 collectAtt=0 reservedDef=0 reservedAtt=0
[2026-05-08 12:35:51.238] [CrestBattleConvergenceLogic] tick-status: now=37.9 pending=25 elapsed=0 closestRemaining=9.9s collectDef=0 collectAtt=0 reservedDef=0 reservedAtt=0
[2026-05-08 12:35:52.909] [CrestBattleConvergenceLogic] tick-status: now=43.0 pending=25 elapsed=0 closestRemaining=4.9s collectDef=0 collectAtt=0 reservedDef=0 reservedAtt=0
[2026-05-08 12:35:54.564] [CrestBattleConvergenceLogic] queued Servic's Party (Vlandia) team=1 side=Defender dist=7.3 active=1/5
[2026-05-08 12:35:54.578] [CrestBattleConvergenceLogic] tick-status: now=48.0 pending=24 elapsed=0 closestRemaining=4.9s collectDef=1 collectAtt=0 reservedDef=0 reservedAtt=0
[2026-05-08 12:35:54.667] [CrestBattleConvergenceLogic] registered Servic's Party on Defender: 127 agents queued (queue size now 127)
[2026-05-08 12:35:56.206] [CrestBattleConvergenceLogic] queued Adaltrud's Party (Vlandia) team=1 side=Defender dist=43.2 active=2/5
[2026-05-08 12:35:56.254] [CrestBattleConvergenceLogic] tick-status: now=53.0 pending=23 elapsed=0 closestRemaining=4.8s collectDef=1 collectAtt=0 reservedDef=67 reservedAtt=0
[2026-05-08 12:35:56.689] [CrestBattleConvergenceLogic] registered Adaltrud's Party on Defender: 72 agents queued (queue size now 139)
[2026-05-08 12:35:58.848] [CrestBattleConvergenceLogic] queued Ecarand's Party (Vlandia) team=1 side=Defender dist=57.4 active=3/5
[2026-05-08 12:35:59.023] [CrestBattleConvergenceLogic] tick-status: now=58.0 pending=22 elapsed=0 closestRemaining=4.8s collectDef=1 collectAtt=0 reservedDef=79 reservedAtt=0
[2026-05-08 12:36:01.318] [CrestBattleConvergenceLogic] registered Ecarand's Party on Defender: 74 agents queued (queue size now 153)
[2026-05-08 12:36:03.856] [CrestBattleConvergenceLogic] queued Furnhard's Party (Vlandia) team=1 side=Defender dist=70.9 active=4/5
[2026-05-08 12:36:04.030] [CrestBattleConvergenceLogic] tick-status: now=63.0 pending=21 elapsed=0 closestRemaining=4.8s collectDef=1 collectAtt=0 reservedDef=123 reservedAtt=0
[2026-05-08 12:36:04.331] [CrestBattleConvergenceLogic] registered Furnhard's Party on Defender: 53 agents queued (queue size now 176)
[2026-05-08 12:36:10.527] [CrestBattleConvergenceLogic] queued Belgir's Party (Vlandia) team=1 side=Defender dist=111.5 active=5/5
[2026-05-08 12:36:10.718] [CrestBattleConvergenceLogic] tick-status: now=68.0 pending=20 elapsed=0 closestRemaining=4.8s collectDef=1 collectAtt=0 reservedDef=116 reservedAtt=0
[2026-05-08 12:36:12.040] [CrestBattleConvergenceLogic] registered Belgir's Party on Defender: 135 agents queued (queue size now 251)
[2026-05-08 12:36:15.528] [CrestBattleConvergenceLogic]   cap reached on Defender (5/5); Hecard's Party added to waiting list (size 1)
[2026-05-08 12:36:15.725] [CrestBattleConvergenceLogic] tick-status: now=73.0 pending=19 elapsed=0 closestRemaining=4.8s collectDef=0 collectAtt=0 reservedDef=191 reservedAtt=0
[2026-05-08 12:36:20.540] [CrestBattleConvergenceLogic]   cap reached on Defender (5/5); Richelda's Party added to waiting list (size 2)
[2026-05-08 12:36:20.733] [CrestBattleConvergenceLogic] tick-status: now=78.0 pending=18 elapsed=0 closestRemaining=4.8s collectDef=0 collectAtt=0 reservedDef=161 reservedAtt=0
[2026-05-08 12:36:48.680] [CrestBattleConvergenceLogic]   cap reached on Defender (5/5); Vartin's Party added to waiting list (size 3)
[2026-05-08 12:36:48.894] [CrestBattleConvergenceLogic] tick-status: now=83.1 pending=17 elapsed=0 closestRemaining=4.8s collectDef=0 collectAtt=0 reservedDef=101 reservedAtt=0
[2026-05-08 12:36:53.675] [CrestBattleConvergenceLogic]   cap reached on Defender (5/5); Romund's Party added to waiting list (size 4)
[2026-05-08 12:36:53.904] [CrestBattleConvergenceLogic] tick-status: now=88.1 pending=16 elapsed=0 closestRemaining=4.8s collectDef=0 collectAtt=0 reservedDef=41 reservedAtt=0
[2026-05-08 12:36:58.689] [CrestBattleConvergenceLogic]   cap reached on Defender (5/5); Derthert's Party added to waiting list (size 5)
[2026-05-08 12:36:58.913] [CrestBattleConvergenceLogic] tick-status: now=93.1 pending=15 elapsed=0 closestRemaining=4.8s collectDef=0 collectAtt=0 reservedDef=11 reservedAtt=0
[2026-05-08 12:37:03.678] [CrestBattleConvergenceLogic]   cap reached on Defender (5/5); Morcon's Party added to waiting list (size 6)
[2026-05-08 12:37:03.915] [CrestBattleConvergenceLogic] tick-status: now=98.1 pending=14 elapsed=0 closestRemaining=4.8s collectDef=0 collectAtt=0 reservedDef=0 reservedAtt=0
[2026-05-08 12:37:08.680] [CrestBattleConvergenceLogic] queued Asgotha's Party (Nord) team=0 side=Attacker dist=146.7 active=1/5
[2026-05-08 12:37:08.937] [CrestBattleConvergenceLogic] tick-status: now=103.1 pending=13 elapsed=0 closestRemaining=4.7s collectDef=0 collectAtt=1 reservedDef=0 reservedAtt=0
[2026-05-08 12:37:11.302] [CrestBattleConvergenceLogic] registered Asgotha's Party on Attacker: 171 agents queued (queue size now 171)
[2026-05-08 12:37:13.692] [CrestBattleConvergenceLogic]   cap reached on Defender (5/5); Unthery's Party added to waiting list (size 7)
[2026-05-08 12:37:13.940] [CrestBattleConvergenceLogic] tick-status: now=108.1 pending=12 elapsed=0 closestRemaining=4.7s collectDef=0 collectAtt=0 reservedDef=0 reservedAtt=141
[2026-05-08 12:37:18.678] [CrestBattleConvergenceLogic]   cap reached on Defender (5/5); Arthamund's Party added to waiting list (size 8)
[2026-05-08 12:37:18.948] [CrestBattleConvergenceLogic] tick-status: now=113.1 pending=11 elapsed=0 closestRemaining=4.7s collectDef=0 collectAtt=0 reservedDef=0 reservedAtt=81
[2026-05-08 12:37:23.721] [CrestBattleConvergenceLogic]   cap reached on Defender (5/5); Calatild's Party added to waiting list (size 9)
[2026-05-08 12:37:23.998] [CrestBattleConvergenceLogic] tick-status: now=118.1 pending=10 elapsed=0 closestRemaining=4.7s collectDef=0 collectAtt=0 reservedDef=0 reservedAtt=21
[2026-05-08 12:37:28.728] [CrestBattleConvergenceLogic]   cap reached on Defender (5/5); Ospir's Party added to waiting list (size 10)
[2026-05-08 12:37:29.014] [CrestBattleConvergenceLogic] tick-status: now=123.1 pending=9 elapsed=0 closestRemaining=4.7s collectDef=0 collectAtt=0 reservedDef=0 reservedAtt=0
[2026-05-08 12:37:35.832] [CrestBattleConvergenceLogic]   cap reached on Defender (5/5); Berican's Party added to waiting list (size 11)
[2026-05-08 12:37:36.137] [CrestBattleConvergenceLogic] tick-status: now=128.1 pending=8 elapsed=0 closestRemaining=4.7s collectDef=0 collectAtt=0 reservedDef=0 reservedAtt=0
[2026-05-08 12:37:40.839] [CrestBattleConvergenceLogic]   cap reached on Defender (5/5); Ingalther's Party added to waiting list (size 12)
[2026-05-08 12:37:41.150] [CrestBattleConvergenceLogic] tick-status: now=133.1 pending=7 elapsed=0 closestRemaining=4.7s collectDef=0 collectAtt=0 reservedDef=0 reservedAtt=0
[2026-05-08 12:37:45.836] [CrestBattleConvergenceLogic]   cap reached on Defender (5/5); Amalgun's Party added to waiting list (size 13)
[2026-05-08 12:37:46.170] [CrestBattleConvergenceLogic] tick-status: now=138.2 pending=6 elapsed=0 closestRemaining=4.7s collectDef=0 collectAtt=0 reservedDef=0 reservedAtt=0
[2026-05-08 12:37:50.841] [CrestBattleConvergenceLogic] queued Apolanea's Party (Sturgia) team=0 side=Attacker dist=222.7 active=2/5
[2026-05-08 12:37:51.182] [CrestBattleConvergenceLogic] tick-status: now=143.2 pending=5 elapsed=0 closestRemaining=4.7s collectDef=0 collectAtt=1 reservedDef=0 reservedAtt=0
[2026-05-08 12:37:52.559] [CrestBattleConvergenceLogic] registered Apolanea's Party on Attacker: 107 agents queued (queue size now 107)
[2026-05-08 12:37:55.836] [CrestBattleConvergenceLogic] queued Raganvad's Party (Sturgia) team=0 side=Attacker dist=222.7 active=3/5
[2026-05-08 12:37:56.187] [CrestBattleConvergenceLogic] tick-status: now=148.2 pending=4 elapsed=0 closestRemaining=4.6s collectDef=0 collectAtt=1 reservedDef=0 reservedAtt=47
[2026-05-08 12:37:58.579] [CrestBattleConvergenceLogic] registered Raganvad's Party on Attacker: 251 agents queued (queue size now 298)
[2026-05-08 12:38:01.208] [CrestBattleConvergenceLogic] tick-status: now=153.2 pending=3 elapsed=0 closestRemaining=4.6s collectDef=0 collectAtt=0 reservedDef=0 reservedAtt=268
[2026-05-08 12:38:06.248] [CrestBattleConvergenceLogic] tick-status: now=158.2 pending=2 elapsed=0 closestRemaining=4.6s collectDef=0 collectAtt=0 reservedDef=0 reservedAtt=208
[2026-05-08 12:38:10.891] [CrestBattleConvergenceLogic] queued Vyldur's Party (Sturgia) team=0 side=Attacker dist=223.5 active=4/5
[2026-05-08 12:38:11.261] [CrestBattleConvergenceLogic] tick-status: now=163.2 pending=1 elapsed=0 closestRemaining=4.6s collectDef=0 collectAtt=1 reservedDef=0 reservedAtt=148
[2026-05-08 12:38:13.630] [CrestBattleConvergenceLogic] registered Vyldur's Party on Attacker: 112 agents queued (queue size now 260)
[2026-05-08 12:38:15.883] [CrestBattleConvergenceLogic] queued Gautgar's Party (Nord) team=0 side=Attacker dist=292.2 active=5/5
[2026-05-08 12:38:16.287] [CrestBattleConvergenceLogic] tick-status: now=168.2 pending=0 elapsed=0 closestRemaining=n/a collectDef=0 collectAtt=1 reservedDef=0 reservedAtt=230
[2026-05-08 12:38:16.650] [CrestBattleConvergenceLogic] registered Gautgar's Party on Attacker: 157 agents queued (queue size now 387)
[2026-05-08 12:38:21.304] [CrestBattleConvergenceLogic] tick-status: now=173.3 pending=0 elapsed=0 closestRemaining=n/a collectDef=0 collectAtt=0 reservedDef=0 reservedAtt=327
[2026-05-08 12:38:26.337] [CrestBattleConvergenceLogic] tick-status: now=178.3 pending=0 elapsed=0 closestRemaining=n/a collectDef=0 collectAtt=0 reservedDef=0 reservedAtt=267
[2026-05-08 12:38:32.365] [CrestBattleConvergenceLogic] tick-status: now=183.3 pending=0 elapsed=0 closestRemaining=n/a collectDef=0 collectAtt=0 reservedDef=0 reservedAtt=237
[2026-05-08 12:38:37.375] [CrestBattleConvergenceLogic] tick-status: now=188.3 pending=0 elapsed=0 closestRemaining=n/a collectDef=0 collectAtt=0 reservedDef=0 reservedAtt=177
[2026-05-08 12:38:42.389] [CrestBattleConvergenceLogic] tick-status: now=193.3 pending=0 elapsed=0 closestRemaining=n/a collectDef=0 collectAtt=0 reservedDef=0 reservedAtt=117
[2026-05-08 12:38:47.389] [CrestBattleConvergenceLogic] tick-status: now=198.3 pending=0 elapsed=0 closestRemaining=n/a collectDef=0 collectAtt=0 reservedDef=0 reservedAtt=87
[2026-05-08 12:38:52.406] [CrestBattleConvergenceLogic] tick-status: now=203.3 pending=0 elapsed=0 closestRemaining=n/a collectDef=0 collectAtt=0 reservedDef=0 reservedAtt=27
[2026-05-08 12:39:00.333] [CrestBattleConvergenceLogic] Y.12d: OnEndMission cleanup done
[2026-05-08 12:52:56.137] [CrestUnblock] processed 265 files in 14ms
[2026-05-08 12:52:56.148] [CrestQuickStart] patched VideoPlaybackState.OnVideoStarted
[2026-05-08 12:52:56.162] [CrestMessageStyle] patched TaleWorlds.Library.InformationManager.DisplayMessage(InformationMessage)
[2026-05-08 12:52:56.162] [CrestFasterTime] registered (master toggle gates per-tick work)
[2026-05-08 12:52:58.062] [CrestMessageStyle] first DisplayMessage probe -- Mission.Current=null, Campaign.Current=null (Game.Current=null, informational only)
[2026-05-08 12:52:59.137] [CrestFasterTime] API resolved: Campaign.SpeedUpMultiplier=ok, SetTimeSpeed(int)=ok, Input.IsKeyPressed=ok
[2026-05-08 12:53:02.798] [CrestPatchSelfTest] GetAllPatchedMethods returned 358 methods
[2026-05-08 12:53:02.813] [CrestPatchSelfTest] OK   UIExtenderEx.WidgetPrefab.LoadFrom (transpiler) — bound by Bannerlord.UIExtenderEx.Patches.WidgetPrefabPatch.WidgetPrefab_LoadFrom_Transpiler on LoadFrom
[2026-05-08 12:53:02.820] [CrestPatchSelfTest] HARD ButterLib.Module.SetInitialModuleScreenAsRootScreen (transpiler) — target method patched, but no patch from Bannerlord.ButterLib.Implementation.MBSubModuleBaseExtended.Patches.ModulePatch (owners: [MCM.UI.Adapter.MCMv5]; declaring types: [MCM.UI.MCMUIAdapterSubModule])
[2026-05-08 12:53:02.821] [CrestPatchSelfTest] HARD ButterLib.Module.FinalizeSubModules (postfix) — no patch found on TaleWorlds.MountAndBlade.Module.FinalizeSubModules (other patched methods on this type: LoadSubModules, InitializeSubModuleBases, ProcessApplicationArguments, SetInitialModuleScreenAsRootScreen)
[2026-05-08 12:53:02.822] [CrestPatchSelfTest] HARD BEW.Managed.ApplicationTick (finalizer) — no patch found on TaleWorlds.DotNet.Managed.ApplicationTick (no methods on this type are patched at all)
[2026-05-08 12:53:02.823] [CrestPatchSelfTest] HARD BEW.Module.OnApplicationTick (finalizer) — no patch found on TaleWorlds.MountAndBlade.Module.OnApplicationTick (other patched methods on this type: LoadSubModules, InitializeSubModuleBases, ProcessApplicationArguments, SetInitialModuleScreenAsRootScreen)
[2026-05-08 12:53:02.825] [CrestPatchSelfTest] HARD BEW.ScreenManager.Tick (finalizer) — no patch found on TaleWorlds.ScreenSystem.ScreenManager.Tick (no methods on this type are patched at all)
[2026-05-08 12:53:02.826] [CrestPatchSelfTest] HARD BEW.ManagedScriptHolder.TickComponents (finalizer) — no patch found on TaleWorlds.Engine.ManagedScriptHolder.TickComponents (no methods on this type are patched at all)
[2026-05-08 12:53:02.827] [CrestPatchSelfTest] HARD BEW.Mission.Tick (finalizer) — no patch found on TaleWorlds.MountAndBlade.Mission.Tick (other patched methods on this type: UpdateSceneTimeSpeed, OnTeamDeployed, OnDeploymentFinished, CanTakeControlOfAgent)
[2026-05-08 12:53:02.835] [CrestPatchSelfTest] SOFT UIExtenderEx.GauntletMovie.Load (conditional prefix) — no patch found on TaleWorlds.GauntletUI.Data.GauntletMovie.Load (other patched methods on this type: LoadMovie)
[2026-05-08 12:53:02.839] [CrestPatchSelfTest] OK   UIExtenderEx.WidgetFactory.GetCustomType (prefix) — bound by Bannerlord.UIExtenderEx.ResourceManager.WidgetFactoryManager.GetCustomTypePrefix on GetCustomType
[2026-05-08 12:53:02.840] [CrestPatchSelfTest] OK   UIExtenderEx.WidgetFactory.CreateBuiltinWidget (prefix) — bound by Bannerlord.UIExtenderEx.ResourceManager.WidgetFactoryManager.CreateBuiltinWidgetPrefix on CreateBuiltinWidget
[2026-05-08 12:53:02.849] [CrestPatchSelfTest] OK   UIExtenderEx.WidgetFactory.GetWidgetTypes (postfix) — bound by Bannerlord.UIExtenderEx.ResourceManager.WidgetFactoryManager.GetWidgetTypesPostfix on GetWidgetTypes
[2026-05-08 12:53:02.850] [CrestPatchSelfTest] OK   UIExtenderEx.WidgetFactory.IsCustomType (prefix) — bound by Bannerlord.UIExtenderEx.ResourceManager.WidgetFactoryManager.IsCustomTypePrefix on IsCustomType
[2026-05-08 12:53:02.853] [CrestPatchSelfTest] OK   UIExtenderEx.WidgetTemplate.CreateWidgets (transpiler, soft) — bound by Bannerlord.UIExtenderEx.ResourceManager.WidgetFactoryManager.BlankTranspiler on CreateWidgets
[2026-05-08 12:53:02.860] [CrestPatchSelfTest] OK   UIExtenderEx.GauntletMovie.LoadMovie (transpiler, soft) — bound by Bannerlord.UIExtenderEx.ResourceManager.WidgetFactoryManager.BlankTranspiler on LoadMovie
[2026-05-08 12:53:02.860] [CrestPatchSelfTest] summary: 7 bound, 7 hard miss, 1 soft miss (of 15 total)
[2026-05-08 12:53:02.868] [CrestCampaignLogFilter] patched CampaignInformationManager.NewLogEntryAdded — 39 classified entry types across 6 buckets
[2026-05-08 12:53:02.878] [CrestCutThroughEveryone] patched cut-through hooks (gated on EnableCutThroughEveryone master toggle)
[2026-05-08 12:53:02.911] [CrestCampaignTweaks] FasterShips bound: TaleWorlds.CampaignSystem.Party.MobileParty.CalculateSpeed (postfix)
[2026-05-08 12:53:02.933] [CrestCampaignTweaks] AchievementsWithMods bound: SandBox.CampaignBehaviors.DumpIntegrityCampaignBehavior.IsGameIntegrityAchieved (postfix)
[2026-05-08 12:53:02.959] [CrestCampaignTweaks] AchievementsDeactivateBlock bound: StoryMode.GameComponents.CampaignBehaviors.AchievementsCampaignBehavior.DeactivateAchievements (prefix)
[2026-05-08 12:53:02.984] [CrestCampaignTweaks] RTSCameraNavalShim bound: RTSCamera.Patch.Naval.Patch_AgentNavalComponent.Prefix_OnTick (prefix)
[2026-05-08 12:53:03.002] [CrestCampaignTweaks] PreventClanDeath bound: TaleWorlds.CampaignSystem.CampaignBehaviors.AgingCampaignBehavior.IsItTimeOfDeath (prefix)
[2026-05-08 12:53:03.010] [CrestCampaignTweaks] PlayerNoFlinch bound: TaleWorlds.MountAndBlade.Mission.RegisterBlow (prefix)
[2026-05-08 12:53:03.026] [CrestCampaignTweaks] NoExecutionPenalty bound: TaleWorlds.CampaignSystem.CampaignBehaviors.CharacterRelationCampaignBehavior.OnHeroKilled (prefix)
[2026-05-08 12:53:03.041] [CrestCampaignTweaks] ClanTournamentExclusion bound: TaleWorlds.CampaignSystem.TournamentGames.FightTournamentGame.CanBeAParticipant (prefix)
[2026-05-08 12:53:03.055] [CrestCampaignTweaks] ClanPartySpeedBonus bound: TaleWorlds.CampaignSystem.Party.MobileParty.CalculateSpeed (postfix)
[2026-05-08 12:53:03.073] [CrestCampaignTweaks] StopPrisonerEscape (daily) bound: TaleWorlds.CampaignSystem.CampaignBehaviors.PrisonerReleaseCampaignBehavior.DailyHeroTick (prefix)
[2026-05-08 12:53:03.088] [CrestCampaignTweaks] StopPrisonerEscape (hourly) bound: TaleWorlds.CampaignSystem.CampaignBehaviors.PrisonerReleaseCampaignBehavior.HourlyPartyTick (prefix)
[2026-05-08 12:53:03.105] [CrestCampaignTweaks] LootCapturedHeroes bound: TaleWorlds.CampaignSystem.MapEvents.MapEvent.LootDefeatedPartyPrisoners (postfix)
[2026-05-08 12:53:03.120] [CrestCampaignTweaks] NoArrowsStuck bound: TaleWorlds.MountAndBlade.Mission.HandleMissileCollisionReaction (postfix)
[2026-05-08 12:53:03.135] [CrestCampaignTweaks] MarriageStaysInClan bound: TaleWorlds.CampaignSystem.GameComponents.DefaultMarriageModel.GetClanAfterMarriage (postfix)
[2026-05-08 12:53:03.149] [CrestCampaignTweaks] PregnancyChanceUncapped bound: TaleWorlds.CampaignSystem.GameComponents.DefaultPregnancyModel.GetDailyChanceOfPregnancyForHero (postfix)
[2026-05-08 12:53:03.164] [CrestCampaignTweaks] UnlockAllSmithingRecipes bound: TaleWorlds.CampaignSystem.CampaignBehaviors.CraftingCampaignBehavior.IsOpened (postfix)
[2026-05-08 12:53:03.180] [CrestCampaignTweaks] LifelongLearning bound: TaleWorlds.CampaignSystem.GameComponents.DefaultCharacterDevelopmentModel.CalculateLearningRate (postfix)
[2026-05-08 12:53:03.194] [CrestCampaignTweaks] TavernCompanions.DailyTick bound: TaleWorlds.CampaignSystem.CampaignBehaviors.CompanionsCampaignBehavior.DailyTick (postfix)
[2026-05-08 12:53:03.207] [CrestCampaignTweaks] TavernCompanions.DesiredCount bound: TaleWorlds.CampaignSystem.CampaignBehaviors.CompanionsCampaignBehavior.get__desiredTotalCompanionCount (postfix)
[2026-05-08 12:53:03.207] [CrestCampaignTweaks] patched campaign tweaks (legacy EnableCampaignTweaks group)
[2026-05-08 12:53:03.236] [CrestBattleSize] patched (always-on; preset count=7, agent cap=2040)
[2026-05-08 12:53:03.259] [CrestTierUnlocker] patched tier caps (gated on EnableTierUnlocker)
[2026-05-08 12:53:09.388] [CrestBattleConvergenceDialogueBehavior] registered rescue-thanks dialogue lines
[2026-05-08 12:53:09.388] [SubModule] Y.12d-feature#128: registered Battle Convergence rescue dialogue behavior
[2026-05-08 12:53:18.071] [CrestCampaignTweaks] AchievementsWithMods: blocked DeactivateAchievements call
[2026-05-08 13:09:05.127] [CrestCompanionHotswap] added swap + select behaviors to mission
[2026-05-08 13:09:05.129] [CrestBattleConvergence] added convergence behavior to mission
[2026-05-08 13:09:05.214] [CrestBattleConvergenceLogic] flat radius (slider mode): 100
[2026-05-08 13:09:05.267] [CrestBattleConvergenceLogic] Y.12d AfterStart: reinforce=True debug=False radius=100 maxPerSide=6 timerset=1000 playerSide=Attacker isPlayerDefender=False missionAgentSpawnLogic=null
[2026-05-08 13:09:11.465] [CrestBattleConvergenceLogic] Y.12d: OnEndMission cleanup done
[2026-05-08 13:09:42.977] [CrestBattleConvergenceDialogueBehavior] registered rescue-thanks dialogue lines
[2026-05-08 13:09:42.977] [SubModule] Y.12d-feature#128: registered Battle Convergence rescue dialogue behavior
[2026-05-08 13:09:54.534] [CrestCompanionHotswap] added swap + select behaviors to mission
[2026-05-08 13:09:54.534] [CrestBattleConvergence] added convergence behavior to mission
[2026-05-08 13:09:54.542] [CrestBattleConvergenceLogic] flat radius (slider mode): 100
[2026-05-08 13:09:54.597] [CrestBattleConvergenceLogic] Y.12d AfterStart: reinforce=True debug=False radius=100 maxPerSide=6 timerset=1000 playerSide=Attacker isPlayerDefender=False missionAgentSpawnLogic=null
[2026-05-08 13:10:07.173] [CrestBattleConvergenceLogic] Y.12d-fix16: ensured 6 custom ally formations (indices 10..15)
[2026-05-08 13:10:07.180] [CrestBattleConvergenceLogic] Cinema-fix-C symmetric radius: bothSidesRadius=300 (mult x3.0) â€” distance-filtered 12
[2026-05-08 13:10:07.180] [CrestBattleConvergenceLogic] Y.12d-fix23 stagger: initial=45s cadence=5s -> first lord at +45s, last (idx 24) at +165s
[2026-05-08 13:10:07.180] [CrestBattleConvergenceLogic] Y.12d Stage1: defenderSpawnPositions=3 attackerSpawnPositions=3 partiesSeen=1489 eligibleCandidates=25 neutralRej=53
[2026-05-08 13:10:07.206] [CrestBattleConvergenceLogic] OnMissionTick first call after Stage1: candidates=25
[2026-05-08 13:10:12.152] [CrestBattleConvergenceLogic] tick-status: now=16.5 pending=25 elapsed=0 closestRemaining=40.0s collectDef=0 collectAtt=0 reservedDef=0 reservedAtt=0
[2026-05-08 13:10:17.166] [CrestBattleConvergenceLogic] tick-status: now=21.6 pending=25 elapsed=0 closestRemaining=35.0s collectDef=0 collectAtt=0 reservedDef=0 reservedAtt=0
[2026-05-08 13:10:22.171] [CrestBattleConvergenceLogic] tick-status: now=26.6 pending=25 elapsed=0 closestRemaining=30.0s collectDef=0 collectAtt=0 reservedDef=0 reservedAtt=0
[2026-05-08 13:10:43.256] [CrestBattleConvergenceLogic] tick-status: now=31.6 pending=25 elapsed=0 closestRemaining=25.0s collectDef=0 collectAtt=0 reservedDef=0 reservedAtt=0
[2026-05-08 13:10:48.258] [CrestBattleConvergenceLogic] tick-status: now=36.6 pending=25 elapsed=0 closestRemaining=20.0s collectDef=0 collectAtt=0 reservedDef=0 reservedAtt=0
[2026-05-08 13:10:53.277] [CrestBattleConvergenceLogic] tick-status: now=41.6 pending=25 elapsed=0 closestRemaining=14.9s collectDef=0 collectAtt=0 reservedDef=0 reservedAtt=0
[2026-05-08 13:10:58.285] [CrestBattleConvergenceLogic] tick-status: now=46.6 pending=25 elapsed=0 closestRemaining=9.9s collectDef=0 collectAtt=0 reservedDef=0 reservedAtt=0
[2026-05-08 13:11:03.299] [CrestBattleConvergenceLogic] tick-status: now=51.6 pending=25 elapsed=0 closestRemaining=4.9s collectDef=0 collectAtt=0 reservedDef=0 reservedAtt=0
[2026-05-08 13:11:08.262] [CrestBattleConvergenceLogic] queued Servic's Party (Vlandia) team=1 side=Defender dist=7.3 active=1/5
[2026-05-08 13:11:08.313] [CrestBattleConvergenceLogic] tick-status: now=56.6 pending=24 elapsed=0 closestRemaining=4.9s collectDef=1 collectAtt=0 reservedDef=0 reservedAtt=0
[2026-05-08 13:11:08.370] [CrestBattleConvergenceLogic] registered Servic's Party on Defender: 127 agents queued (queue size now 127)
[2026-05-08 13:11:13.243] [CrestBattleConvergenceLogic] queued Adaltrud's Party (Vlandia) team=1 side=Defender dist=43.2 active=2/5
[2026-05-08 13:11:13.327] [CrestBattleConvergenceLogic] tick-status: now=61.6 pending=23 elapsed=0 closestRemaining=4.9s collectDef=1 collectAtt=0 reservedDef=67 reservedAtt=0
[2026-05-08 13:11:14.382] [CrestBattleConvergenceLogic] registered Adaltrud's Party on Defender: 72 agents queued (queue size now 139)
[2026-05-08 13:11:18.228] [CrestBattleConvergenceLogic] queued Ecarand's Party (Vlandia) team=1 side=Defender dist=57.4 active=3/5
[2026-05-08 13:11:18.330] [CrestBattleConvergenceLogic] tick-status: now=66.6 pending=22 elapsed=0 closestRemaining=4.9s collectDef=1 collectAtt=0 reservedDef=79 reservedAtt=0
[2026-05-08 13:11:20.399] [CrestBattleConvergenceLogic] registered Ecarand's Party on Defender: 74 agents queued (queue size now 153)
[2026-05-08 13:11:23.235] [CrestBattleConvergenceLogic] queued Furnhard's Party (Vlandia) team=1 side=Defender dist=70.9 active=4/5
[2026-05-08 13:11:23.335] [CrestBattleConvergenceLogic] tick-status: now=71.6 pending=21 elapsed=0 closestRemaining=4.9s collectDef=1 collectAtt=0 reservedDef=123 reservedAtt=0
[2026-05-08 13:11:23.403] [CrestBattleConvergenceLogic] registered Furnhard's Party on Defender: 53 agents queued (queue size now 176)
[2026-05-08 13:11:28.233] [CrestBattleConvergenceLogic] queued Belgir's Party (Vlandia) team=1 side=Defender dist=111.5 active=5/5
[2026-05-08 13:11:28.338] [CrestBattleConvergenceLogic] tick-status: now=76.6 pending=20 elapsed=0 closestRemaining=4.9s collectDef=1 collectAtt=0 reservedDef=116 reservedAtt=0
[2026-05-08 13:11:29.427] [CrestBattleConvergenceLogic] registered Belgir's Party on Defender: 135 agents queued (queue size now 251)
[2026-05-08 13:11:33.235] [CrestBattleConvergenceLogic]   cap reached on Defender (5/5); Hecard's Party added to waiting list (size 1)
[2026-05-08 13:11:33.348] [CrestBattleConvergenceLogic] tick-status: now=81.6 pending=19 elapsed=0 closestRemaining=4.9s collectDef=0 collectAtt=0 reservedDef=191 reservedAtt=0
[2026-05-08 13:11:38.254] [CrestBattleConvergenceLogic]   cap reached on Defender (5/5); Richelda's Party added to waiting list (size 2)
[2026-05-08 13:11:38.363] [CrestBattleConvergenceLogic] tick-status: now=86.7 pending=18 elapsed=0 closestRemaining=4.9s collectDef=0 collectAtt=0 reservedDef=161 reservedAtt=0
[2026-05-08 13:11:43.256] [CrestBattleConvergenceLogic]   cap reached on Defender (5/5); Vartin's Party added to waiting list (size 3)
[2026-05-08 13:11:43.376] [CrestBattleConvergenceLogic] tick-status: now=91.7 pending=17 elapsed=0 closestRemaining=4.9s collectDef=0 collectAtt=0 reservedDef=101 reservedAtt=0
[2026-05-08 13:11:48.994] [CrestBattleConvergenceLogic]   cap reached on Defender (5/5); Romund's Party added to waiting list (size 4)
[2026-05-08 13:11:49.136] [CrestBattleConvergenceLogic] tick-status: now=96.7 pending=16 elapsed=0 closestRemaining=4.9s collectDef=0 collectAtt=0 reservedDef=41 reservedAtt=0
[2026-05-08 13:11:53.997] [CrestBattleConvergenceLogic]   cap reached on Defender (5/5); Derthert's Party added to waiting list (size 5)
[2026-05-08 13:11:54.139] [CrestBattleConvergenceLogic] tick-status: now=101.7 pending=15 elapsed=0 closestRemaining=4.8s collectDef=0 collectAtt=0 reservedDef=11 reservedAtt=0
[2026-05-08 13:11:58.999] [CrestBattleConvergenceLogic]   cap reached on Defender (5/5); Morcon's Party added to waiting list (size 6)
[2026-05-08 13:11:59.153] [CrestBattleConvergenceLogic] tick-status: now=106.7 pending=14 elapsed=0 closestRemaining=4.8s collectDef=0 collectAtt=0 reservedDef=0 reservedAtt=0
[2026-05-08 13:12:03.999] [CrestBattleConvergenceLogic] queued Asgotha's Party (Nord) team=0 side=Attacker dist=146.7 active=1/5
[2026-05-08 13:12:04.167] [CrestBattleConvergenceLogic] tick-status: now=111.7 pending=13 elapsed=0 closestRemaining=4.8s collectDef=0 collectAtt=1 reservedDef=0 reservedAtt=0
[2026-05-08 13:12:06.272] [CrestBattleConvergenceLogic] registered Asgotha's Party on Attacker: 171 agents queued (queue size now 171)
[2026-05-08 13:12:09.007] [CrestBattleConvergenceLogic]   cap reached on Defender (5/5); Unthery's Party added to waiting list (size 7)
[2026-05-08 13:12:09.176] [CrestBattleConvergenceLogic] tick-status: now=116.7 pending=12 elapsed=0 closestRemaining=4.8s collectDef=0 collectAtt=0 reservedDef=0 reservedAtt=141
[2026-05-08 13:12:13.997] [CrestBattleConvergenceLogic]   cap reached on Defender (5/5); Arthamund's Party added to waiting list (size 8)
[2026-05-08 13:12:14.184] [CrestBattleConvergenceLogic] tick-status: now=121.7 pending=11 elapsed=0 closestRemaining=4.8s collectDef=0 collectAtt=0 reservedDef=0 reservedAtt=81
[2026-05-08 13:12:19.030] [CrestBattleConvergenceLogic]   cap reached on Defender (5/5); Calatild's Party added to waiting list (size 9)
[2026-05-08 13:12:19.215] [CrestBattleConvergenceLogic] tick-status: now=126.7 pending=10 elapsed=0 closestRemaining=4.8s collectDef=0 collectAtt=0 reservedDef=0 reservedAtt=21
[2026-05-08 13:12:24.022] [CrestBattleConvergenceLogic]   cap reached on Defender (5/5); Ospir's Party added to waiting list (size 10)
[2026-05-08 13:12:24.225] [CrestBattleConvergenceLogic] tick-status: now=131.7 pending=9 elapsed=0 closestRemaining=4.8s collectDef=0 collectAtt=0 reservedDef=0 reservedAtt=0
[2026-05-08 13:12:29.028] [CrestBattleConvergenceLogic]   cap reached on Defender (5/5); Berican's Party added to waiting list (size 11)
[2026-05-08 13:12:29.232] [CrestBattleConvergenceLogic] tick-status: now=136.7 pending=8 elapsed=0 closestRemaining=4.8s collectDef=0 collectAtt=0 reservedDef=0 reservedAtt=0
[2026-05-08 13:12:34.035] [CrestBattleConvergenceLogic]   cap reached on Defender (5/5); Ingalther's Party added to waiting list (size 12)
[2026-05-08 13:12:34.238] [CrestBattleConvergenceLogic] tick-status: now=141.7 pending=7 elapsed=0 closestRemaining=4.8s collectDef=0 collectAtt=0 reservedDef=0 reservedAtt=0
[2026-05-08 13:12:39.029] [CrestBattleConvergenceLogic]   cap reached on Defender (5/5); Amalgun's Party added to waiting list (size 13)
[2026-05-08 13:12:39.245] [CrestBattleConvergenceLogic] tick-status: now=146.7 pending=6 elapsed=0 closestRemaining=4.8s collectDef=0 collectAtt=0 reservedDef=0 reservedAtt=0
[2026-05-08 13:12:44.030] [CrestBattleConvergenceLogic] queued Apolanea's Party (Sturgia) team=0 side=Attacker dist=222.7 active=2/5
[2026-05-08 13:12:44.250] [CrestBattleConvergenceLogic] tick-status: now=151.8 pending=5 elapsed=0 closestRemaining=4.8s collectDef=0 collectAtt=1 reservedDef=0 reservedAtt=0
[2026-05-08 13:12:45.370] [CrestBattleConvergenceLogic] registered Apolanea's Party on Attacker: 107 agents queued (queue size now 107)
[2026-05-08 13:12:49.047] [CrestBattleConvergenceLogic] queued Raganvad's Party (Sturgia) team=0 side=Attacker dist=222.7 active=3/5
[2026-05-08 13:12:49.262] [CrestBattleConvergenceLogic] tick-status: now=156.8 pending=4 elapsed=0 closestRemaining=4.8s collectDef=0 collectAtt=1 reservedDef=0 reservedAtt=47
[2026-05-08 13:12:51.383] [CrestBattleConvergenceLogic] registered Raganvad's Party on Attacker: 251 agents queued (queue size now 298)
[2026-05-08 13:12:54.275] [CrestBattleConvergenceLogic] tick-status: now=161.8 pending=3 elapsed=0 closestRemaining=4.8s collectDef=0 collectAtt=0 reservedDef=0 reservedAtt=268
[2026-05-08 13:12:59.298] [CrestBattleConvergenceLogic] tick-status: now=166.8 pending=2 elapsed=0 closestRemaining=4.8s collectDef=0 collectAtt=0 reservedDef=0 reservedAtt=208
[2026-05-08 13:13:04.063] [CrestBattleConvergenceLogic] queued Vyldur's Party (Sturgia) team=0 side=Attacker dist=223.5 active=4/5
[2026-05-08 13:13:04.306] [CrestBattleConvergenceLogic] tick-status: now=171.8 pending=1 elapsed=0 closestRemaining=4.7s collectDef=0 collectAtt=1 reservedDef=0 reservedAtt=148
[2026-05-08 13:13:07.604] [CrestBattleConvergenceLogic] registered Vyldur's Party on Attacker: 112 agents queued (queue size now 260)
[2026-05-08 13:13:10.238] [CrestBattleConvergenceLogic] queued Gautgar's Party (Nord) team=0 side=Attacker dist=292.2 active=5/5
[2026-05-08 13:13:10.491] [CrestBattleConvergenceLogic] tick-status: now=176.8 pending=0 elapsed=0 closestRemaining=n/a collectDef=0 collectAtt=1 reservedDef=0 reservedAtt=230
[2026-05-08 13:13:10.607] [CrestBattleConvergenceLogic] registered Gautgar's Party on Attacker: 157 agents queued (queue size now 387)
[2026-05-08 13:13:17.310] [CrestBattleConvergenceLogic] tick-status: now=181.8 pending=0 elapsed=0 closestRemaining=n/a collectDef=0 collectAtt=0 reservedDef=0 reservedAtt=327
[2026-05-08 13:13:22.317] [CrestBattleConvergenceLogic] tick-status: now=186.8 pending=0 elapsed=0 closestRemaining=n/a collectDef=0 collectAtt=0 reservedDef=0 reservedAtt=267
[2026-05-08 13:13:27.329] [CrestBattleConvergenceLogic] tick-status: now=191.8 pending=0 elapsed=0 closestRemaining=n/a collectDef=0 collectAtt=0 reservedDef=0 reservedAtt=237
[2026-05-08 13:13:34.266] [CrestBattleConvergenceLogic] tick-status: now=196.8 pending=0 elapsed=0 closestRemaining=n/a collectDef=0 collectAtt=0 reservedDef=0 reservedAtt=177
[2026-05-08 13:13:39.271] [CrestBattleConvergenceLogic] tick-status: now=201.8 pending=0 elapsed=0 closestRemaining=n/a collectDef=0 collectAtt=0 reservedDef=0 reservedAtt=117
[2026-05-08 13:13:44.223] [CrestBattleConvergenceLogic] Y.12d: OnEndMission cleanup done
[2026-05-08 13:13:51.670] [CrestBattleConvergenceDialogueBehavior] registered rescue-thanks dialogue lines
[2026-05-08 13:13:51.670] [SubModule] Y.12d-feature#128: registered Battle Convergence rescue dialogue behavior
[2026-05-08 13:14:02.570] [CrestCompanionHotswap] added swap + select behaviors to mission
[2026-05-08 13:14:02.571] [CrestBattleConvergence] added convergence behavior to mission
[2026-05-08 13:14:02.578] [CrestBattleConvergenceLogic] flat radius (slider mode): 100
[2026-05-08 13:14:02.636] [CrestBattleConvergenceLogic] Y.12d AfterStart: reinforce=True debug=False radius=100 maxPerSide=6 timerset=1000 playerSide=Attacker isPlayerDefender=False missionAgentSpawnLogic=null
[2026-05-08 13:14:11.296] [CrestBattleConvergenceLogic] Y.12d-fix16: ensured 6 custom ally formations (indices 10..15)
[2026-05-08 13:14:11.297] [CrestBattleConvergenceLogic] Cinema-fix-C symmetric radius: bothSidesRadius=300 (mult x3.0) â€” distance-filtered 12
[2026-05-08 13:14:11.297] [CrestBattleConvergenceLogic] Y.12d-fix23 stagger: initial=45s cadence=5s -> first lord at +45s, last (idx 24) at +165s
[2026-05-08 13:14:11.297] [CrestBattleConvergenceLogic] Y.12d Stage1: defenderSpawnPositions=3 attackerSpawnPositions=3 partiesSeen=1489 eligibleCandidates=25 neutralRej=53
[2026-05-08 13:14:11.303] [CrestBattleConvergenceLogic] OnMissionTick first call after Stage1: candidates=25
[2026-05-08 13:14:16.252] [CrestBattleConvergenceLogic] tick-status: now=12.7 pending=25 elapsed=0 closestRemaining=40.0s collectDef=0 collectAtt=0 reservedDef=0 reservedAtt=0
[2026-05-08 13:14:21.266] [CrestBattleConvergenceLogic] tick-status: now=17.7 pending=25 elapsed=0 closestRemaining=35.0s collectDef=0 collectAtt=0 reservedDef=0 reservedAtt=0
[2026-05-08 13:14:26.278] [CrestBattleConvergenceLogic] tick-status: now=22.7 pending=25 elapsed=0 closestRemaining=30.0s collectDef=0 collectAtt=0 reservedDef=0 reservedAtt=0
[2026-05-08 13:14:31.279] [CrestBattleConvergenceLogic] tick-status: now=27.7 pending=25 elapsed=0 closestRemaining=25.0s collectDef=0 collectAtt=0 reservedDef=0 reservedAtt=0
[2026-05-08 13:14:36.297] [CrestBattleConvergenceLogic] tick-status: now=32.7 pending=25 elapsed=0 closestRemaining=20.0s collectDef=0 collectAtt=0 reservedDef=0 reservedAtt=0
[2026-05-08 13:14:41.304] [CrestBattleConvergenceLogic] tick-status: now=37.7 pending=25 elapsed=0 closestRemaining=14.9s collectDef=0 collectAtt=0 reservedDef=0 reservedAtt=0
[2026-05-08 13:14:46.317] [CrestBattleConvergenceLogic] tick-status: now=42.7 pending=25 elapsed=0 closestRemaining=9.9s collectDef=0 collectAtt=0 reservedDef=0 reservedAtt=0
[2026-05-08 13:14:51.329] [CrestBattleConvergenceLogic] tick-status: now=47.7 pending=25 elapsed=0 closestRemaining=4.9s collectDef=0 collectAtt=0 reservedDef=0 reservedAtt=0
[2026-05-08 13:14:56.271] [CrestBattleConvergenceLogic] queued Servic's Party (Vlandia) team=1 side=Defender dist=7.3 active=1/5
[2026-05-08 13:14:56.342] [CrestBattleConvergenceLogic] tick-status: now=52.7 pending=24 elapsed=0 closestRemaining=4.9s collectDef=1 collectAtt=0 reservedDef=0 reservedAtt=0
[2026-05-08 13:14:56.397] [CrestBattleConvergenceLogic] registered Servic's Party on Defender: 127 agents queued (queue size now 127)
[2026-05-08 13:15:06.114] [CrestBattleConvergenceLogic] queued Adaltrud's Party (Vlandia) team=1 side=Defender dist=43.2 active=2/5
[2026-05-08 13:15:06.201] [CrestBattleConvergenceLogic] tick-status: now=57.7 pending=23 elapsed=0 closestRemaining=4.9s collectDef=1 collectAtt=0 reservedDef=67 reservedAtt=0
[2026-05-08 13:15:07.269] [CrestBattleConvergenceLogic] registered Adaltrud's Party on Defender: 72 agents queued (queue size now 139)
[2026-05-08 13:15:11.117] [CrestBattleConvergenceLogic] queued Ecarand's Party (Vlandia) team=1 side=Defender dist=57.4 active=3/5
[2026-05-08 13:15:11.211] [CrestBattleConvergenceLogic] tick-status: now=62.7 pending=22 elapsed=0 closestRemaining=4.9s collectDef=1 collectAtt=0 reservedDef=79 reservedAtt=0
[2026-05-08 13:15:13.300] [CrestBattleConvergenceLogic] registered Ecarand's Party on Defender: 74 agents queued (queue size now 153)
[2026-05-08 13:15:16.127] [CrestBattleConvergenceLogic] queued Furnhard's Party (Vlandia) team=1 side=Defender dist=70.9 active=4/5
[2026-05-08 13:15:16.223] [CrestBattleConvergenceLogic] tick-status: now=67.8 pending=21 elapsed=0 closestRemaining=4.9s collectDef=1 collectAtt=0 reservedDef=123 reservedAtt=0
[2026-05-08 13:15:16.301] [CrestBattleConvergenceLogic] registered Furnhard's Party on Defender: 53 agents queued (queue size now 176)
[2026-05-08 13:15:24.856] [CrestBattleConvergenceLogic] queued Belgir's Party (Vlandia) team=1 side=Defender dist=111.5 active=5/5
[2026-05-08 13:15:24.950] [CrestBattleConvergenceLogic] tick-status: now=72.8 pending=20 elapsed=0 closestRemaining=4.9s collectDef=1 collectAtt=0 reservedDef=116 reservedAtt=0
[2026-05-08 13:15:26.040] [CrestBattleConvergenceLogic] registered Belgir's Party on Defender: 135 agents queued (queue size now 251)
[2026-05-08 13:15:29.855] [CrestBattleConvergenceLogic]   cap reached on Defender (5/5); Hecard's Party added to waiting list (size 1)
[2026-05-08 13:15:29.970] [CrestBattleConvergenceLogic] tick-status: now=77.8 pending=19 elapsed=0 closestRemaining=4.9s collectDef=0 collectAtt=0 reservedDef=191 reservedAtt=0
[2026-05-08 13:15:34.854] [CrestBattleConvergenceLogic]   cap reached on Defender (5/5); Richelda's Party added to waiting list (size 2)
[2026-05-08 13:15:34.976] [CrestBattleConvergenceLogic] tick-status: now=82.8 pending=18 elapsed=0 closestRemaining=4.9s collectDef=0 collectAtt=0 reservedDef=161 reservedAtt=0
[2026-05-08 13:15:40.378] [CrestBattleConvergenceLogic]   cap reached on Defender (5/5); Vartin's Party added to waiting list (size 3)
[2026-05-08 13:15:40.496] [CrestBattleConvergenceLogic] tick-status: now=87.8 pending=17 elapsed=0 closestRemaining=4.9s collectDef=0 collectAtt=0 reservedDef=101 reservedAtt=0
[2026-05-08 13:15:45.375] [CrestBattleConvergenceLogic]   cap reached on Defender (5/5); Romund's Party added to waiting list (size 4)
[2026-05-08 13:15:45.502] [CrestBattleConvergenceLogic] tick-status: now=92.8 pending=16 elapsed=0 closestRemaining=4.9s collectDef=0 collectAtt=0 reservedDef=41 reservedAtt=0
[2026-05-08 13:15:50.372] [CrestBattleConvergenceLogic]   cap reached on Defender (5/5); Derthert's Party added to waiting list (size 5)
[2026-05-08 13:15:50.518] [CrestBattleConvergenceLogic] tick-status: now=97.8 pending=15 elapsed=0 closestRemaining=4.9s collectDef=0 collectAtt=0 reservedDef=11 reservedAtt=0
[2026-05-08 13:15:55.374] [CrestBattleConvergenceLogic]   cap reached on Defender (5/5); Morcon's Party added to waiting list (size 6)
[2026-05-08 13:15:55.522] [CrestBattleConvergenceLogic] tick-status: now=102.8 pending=14 elapsed=0 closestRemaining=4.8s collectDef=0 collectAtt=0 reservedDef=0 reservedAtt=0
[2026-05-08 13:16:00.381] [CrestBattleConvergenceLogic] queued Asgotha's Party (Nord) team=0 side=Attacker dist=146.7 active=1/5
[2026-05-08 13:16:00.532] [CrestBattleConvergenceLogic] tick-status: now=107.8 pending=13 elapsed=0 closestRemaining=4.8s collectDef=0 collectAtt=1 reservedDef=0 reservedAtt=0
[2026-05-08 13:16:02.656] [CrestBattleConvergenceLogic] registered Asgotha's Party on Attacker: 171 agents queued (queue size now 171)
[2026-05-08 13:16:05.382] [CrestBattleConvergenceLogic]   cap reached on Defender (5/5); Unthery's Party added to waiting list (size 7)
[2026-05-08 13:16:05.538] [CrestBattleConvergenceLogic] tick-status: now=112.8 pending=12 elapsed=0 closestRemaining=4.8s collectDef=0 collectAtt=0 reservedDef=0 reservedAtt=141
[2026-05-08 13:16:10.386] [CrestBattleConvergenceLogic]   cap reached on Defender (5/5); Arthamund's Party added to waiting list (size 8)
[2026-05-08 13:16:10.553] [CrestBattleConvergenceLogic] tick-status: now=117.8 pending=11 elapsed=0 closestRemaining=4.8s collectDef=0 collectAtt=0 reservedDef=0 reservedAtt=81
[2026-05-08 13:16:15.396] [CrestBattleConvergenceLogic]   cap reached on Defender (5/5); Calatild's Party added to waiting list (size 9)
[2026-05-08 13:16:15.588] [CrestBattleConvergenceLogic] tick-status: now=122.8 pending=10 elapsed=0 closestRemaining=4.8s collectDef=0 collectAtt=0 reservedDef=0 reservedAtt=21
[2026-05-08 13:16:20.403] [CrestBattleConvergenceLogic]   cap reached on Defender (5/5); Ospir's Party added to waiting list (size 10)
[2026-05-08 13:16:20.591] [CrestBattleConvergenceLogic] tick-status: now=127.8 pending=9 elapsed=0 closestRemaining=4.8s collectDef=0 collectAtt=0 reservedDef=0 reservedAtt=0
[2026-05-08 13:16:25.402] [CrestBattleConvergenceLogic]   cap reached on Defender (5/5); Berican's Party added to waiting list (size 11)
[2026-05-08 13:16:25.596] [CrestBattleConvergenceLogic] tick-status: now=132.8 pending=8 elapsed=0 closestRemaining=4.8s collectDef=0 collectAtt=0 reservedDef=0 reservedAtt=0
[2026-05-08 13:16:30.399] [CrestBattleConvergenceLogic]   cap reached on Defender (5/5); Ingalther's Party added to waiting list (size 12)
[2026-05-08 13:16:30.601] [CrestBattleConvergenceLogic] tick-status: now=137.9 pending=7 elapsed=0 closestRemaining=4.8s collectDef=0 collectAtt=0 reservedDef=0 reservedAtt=0
[2026-05-08 13:16:35.413] [CrestBattleConvergenceLogic]   cap reached on Defender (5/5); Amalgun's Party added to waiting list (size 13)
[2026-05-08 13:16:35.616] [CrestBattleConvergenceLogic] tick-status: now=142.9 pending=6 elapsed=0 closestRemaining=4.8s collectDef=0 collectAtt=0 reservedDef=0 reservedAtt=0
[2026-05-08 13:16:40.402] [CrestBattleConvergenceLogic] queued Apolanea's Party (Sturgia) team=0 side=Attacker dist=222.7 active=2/5
[2026-05-08 13:16:40.621] [CrestBattleConvergenceLogic] tick-status: now=147.9 pending=5 elapsed=0 closestRemaining=4.8s collectDef=0 collectAtt=1 reservedDef=0 reservedAtt=0
[2026-05-08 13:16:41.777] [CrestBattleConvergenceLogic] registered Apolanea's Party on Attacker: 107 agents queued (queue size now 107)
[2026-05-08 13:16:45.407] [CrestBattleConvergenceLogic] queued Raganvad's Party (Sturgia) team=0 side=Attacker dist=222.7 active=3/5
[2026-05-08 13:16:45.627] [CrestBattleConvergenceLogic] tick-status: now=152.9 pending=4 elapsed=0 closestRemaining=4.8s collectDef=0 collectAtt=1 reservedDef=0 reservedAtt=47
[2026-05-08 13:16:47.782] [CrestBattleConvergenceLogic] registered Raganvad's Party on Attacker: 251 agents queued (queue size now 298)
[2026-05-08 13:16:50.650] [CrestBattleConvergenceLogic] tick-status: now=157.9 pending=3 elapsed=0 closestRemaining=4.8s collectDef=0 collectAtt=0 reservedDef=0 reservedAtt=268
[2026-05-08 13:16:55.683] [CrestBattleConvergenceLogic] tick-status: now=162.9 pending=2 elapsed=0 closestRemaining=4.8s collectDef=0 collectAtt=0 reservedDef=0 reservedAtt=208
[2026-05-08 13:17:00.448] [CrestBattleConvergenceLogic] queued Vyldur's Party (Sturgia) team=0 side=Attacker dist=223.5 active=4/5
[2026-05-08 13:17:00.687] [CrestBattleConvergenceLogic] tick-status: now=167.9 pending=1 elapsed=0 closestRemaining=4.7s collectDef=0 collectAtt=1 reservedDef=0 reservedAtt=148
[2026-05-08 13:17:02.868] [CrestBattleConvergenceLogic] registered Vyldur's Party on Attacker: 112 agents queued (queue size now 260)
[2026-05-08 13:17:05.457] [CrestBattleConvergenceLogic] queued Gautgar's Party (Nord) team=0 side=Attacker dist=292.2 active=5/5
[2026-05-08 13:17:05.713] [CrestBattleConvergenceLogic] tick-status: now=172.9 pending=0 elapsed=0 closestRemaining=n/a collectDef=0 collectAtt=1 reservedDef=0 reservedAtt=230
[2026-05-08 13:17:05.886] [CrestBattleConvergenceLogic] registered Gautgar's Party on Attacker: 157 agents queued (queue size now 387)
[2026-05-08 13:17:10.716] [CrestBattleConvergenceLogic] tick-status: now=177.9 pending=0 elapsed=0 closestRemaining=n/a collectDef=0 collectAtt=0 reservedDef=0 reservedAtt=327
[2026-05-08 13:17:16.595] [CrestBattleConvergenceLogic] tick-status: now=182.9 pending=0 elapsed=0 closestRemaining=n/a collectDef=0 collectAtt=0 reservedDef=0 reservedAtt=267
[2026-05-08 13:17:27.889] [CrestBattleConvergenceLogic] Y.12d: OnEndMission cleanup done
[2026-05-08 13:18:30.989] [CrestUnblock] processed 265 files in 11ms
[2026-05-08 13:18:31.000] [CrestQuickStart] patched VideoPlaybackState.OnVideoStarted
[2026-05-08 13:18:31.006] [CrestMessageStyle] patched TaleWorlds.Library.InformationManager.DisplayMessage(InformationMessage)
[2026-05-08 13:18:31.006] [CrestFasterTime] registered (master toggle gates per-tick work)
[2026-05-08 13:18:32.931] [CrestMessageStyle] first DisplayMessage probe -- Mission.Current=null, Campaign.Current=null (Game.Current=null, informational only)
[2026-05-08 13:18:34.062] [CrestFasterTime] API resolved: Campaign.SpeedUpMultiplier=ok, SetTimeSpeed(int)=ok, Input.IsKeyPressed=ok
[2026-05-08 13:18:37.734] [CrestPatchSelfTest] GetAllPatchedMethods returned 358 methods
[2026-05-08 13:18:37.749] [CrestPatchSelfTest] OK   UIExtenderEx.WidgetPrefab.LoadFrom (transpiler) — bound by Bannerlord.UIExtenderEx.Patches.WidgetPrefabPatch.WidgetPrefab_LoadFrom_Transpiler on LoadFrom
[2026-05-08 13:18:37.756] [CrestPatchSelfTest] HARD ButterLib.Module.SetInitialModuleScreenAsRootScreen (transpiler) — target method patched, but no patch from Bannerlord.ButterLib.Implementation.MBSubModuleBaseExtended.Patches.ModulePatch (owners: [MCM.UI.Adapter.MCMv5]; declaring types: [MCM.UI.MCMUIAdapterSubModule])
[2026-05-08 13:18:37.757] [CrestPatchSelfTest] HARD ButterLib.Module.FinalizeSubModules (postfix) — no patch found on TaleWorlds.MountAndBlade.Module.FinalizeSubModules (other patched methods on this type: LoadSubModules, InitializeSubModuleBases, ProcessApplicationArguments, SetInitialModuleScreenAsRootScreen)
[2026-05-08 13:18:37.758] [CrestPatchSelfTest] HARD BEW.Managed.ApplicationTick (finalizer) — no patch found on TaleWorlds.DotNet.Managed.ApplicationTick (no methods on this type are patched at all)
[2026-05-08 13:18:37.759] [CrestPatchSelfTest] HARD BEW.Module.OnApplicationTick (finalizer) — no patch found on TaleWorlds.MountAndBlade.Module.OnApplicationTick (other patched methods on this type: LoadSubModules, InitializeSubModuleBases, ProcessApplicationArguments, SetInitialModuleScreenAsRootScreen)
[2026-05-08 13:18:37.762] [CrestPatchSelfTest] HARD BEW.ScreenManager.Tick (finalizer) — no patch found on TaleWorlds.ScreenSystem.ScreenManager.Tick (no methods on this type are patched at all)
[2026-05-08 13:18:37.763] [CrestPatchSelfTest] HARD BEW.ManagedScriptHolder.TickComponents (finalizer) — no patch found on TaleWorlds.Engine.ManagedScriptHolder.TickComponents (no methods on this type are patched at all)
[2026-05-08 13:18:37.763] [CrestPatchSelfTest] HARD BEW.Mission.Tick (finalizer) — no patch found on TaleWorlds.MountAndBlade.Mission.Tick (other patched methods on this type: UpdateSceneTimeSpeed, OnTeamDeployed, OnDeploymentFinished, CanTakeControlOfAgent)
[2026-05-08 13:18:37.768] [CrestPatchSelfTest] SOFT UIExtenderEx.GauntletMovie.Load (conditional prefix) — no patch found on TaleWorlds.GauntletUI.Data.GauntletMovie.Load (other patched methods on this type: LoadMovie)
[2026-05-08 13:18:37.775] [CrestPatchSelfTest] OK   UIExtenderEx.WidgetFactory.GetCustomType (prefix) — bound by Bannerlord.UIExtenderEx.ResourceManager.WidgetFactoryManager.GetCustomTypePrefix on GetCustomType
[2026-05-08 13:18:37.776] [CrestPatchSelfTest] OK   UIExtenderEx.WidgetFactory.CreateBuiltinWidget (prefix) — bound by Bannerlord.UIExtenderEx.ResourceManager.WidgetFactoryManager.CreateBuiltinWidgetPrefix on CreateBuiltinWidget
[2026-05-08 13:18:37.782] [CrestPatchSelfTest] OK   UIExtenderEx.WidgetFactory.GetWidgetTypes (postfix) — bound by Bannerlord.UIExtenderEx.ResourceManager.WidgetFactoryManager.GetWidgetTypesPostfix on GetWidgetTypes
[2026-05-08 13:18:37.787] [CrestPatchSelfTest] OK   UIExtenderEx.WidgetFactory.IsCustomType (prefix) — bound by Bannerlord.UIExtenderEx.ResourceManager.WidgetFactoryManager.IsCustomTypePrefix on IsCustomType
[2026-05-08 13:18:37.789] [CrestPatchSelfTest] OK   UIExtenderEx.WidgetTemplate.CreateWidgets (transpiler, soft) — bound by Bannerlord.UIExtenderEx.ResourceManager.WidgetFactoryManager.BlankTranspiler on CreateWidgets
[2026-05-08 13:18:37.798] [CrestPatchSelfTest] OK   UIExtenderEx.GauntletMovie.LoadMovie (transpiler, soft) — bound by Bannerlord.UIExtenderEx.ResourceManager.WidgetFactoryManager.BlankTranspiler on LoadMovie
[2026-05-08 13:18:37.798] [CrestPatchSelfTest] summary: 7 bound, 7 hard miss, 1 soft miss (of 15 total)
[2026-05-08 13:18:37.805] [CrestCampaignLogFilter] patched CampaignInformationManager.NewLogEntryAdded — 39 classified entry types across 6 buckets
[2026-05-08 13:18:37.815] [CrestCutThroughEveryone] patched cut-through hooks (gated on EnableCutThroughEveryone master toggle)
[2026-05-08 13:18:37.849] [CrestCampaignTweaks] FasterShips bound: TaleWorlds.CampaignSystem.Party.MobileParty.CalculateSpeed (postfix)
[2026-05-08 13:18:37.873] [CrestCampaignTweaks] AchievementsWithMods bound: SandBox.CampaignBehaviors.DumpIntegrityCampaignBehavior.IsGameIntegrityAchieved (postfix)
[2026-05-08 13:18:37.899] [CrestCampaignTweaks] AchievementsDeactivateBlock bound: StoryMode.GameComponents.CampaignBehaviors.AchievementsCampaignBehavior.DeactivateAchievements (prefix)
[2026-05-08 13:18:37.924] [CrestCampaignTweaks] RTSCameraNavalShim bound: RTSCamera.Patch.Naval.Patch_AgentNavalComponent.Prefix_OnTick (prefix)
[2026-05-08 13:18:37.942] [CrestCampaignTweaks] PreventClanDeath bound: TaleWorlds.CampaignSystem.CampaignBehaviors.AgingCampaignBehavior.IsItTimeOfDeath (prefix)
[2026-05-08 13:18:37.952] [CrestCampaignTweaks] PlayerNoFlinch bound: TaleWorlds.MountAndBlade.Mission.RegisterBlow (prefix)
[2026-05-08 13:18:37.970] [CrestCampaignTweaks] NoExecutionPenalty bound: TaleWorlds.CampaignSystem.CampaignBehaviors.CharacterRelationCampaignBehavior.OnHeroKilled (prefix)
[2026-05-08 13:18:37.985] [CrestCampaignTweaks] ClanTournamentExclusion bound: TaleWorlds.CampaignSystem.TournamentGames.FightTournamentGame.CanBeAParticipant (prefix)
[2026-05-08 13:18:38.000] [CrestCampaignTweaks] ClanPartySpeedBonus bound: TaleWorlds.CampaignSystem.Party.MobileParty.CalculateSpeed (postfix)
[2026-05-08 13:18:38.018] [CrestCampaignTweaks] StopPrisonerEscape (daily) bound: TaleWorlds.CampaignSystem.CampaignBehaviors.PrisonerReleaseCampaignBehavior.DailyHeroTick (prefix)
[2026-05-08 13:18:38.033] [CrestCampaignTweaks] StopPrisonerEscape (hourly) bound: TaleWorlds.CampaignSystem.CampaignBehaviors.PrisonerReleaseCampaignBehavior.HourlyPartyTick (prefix)
[2026-05-08 13:18:38.052] [CrestCampaignTweaks] LootCapturedHeroes bound: TaleWorlds.CampaignSystem.MapEvents.MapEvent.LootDefeatedPartyPrisoners (postfix)
[2026-05-08 13:18:38.069] [CrestCampaignTweaks] NoArrowsStuck bound: TaleWorlds.MountAndBlade.Mission.HandleMissileCollisionReaction (postfix)
[2026-05-08 13:18:38.083] [CrestCampaignTweaks] MarriageStaysInClan bound: TaleWorlds.CampaignSystem.GameComponents.DefaultMarriageModel.GetClanAfterMarriage (postfix)
[2026-05-08 13:18:38.099] [CrestCampaignTweaks] PregnancyChanceUncapped bound: TaleWorlds.CampaignSystem.GameComponents.DefaultPregnancyModel.GetDailyChanceOfPregnancyForHero (postfix)
[2026-05-08 13:18:38.114] [CrestCampaignTweaks] UnlockAllSmithingRecipes bound: TaleWorlds.CampaignSystem.CampaignBehaviors.CraftingCampaignBehavior.IsOpened (postfix)
[2026-05-08 13:18:38.129] [CrestCampaignTweaks] LifelongLearning bound: TaleWorlds.CampaignSystem.GameComponents.DefaultCharacterDevelopmentModel.CalculateLearningRate (postfix)
[2026-05-08 13:18:38.143] [CrestCampaignTweaks] TavernCompanions.DailyTick bound: TaleWorlds.CampaignSystem.CampaignBehaviors.CompanionsCampaignBehavior.DailyTick (postfix)
[2026-05-08 13:18:38.157] [CrestCampaignTweaks] TavernCompanions.DesiredCount bound: TaleWorlds.CampaignSystem.CampaignBehaviors.CompanionsCampaignBehavior.get__desiredTotalCompanionCount (postfix)
[2026-05-08 13:18:38.157] [CrestCampaignTweaks] patched campaign tweaks (legacy EnableCampaignTweaks group)
[2026-05-08 13:18:38.187] [CrestBattleSize] patched (always-on; preset count=7, agent cap=2040)
[2026-05-08 13:18:38.210] [CrestTierUnlocker] patched tier caps (gated on EnableTierUnlocker)
[2026-05-08 13:18:41.971] [CrestBattleConvergenceDialogueBehavior] registered rescue-thanks dialogue lines
[2026-05-08 13:18:41.971] [SubModule] Y.12d-feature#128: registered Battle Convergence rescue dialogue behavior
[2026-05-08 13:18:50.868] [CrestCampaignTweaks] AchievementsWithMods: blocked DeactivateAchievements call
[2026-05-08 13:18:56.382] [CrestCompanionHotswap] added swap + select behaviors to mission
[2026-05-08 13:18:56.383] [CrestBattleConvergence] added convergence behavior to mission
[2026-05-08 13:18:56.462] [CrestBattleConvergenceLogic] flat radius (slider mode): 100
[2026-05-08 13:18:56.513] [CrestBattleConvergenceLogic] Y.12d AfterStart: reinforce=True debug=False radius=100 maxPerSide=6 timerset=1000 playerSide=Attacker isPlayerDefender=False missionAgentSpawnLogic=null
[2026-05-08 13:19:08.179] [CrestBattleConvergenceLogic] Y.12d-fix16: ensured 6 custom ally formations (indices 10..15)
[2026-05-08 13:19:08.186] [CrestBattleConvergenceLogic] Cinema-fix-C symmetric radius: bothSidesRadius=300 (mult x3.0) â€” distance-filtered 12
[2026-05-08 13:19:08.186] [CrestBattleConvergenceLogic] Y.12d-fix23 stagger: initial=45s cadence=5s -> first lord at +45s, last (idx 24) at +165s
[2026-05-08 13:19:08.186] [CrestBattleConvergenceLogic] Y.12d Stage1: defenderSpawnPositions=3 attackerSpawnPositions=3 partiesSeen=1489 eligibleCandidates=25 neutralRej=53
[2026-05-08 13:19:08.213] [CrestBattleConvergenceLogic] OnMissionTick first call after Stage1: candidates=25
[2026-05-08 13:19:15.324] [CrestBattleConvergenceLogic] tick-status: now=7.1 pending=25 elapsed=0 closestRemaining=40.0s collectDef=0 collectAtt=0 reservedDef=0 reservedAtt=0
[2026-05-08 13:19:23.266] [CrestBattleConvergenceLogic] tick-status: now=12.1 pending=25 elapsed=0 closestRemaining=35.0s collectDef=0 collectAtt=0 reservedDef=0 reservedAtt=0
[2026-05-08 13:19:28.274] [CrestBattleConvergenceLogic] tick-status: now=17.1 pending=25 elapsed=0 closestRemaining=30.0s collectDef=0 collectAtt=0 reservedDef=0 reservedAtt=0
[2026-05-08 13:19:33.281] [CrestBattleConvergenceLogic] tick-status: now=22.2 pending=25 elapsed=0 closestRemaining=25.0s collectDef=0 collectAtt=0 reservedDef=0 reservedAtt=0
[2026-05-08 13:19:38.289] [CrestBattleConvergenceLogic] tick-status: now=27.2 pending=25 elapsed=0 closestRemaining=20.0s collectDef=0 collectAtt=0 reservedDef=0 reservedAtt=0
[2026-05-08 13:19:43.307] [CrestBattleConvergenceLogic] tick-status: now=32.2 pending=25 elapsed=0 closestRemaining=15.0s collectDef=0 collectAtt=0 reservedDef=0 reservedAtt=0
[2026-05-08 13:19:48.321] [CrestBattleConvergenceLogic] tick-status: now=37.2 pending=25 elapsed=0 closestRemaining=9.9s collectDef=0 collectAtt=0 reservedDef=0 reservedAtt=0
[2026-05-08 13:19:53.332] [CrestBattleConvergenceLogic] tick-status: now=42.2 pending=25 elapsed=0 closestRemaining=4.9s collectDef=0 collectAtt=0 reservedDef=0 reservedAtt=0
[2026-05-08 13:19:58.288] [CrestBattleConvergenceLogic] queued Servic's Party (Vlandia) team=1 side=Defender dist=7.3 active=1/5
[2026-05-08 13:19:58.390] [CrestBattleConvergenceLogic] tick-status: now=47.2 pending=24 elapsed=0 closestRemaining=4.9s collectDef=1 collectAtt=0 reservedDef=0 reservedAtt=0
[2026-05-08 13:19:58.570] [CrestBattleConvergenceLogic] registered Servic's Party on Defender: 127 agents queued (queue size now 127)
[2026-05-08 13:20:03.841] [CrestBattleConvergenceLogic] queued Adaltrud's Party (Vlandia) team=1 side=Defender dist=43.2 active=2/5
[2026-05-08 13:20:03.916] [CrestBattleConvergenceLogic] tick-status: now=52.2 pending=23 elapsed=0 closestRemaining=4.9s collectDef=1 collectAtt=0 reservedDef=67 reservedAtt=0
[2026-05-08 13:20:04.961] [CrestBattleConvergenceLogic] registered Adaltrud's Party on Defender: 72 agents queued (queue size now 139)
[2026-05-08 13:20:08.852] [CrestBattleConvergenceLogic] queued Ecarand's Party (Vlandia) team=1 side=Defender dist=57.4 active=3/5
[2026-05-08 13:20:08.925] [CrestBattleConvergenceLogic] tick-status: now=57.2 pending=22 elapsed=0 closestRemaining=4.9s collectDef=1 collectAtt=0 reservedDef=79 reservedAtt=0
[2026-05-08 13:20:10.965] [CrestBattleConvergenceLogic] registered Ecarand's Party on Defender: 74 agents queued (queue size now 153)
[2026-05-08 13:20:13.844] [CrestBattleConvergenceLogic] queued Furnhard's Party (Vlandia) team=1 side=Defender dist=70.9 active=4/5
[2026-05-08 13:20:13.929] [CrestBattleConvergenceLogic] tick-status: now=62.2 pending=21 elapsed=0 closestRemaining=4.9s collectDef=1 collectAtt=0 reservedDef=123 reservedAtt=0
[2026-05-08 13:20:13.980] [CrestBattleConvergenceLogic] registered Furnhard's Party on Defender: 53 agents queued (queue size now 176)
[2026-05-08 13:20:18.841] [CrestBattleConvergenceLogic] queued Belgir's Party (Vlandia) team=1 side=Defender dist=111.5 active=5/5
[2026-05-08 13:20:18.944] [CrestBattleConvergenceLogic] tick-status: now=67.2 pending=20 elapsed=0 closestRemaining=4.9s collectDef=1 collectAtt=0 reservedDef=116 reservedAtt=0
[2026-05-08 13:20:19.995] [CrestBattleConvergenceLogic] registered Belgir's Party on Defender: 135 agents queued (queue size now 251)
[2026-05-08 13:20:23.855] [CrestBattleConvergenceLogic]   cap reached on Defender (5/5); Hecard's Party added to waiting list (size 1)
[2026-05-08 13:20:23.947] [CrestBattleConvergenceLogic] tick-status: now=72.2 pending=19 elapsed=0 closestRemaining=4.9s collectDef=0 collectAtt=0 reservedDef=191 reservedAtt=0
[2026-05-08 13:20:28.847] [CrestBattleConvergenceLogic]   cap reached on Defender (5/5); Richelda's Party added to waiting list (size 2)
[2026-05-08 13:20:28.958] [CrestBattleConvergenceLogic] tick-status: now=77.2 pending=18 elapsed=0 closestRemaining=4.9s collectDef=0 collectAtt=0 reservedDef=161 reservedAtt=0
[2026-05-08 13:20:33.864] [CrestBattleConvergenceLogic]   cap reached on Defender (5/5); Vartin's Party added to waiting list (size 3)
[2026-05-08 13:20:33.977] [CrestBattleConvergenceLogic] tick-status: now=82.3 pending=17 elapsed=0 closestRemaining=4.9s collectDef=0 collectAtt=0 reservedDef=101 reservedAtt=0
[2026-05-08 13:20:39.595] [CrestBattleConvergenceLogic]   cap reached on Defender (5/5); Romund's Party added to waiting list (size 4)
[2026-05-08 13:20:39.730] [CrestBattleConvergenceLogic] tick-status: now=87.3 pending=16 elapsed=0 closestRemaining=4.9s collectDef=0 collectAtt=0 reservedDef=41 reservedAtt=0
[2026-05-08 13:20:44.598] [CrestBattleConvergenceLogic]   cap reached on Defender (5/5); Derthert's Party added to waiting list (size 5)
[2026-05-08 13:20:44.733] [CrestBattleConvergenceLogic] tick-status: now=92.3 pending=15 elapsed=0 closestRemaining=4.9s collectDef=0 collectAtt=0 reservedDef=11 reservedAtt=0
[2026-05-08 13:20:49.598] [CrestBattleConvergenceLogic]   cap reached on Defender (5/5); Morcon's Party added to waiting list (size 6)
[2026-05-08 13:20:49.747] [CrestBattleConvergenceLogic] tick-status: now=97.3 pending=14 elapsed=0 closestRemaining=4.8s collectDef=0 collectAtt=0 reservedDef=0 reservedAtt=0
[2026-05-08 13:20:54.605] [CrestBattleConvergenceLogic] queued Asgotha's Party (Nord) team=0 side=Attacker dist=146.7 active=1/5
[2026-05-08 13:20:54.761] [CrestBattleConvergenceLogic] tick-status: now=102.3 pending=13 elapsed=0 closestRemaining=4.8s collectDef=0 collectAtt=1 reservedDef=0 reservedAtt=0
[2026-05-08 13:20:56.848] [CrestBattleConvergenceLogic] registered Asgotha's Party on Attacker: 171 agents queued (queue size now 171)
[2026-05-08 13:20:59.601] [CrestBattleConvergenceLogic]   cap reached on Defender (5/5); Unthery's Party added to waiting list (size 7)
[2026-05-08 13:20:59.767] [CrestBattleConvergenceLogic] tick-status: now=107.3 pending=12 elapsed=0 closestRemaining=4.8s collectDef=0 collectAtt=0 reservedDef=0 reservedAtt=141
[2026-05-08 13:21:04.608] [CrestBattleConvergenceLogic]   cap reached on Defender (5/5); Arthamund's Party added to waiting list (size 8)
[2026-05-08 13:21:04.776] [CrestBattleConvergenceLogic] tick-status: now=112.3 pending=11 elapsed=0 closestRemaining=4.8s collectDef=0 collectAtt=0 reservedDef=0 reservedAtt=81
[2026-05-08 13:21:09.625] [CrestBattleConvergenceLogic]   cap reached on Defender (5/5); Calatild's Party added to waiting list (size 9)
[2026-05-08 13:21:09.799] [CrestBattleConvergenceLogic] tick-status: now=117.3 pending=10 elapsed=0 closestRemaining=4.8s collectDef=0 collectAtt=0 reservedDef=0 reservedAtt=21
[2026-05-08 13:21:12.737] [CrestBattleConvergenceLogic]   cap reached on Defender (5/5); Ospir's Party added to waiting list (size 10)
[2026-05-08 13:21:12.804] [CrestBattleConvergenceLogic] tick-status: now=122.4 pending=9 elapsed=0 closestRemaining=4.8s collectDef=0 collectAtt=0 reservedDef=0 reservedAtt=0
[2026-05-08 13:21:14.403] [CrestBattleConvergenceLogic]   cap reached on Defender (5/5); Berican's Party added to waiting list (size 11)
[2026-05-08 13:21:14.484] [CrestBattleConvergenceLogic] tick-status: now=127.4 pending=8 elapsed=0 closestRemaining=4.7s collectDef=0 collectAtt=0 reservedDef=0 reservedAtt=0
[2026-05-08 13:21:16.065] [CrestBattleConvergenceLogic]   cap reached on Defender (5/5); Ingalther's Party added to waiting list (size 12)
[2026-05-08 13:21:16.153] [CrestBattleConvergenceLogic] tick-status: now=132.4 pending=7 elapsed=0 closestRemaining=4.7s collectDef=0 collectAtt=0 reservedDef=0 reservedAtt=0
[2026-05-08 13:21:17.737] [CrestBattleConvergenceLogic]   cap reached on Defender (5/5); Amalgun's Party added to waiting list (size 13)
[2026-05-08 13:21:17.819] [CrestBattleConvergenceLogic] tick-status: now=137.4 pending=6 elapsed=0 closestRemaining=4.7s collectDef=0 collectAtt=0 reservedDef=0 reservedAtt=0
[2026-05-08 13:21:19.403] [CrestBattleConvergenceLogic] queued Apolanea's Party (Sturgia) team=0 side=Attacker dist=222.7 active=2/5
[2026-05-08 13:21:19.494] [CrestBattleConvergenceLogic] tick-status: now=142.4 pending=5 elapsed=0 closestRemaining=4.7s collectDef=0 collectAtt=1 reservedDef=0 reservedAtt=0
[2026-05-08 13:21:19.880] [CrestBattleConvergenceLogic] registered Apolanea's Party on Attacker: 107 agents queued (queue size now 107)
[2026-05-08 13:21:21.077] [CrestBattleConvergenceLogic] queued Raganvad's Party (Sturgia) team=0 side=Attacker dist=222.7 active=3/5
[2026-05-08 13:21:21.174] [CrestBattleConvergenceLogic] tick-status: now=147.5 pending=4 elapsed=0 closestRemaining=4.7s collectDef=0 collectAtt=1 reservedDef=0 reservedAtt=47
[2026-05-08 13:21:21.895] [CrestBattleConvergenceLogic] registered Raganvad's Party on Attacker: 251 agents queued (queue size now 298)
[2026-05-08 13:21:22.843] [CrestBattleConvergenceLogic] tick-status: now=152.5 pending=3 elapsed=0 closestRemaining=4.7s collectDef=0 collectAtt=0 reservedDef=0 reservedAtt=268
[2026-05-08 13:21:24.539] [CrestBattleConvergenceLogic] tick-status: now=157.5 pending=2 elapsed=0 closestRemaining=4.7s collectDef=0 collectAtt=0 reservedDef=0 reservedAtt=208
[2026-05-08 13:21:26.104] [CrestBattleConvergenceLogic] queued Vyldur's Party (Sturgia) team=0 side=Attacker dist=223.5 active=4/5
[2026-05-08 13:21:26.209] [CrestBattleConvergenceLogic] tick-status: now=162.5 pending=1 elapsed=0 closestRemaining=4.6s collectDef=0 collectAtt=1 reservedDef=0 reservedAtt=148
[2026-05-08 13:21:26.953] [CrestBattleConvergenceLogic] registered Vyldur's Party on Attacker: 112 agents queued (queue size now 260)
[2026-05-08 13:21:27.760] [CrestBattleConvergenceLogic] queued Gautgar's Party (Nord) team=0 side=Attacker dist=292.2 active=5/5
[2026-05-08 13:21:27.882] [CrestBattleConvergenceLogic] tick-status: now=167.5 pending=0 elapsed=0 closestRemaining=n/a collectDef=0 collectAtt=1 reservedDef=0 reservedAtt=230
[2026-05-08 13:21:27.965] [CrestBattleConvergenceLogic] registered Gautgar's Party on Attacker: 157 agents queued (queue size now 387)
[2026-05-08 13:21:29.557] [CrestBattleConvergenceLogic] tick-status: now=172.5 pending=0 elapsed=0 closestRemaining=n/a collectDef=0 collectAtt=0 reservedDef=0 reservedAtt=327
[2026-05-08 13:21:31.235] [CrestBattleConvergenceLogic] tick-status: now=177.5 pending=0 elapsed=0 closestRemaining=n/a collectDef=0 collectAtt=0 reservedDef=0 reservedAtt=267
[2026-05-08 13:21:32.910] [CrestBattleConvergenceLogic] tick-status: now=182.6 pending=0 elapsed=0 closestRemaining=n/a collectDef=0 collectAtt=0 reservedDef=0 reservedAtt=237
[2026-05-08 13:21:34.591] [CrestBattleConvergenceLogic] tick-status: now=187.6 pending=0 elapsed=0 closestRemaining=n/a collectDef=0 collectAtt=0 reservedDef=0 reservedAtt=177
[2026-05-08 13:21:36.272] [CrestBattleConvergenceLogic] tick-status: now=192.6 pending=0 elapsed=0 closestRemaining=n/a collectDef=0 collectAtt=0 reservedDef=0 reservedAtt=117
[2026-05-08 13:21:37.950] [CrestBattleConvergenceLogic] tick-status: now=197.7 pending=0 elapsed=0 closestRemaining=n/a collectDef=0 collectAtt=0 reservedDef=0 reservedAtt=87
[2026-05-08 13:21:39.618] [CrestBattleConvergenceLogic] tick-status: now=202.7 pending=0 elapsed=0 closestRemaining=n/a collectDef=0 collectAtt=0 reservedDef=0 reservedAtt=27
[2026-05-08 13:21:51.340] [CrestBattleConvergenceLogic] party eliminated: Asgotha's Party (Nord); defActive=5 attActive=4
[2026-05-08 13:22:29.192] [CrestBattleConvergenceLogic] party eliminated: Servic's Party (Vlandia); defActive=4 attActive=4
[2026-05-08 13:22:30.380] [CrestBattleConvergenceLogic] party eliminated: Adaltrud's Party (Vlandia); defActive=3 attActive=4
[2026-05-08 13:22:33.431] [CrestBattleConvergenceLogic] party eliminated: Ecarand's Party (Vlandia); defActive=2 attActive=4
[2026-05-08 13:22:37.539] [CrestBattleConvergenceLogic] party eliminated: Furnhard's Party (Vlandia); defActive=1 attActive=4
[2026-05-08 13:22:41.083] [CrestBattleConvergenceLogic] party eliminated: Belgir's Party (Vlandia); defActive=0 attActive=4
[2026-05-08 13:23:09.287] [CrestBattleConvergenceLogic] Y.12d: OnEndMission cleanup done
[2026-05-08 13:50:31.811] [CrestUnblock] processed 265 files in 16ms
[2026-05-08 13:50:31.821] [CrestQuickStart] patched VideoPlaybackState.OnVideoStarted
[2026-05-08 13:50:31.831] [CrestMessageStyle] patched TaleWorlds.Library.InformationManager.DisplayMessage(InformationMessage)
[2026-05-08 13:50:31.831] [CrestFasterTime] registered (master toggle gates per-tick work)
[2026-05-08 13:50:33.744] [CrestMessageStyle] first DisplayMessage probe -- Mission.Current=null, Campaign.Current=null (Game.Current=null, informational only)
[2026-05-08 13:50:34.802] [CrestFasterTime] API resolved: Campaign.SpeedUpMultiplier=ok, SetTimeSpeed(int)=ok, Input.IsKeyPressed=ok
[2026-05-08 13:50:38.416] [CrestPatchSelfTest] GetAllPatchedMethods returned 358 methods
[2026-05-08 13:50:38.431] [CrestPatchSelfTest] OK   UIExtenderEx.WidgetPrefab.LoadFrom (transpiler) — bound by Bannerlord.UIExtenderEx.Patches.WidgetPrefabPatch.WidgetPrefab_LoadFrom_Transpiler on LoadFrom
[2026-05-08 13:50:38.438] [CrestPatchSelfTest] HARD ButterLib.Module.SetInitialModuleScreenAsRootScreen (transpiler) — target method patched, but no patch from Bannerlord.ButterLib.Implementation.MBSubModuleBaseExtended.Patches.ModulePatch (owners: [MCM.UI.Adapter.MCMv5]; declaring types: [MCM.UI.MCMUIAdapterSubModule])
[2026-05-08 13:50:38.439] [CrestPatchSelfTest] HARD ButterLib.Module.FinalizeSubModules (postfix) — no patch found on TaleWorlds.MountAndBlade.Module.FinalizeSubModules (other patched methods on this type: LoadSubModules, InitializeSubModuleBases, ProcessApplicationArguments, SetInitialModuleScreenAsRootScreen)
[2026-05-08 13:50:38.440] [CrestPatchSelfTest] HARD BEW.Managed.ApplicationTick (finalizer) — no patch found on TaleWorlds.DotNet.Managed.ApplicationTick (no methods on this type are patched at all)
[2026-05-08 13:50:38.440] [CrestPatchSelfTest] HARD BEW.Module.OnApplicationTick (finalizer) — no patch found on TaleWorlds.MountAndBlade.Module.OnApplicationTick (other patched methods on this type: LoadSubModules, InitializeSubModuleBases, ProcessApplicationArguments, SetInitialModuleScreenAsRootScreen)
[2026-05-08 13:50:38.442] [CrestPatchSelfTest] HARD BEW.ScreenManager.Tick (finalizer) — no patch found on TaleWorlds.ScreenSystem.ScreenManager.Tick (no methods on this type are patched at all)
[2026-05-08 13:50:38.444] [CrestPatchSelfTest] HARD BEW.ManagedScriptHolder.TickComponents (finalizer) — no patch found on TaleWorlds.Engine.ManagedScriptHolder.TickComponents (no methods on this type are patched at all)
[2026-05-08 13:50:38.445] [CrestPatchSelfTest] HARD BEW.Mission.Tick (finalizer) — no patch found on TaleWorlds.MountAndBlade.Mission.Tick (other patched methods on this type: UpdateSceneTimeSpeed, OnTeamDeployed, OnDeploymentFinished, CanTakeControlOfAgent)
[2026-05-08 13:50:38.451] [CrestPatchSelfTest] SOFT UIExtenderEx.GauntletMovie.Load (conditional prefix) — no patch found on TaleWorlds.GauntletUI.Data.GauntletMovie.Load (other patched methods on this type: LoadMovie)
[2026-05-08 13:50:38.456] [CrestPatchSelfTest] OK   UIExtenderEx.WidgetFactory.GetCustomType (prefix) — bound by Bannerlord.UIExtenderEx.ResourceManager.WidgetFactoryManager.GetCustomTypePrefix on GetCustomType
[2026-05-08 13:50:38.458] [CrestPatchSelfTest] OK   UIExtenderEx.WidgetFactory.CreateBuiltinWidget (prefix) — bound by Bannerlord.UIExtenderEx.ResourceManager.WidgetFactoryManager.CreateBuiltinWidgetPrefix on CreateBuiltinWidget
[2026-05-08 13:50:38.464] [CrestPatchSelfTest] OK   UIExtenderEx.WidgetFactory.GetWidgetTypes (postfix) — bound by Bannerlord.UIExtenderEx.ResourceManager.WidgetFactoryManager.GetWidgetTypesPostfix on GetWidgetTypes
[2026-05-08 13:50:38.468] [CrestPatchSelfTest] OK   UIExtenderEx.WidgetFactory.IsCustomType (prefix) — bound by Bannerlord.UIExtenderEx.ResourceManager.WidgetFactoryManager.IsCustomTypePrefix on IsCustomType
[2026-05-08 13:50:38.470] [CrestPatchSelfTest] OK   UIExtenderEx.WidgetTemplate.CreateWidgets (transpiler, soft) — bound by Bannerlord.UIExtenderEx.ResourceManager.WidgetFactoryManager.BlankTranspiler on CreateWidgets
[2026-05-08 13:50:38.478] [CrestPatchSelfTest] OK   UIExtenderEx.GauntletMovie.LoadMovie (transpiler, soft) — bound by Bannerlord.UIExtenderEx.ResourceManager.WidgetFactoryManager.BlankTranspiler on LoadMovie
[2026-05-08 13:50:38.478] [CrestPatchSelfTest] summary: 7 bound, 7 hard miss, 1 soft miss (of 15 total)
[2026-05-08 13:50:38.486] [CrestCampaignLogFilter] patched CampaignInformationManager.NewLogEntryAdded — 39 classified entry types across 6 buckets
[2026-05-08 13:50:38.495] [CrestCutThroughEveryone] patched cut-through hooks (gated on EnableCutThroughEveryone master toggle)
[2026-05-08 13:50:38.530] [CrestCampaignTweaks] FasterShips bound: TaleWorlds.CampaignSystem.Party.MobileParty.CalculateSpeed (postfix)
[2026-05-08 13:50:38.553] [CrestCampaignTweaks] AchievementsWithMods bound: SandBox.CampaignBehaviors.DumpIntegrityCampaignBehavior.IsGameIntegrityAchieved (postfix)
[2026-05-08 13:50:38.579] [CrestCampaignTweaks] AchievementsDeactivateBlock bound: StoryMode.GameComponents.CampaignBehaviors.AchievementsCampaignBehavior.DeactivateAchievements (prefix)
[2026-05-08 13:50:38.605] [CrestCampaignTweaks] RTSCameraNavalShim bound: RTSCamera.Patch.Naval.Patch_AgentNavalComponent.Prefix_OnTick (prefix)
[2026-05-08 13:50:38.624] [CrestCampaignTweaks] PreventClanDeath bound: TaleWorlds.CampaignSystem.CampaignBehaviors.AgingCampaignBehavior.IsItTimeOfDeath (prefix)
[2026-05-08 13:50:38.633] [CrestCampaignTweaks] PlayerNoFlinch bound: TaleWorlds.MountAndBlade.Mission.RegisterBlow (prefix)
[2026-05-08 13:50:38.650] [CrestCampaignTweaks] NoExecutionPenalty bound: TaleWorlds.CampaignSystem.CampaignBehaviors.CharacterRelationCampaignBehavior.OnHeroKilled (prefix)
[2026-05-08 13:50:38.665] [CrestCampaignTweaks] ClanTournamentExclusion bound: TaleWorlds.CampaignSystem.TournamentGames.FightTournamentGame.CanBeAParticipant (prefix)
[2026-05-08 13:50:38.681] [CrestCampaignTweaks] ClanPartySpeedBonus bound: TaleWorlds.CampaignSystem.Party.MobileParty.CalculateSpeed (postfix)
[2026-05-08 13:50:38.697] [CrestCampaignTweaks] StopPrisonerEscape (daily) bound: TaleWorlds.CampaignSystem.CampaignBehaviors.PrisonerReleaseCampaignBehavior.DailyHeroTick (prefix)
[2026-05-08 13:50:38.714] [CrestCampaignTweaks] StopPrisonerEscape (hourly) bound: TaleWorlds.CampaignSystem.CampaignBehaviors.PrisonerReleaseCampaignBehavior.HourlyPartyTick (prefix)
[2026-05-08 13:50:38.733] [CrestCampaignTweaks] LootCapturedHeroes bound: TaleWorlds.CampaignSystem.MapEvents.MapEvent.LootDefeatedPartyPrisoners (postfix)
[2026-05-08 13:50:38.750] [CrestCampaignTweaks] NoArrowsStuck bound: TaleWorlds.MountAndBlade.Mission.HandleMissileCollisionReaction (postfix)
[2026-05-08 13:50:38.764] [CrestCampaignTweaks] MarriageStaysInClan bound: TaleWorlds.CampaignSystem.GameComponents.DefaultMarriageModel.GetClanAfterMarriage (postfix)
[2026-05-08 13:50:38.780] [CrestCampaignTweaks] PregnancyChanceUncapped bound: TaleWorlds.CampaignSystem.GameComponents.DefaultPregnancyModel.GetDailyChanceOfPregnancyForHero (postfix)
[2026-05-08 13:50:38.795] [CrestCampaignTweaks] UnlockAllSmithingRecipes bound: TaleWorlds.CampaignSystem.CampaignBehaviors.CraftingCampaignBehavior.IsOpened (postfix)
[2026-05-08 13:50:38.810] [CrestCampaignTweaks] LifelongLearning bound: TaleWorlds.CampaignSystem.GameComponents.DefaultCharacterDevelopmentModel.CalculateLearningRate (postfix)
[2026-05-08 13:50:38.824] [CrestCampaignTweaks] TavernCompanions.DailyTick bound: TaleWorlds.CampaignSystem.CampaignBehaviors.CompanionsCampaignBehavior.DailyTick (postfix)
[2026-05-08 13:50:38.838] [CrestCampaignTweaks] TavernCompanions.DesiredCount bound: TaleWorlds.CampaignSystem.CampaignBehaviors.CompanionsCampaignBehavior.get__desiredTotalCompanionCount (postfix)
[2026-05-08 13:50:38.838] [CrestCampaignTweaks] patched campaign tweaks (legacy EnableCampaignTweaks group)
[2026-05-08 13:50:38.870] [CrestBattleSize] patched (always-on; preset count=7, agent cap=2040)
[2026-05-08 13:50:38.892] [CrestTierUnlocker] patched tier caps (gated on EnableTierUnlocker)
[2026-05-08 13:51:22.170] [CrestCampaignTweaks] AchievementsWithMods: blocked DeactivateAchievements call
[2026-05-08 13:53:38.525] [CrestUnblock] processed 265 files in 16ms
[2026-05-08 13:53:38.536] [CrestQuickStart] patched VideoPlaybackState.OnVideoStarted
[2026-05-08 13:53:38.542] [CrestMessageStyle] patched TaleWorlds.Library.InformationManager.DisplayMessage(InformationMessage)
[2026-05-08 13:53:38.542] [CrestFasterTime] registered (master toggle gates per-tick work)
[2026-05-08 13:53:40.474] [CrestMessageStyle] first DisplayMessage probe -- Mission.Current=null, Campaign.Current=null (Game.Current=null, informational only)
[2026-05-08 13:53:45.246] [CrestPatchSelfTest] GetAllPatchedMethods returned 358 methods
[2026-05-08 13:53:45.263] [CrestPatchSelfTest] OK   UIExtenderEx.WidgetPrefab.LoadFrom (transpiler) — bound by Bannerlord.UIExtenderEx.Patches.WidgetPrefabPatch.WidgetPrefab_LoadFrom_Transpiler on LoadFrom
[2026-05-08 13:53:45.269] [CrestPatchSelfTest] HARD ButterLib.Module.SetInitialModuleScreenAsRootScreen (transpiler) — target method patched, but no patch from Bannerlord.ButterLib.Implementation.MBSubModuleBaseExtended.Patches.ModulePatch (owners: [MCM.UI.Adapter.MCMv5]; declaring types: [MCM.UI.MCMUIAdapterSubModule])
[2026-05-08 13:53:45.270] [CrestPatchSelfTest] HARD ButterLib.Module.FinalizeSubModules (postfix) — no patch found on TaleWorlds.MountAndBlade.Module.FinalizeSubModules (other patched methods on this type: LoadSubModules, InitializeSubModuleBases, ProcessApplicationArguments, SetInitialModuleScreenAsRootScreen)
[2026-05-08 13:53:45.271] [CrestPatchSelfTest] HARD BEW.Managed.ApplicationTick (finalizer) — no patch found on TaleWorlds.DotNet.Managed.ApplicationTick (no methods on this type are patched at all)
[2026-05-08 13:53:45.276] [CrestPatchSelfTest] HARD BEW.Module.OnApplicationTick (finalizer) — no patch found on TaleWorlds.MountAndBlade.Module.OnApplicationTick (other patched methods on this type: LoadSubModules, InitializeSubModuleBases, ProcessApplicationArguments, SetInitialModuleScreenAsRootScreen)
[2026-05-08 13:53:45.279] [CrestPatchSelfTest] HARD BEW.ScreenManager.Tick (finalizer) — no patch found on TaleWorlds.ScreenSystem.ScreenManager.Tick (no methods on this type are patched at all)
[2026-05-08 13:53:45.280] [CrestPatchSelfTest] HARD BEW.ManagedScriptHolder.TickComponents (finalizer) — no patch found on TaleWorlds.Engine.ManagedScriptHolder.TickComponents (no methods on this type are patched at all)
[2026-05-08 13:53:45.281] [CrestPatchSelfTest] HARD BEW.Mission.Tick (finalizer) — no patch found on TaleWorlds.MountAndBlade.Mission.Tick (other patched methods on this type: UpdateSceneTimeSpeed, OnTeamDeployed, OnDeploymentFinished, CanTakeControlOfAgent)
[2026-05-08 13:53:45.285] [CrestPatchSelfTest] SOFT UIExtenderEx.GauntletMovie.Load (conditional prefix) — no patch found on TaleWorlds.GauntletUI.Data.GauntletMovie.Load (other patched methods on this type: LoadMovie)
[2026-05-08 13:53:45.294] [CrestPatchSelfTest] OK   UIExtenderEx.WidgetFactory.GetCustomType (prefix) — bound by Bannerlord.UIExtenderEx.ResourceManager.WidgetFactoryManager.GetCustomTypePrefix on GetCustomType
[2026-05-08 13:53:45.295] [CrestPatchSelfTest] OK   UIExtenderEx.WidgetFactory.CreateBuiltinWidget (prefix) — bound by Bannerlord.UIExtenderEx.ResourceManager.WidgetFactoryManager.CreateBuiltinWidgetPrefix on CreateBuiltinWidget
[2026-05-08 13:53:45.299] [CrestPatchSelfTest] OK   UIExtenderEx.WidgetFactory.GetWidgetTypes (postfix) — bound by Bannerlord.UIExtenderEx.ResourceManager.WidgetFactoryManager.GetWidgetTypesPostfix on GetWidgetTypes
[2026-05-08 13:53:45.306] [CrestPatchSelfTest] OK   UIExtenderEx.WidgetFactory.IsCustomType (prefix) — bound by Bannerlord.UIExtenderEx.ResourceManager.WidgetFactoryManager.IsCustomTypePrefix on IsCustomType
[2026-05-08 13:53:45.307] [CrestPatchSelfTest] OK   UIExtenderEx.WidgetTemplate.CreateWidgets (transpiler, soft) — bound by Bannerlord.UIExtenderEx.ResourceManager.WidgetFactoryManager.BlankTranspiler on CreateWidgets
[2026-05-08 13:53:45.313] [CrestPatchSelfTest] OK   UIExtenderEx.GauntletMovie.LoadMovie (transpiler, soft) — bound by Bannerlord.UIExtenderEx.ResourceManager.WidgetFactoryManager.BlankTranspiler on LoadMovie
[2026-05-08 13:53:45.313] [CrestPatchSelfTest] summary: 7 bound, 7 hard miss, 1 soft miss (of 15 total)
[2026-05-08 13:53:45.324] [CrestCampaignLogFilter] patched CampaignInformationManager.NewLogEntryAdded — 39 classified entry types across 6 buckets
[2026-05-08 13:53:45.325] [CrestCutThroughEveryone] master toggle OFF at startup -- not binding patches (toggle on + restart to enable)
[2026-05-08 13:53:45.359] [CrestCampaignTweaks] FasterShips bound: TaleWorlds.CampaignSystem.Party.MobileParty.CalculateSpeed (postfix)
[2026-05-08 13:53:45.381] [CrestCampaignTweaks] AchievementsWithMods bound: SandBox.CampaignBehaviors.DumpIntegrityCampaignBehavior.IsGameIntegrityAchieved (postfix)
[2026-05-08 13:53:45.409] [CrestCampaignTweaks] AchievementsDeactivateBlock bound: StoryMode.GameComponents.CampaignBehaviors.AchievementsCampaignBehavior.DeactivateAchievements (prefix)
[2026-05-08 13:53:45.436] [CrestCampaignTweaks] RTSCameraNavalShim bound: RTSCamera.Patch.Naval.Patch_AgentNavalComponent.Prefix_OnTick (prefix)
[2026-05-08 13:53:45.436] [CrestCampaignTweaks] EnableCampaignTweaks OFF -- legacy tweaks not bound (standalone features still active)
[2026-05-08 13:53:45.467] [CrestBattleSize] patched (always-on; preset count=7, agent cap=2040)
[2026-05-08 13:53:45.468] [CrestTierUnlocker] master toggle OFF -- not binding tier-cap patches
[2026-05-08 13:54:00.500] [CrestCampaignTweaks] AchievementsWithMods: blocked DeactivateAchievements call
[2026-05-08 13:54:33.621] [CrestFasterTime] API resolved: Campaign.SpeedUpMultiplier=ok, SetTimeSpeed(int)=ok, Input.IsKeyPressed=ok
[2026-05-08 13:54:40.448] [CrestBattleConvergenceDialogueBehavior] registered rescue-thanks dialogue lines
[2026-05-08 13:54:40.448] [SubModule] Y.12d-feature#128: registered Battle Convergence rescue dialogue behavior
[2026-05-08 13:54:52.234] [CrestCompanionHotswap] added swap + select behaviors to mission
[2026-05-08 13:54:52.236] [CrestBattleConvergence] added convergence behavior to mission
[2026-05-08 13:54:52.249] [CrestBattleConvergenceLogic] flat radius (slider mode): 100
[2026-05-08 13:54:52.308] [CrestBattleConvergenceLogic] Y.12d AfterStart: reinforce=True debug=False radius=100 maxPerSide=6 timerset=1000 playerSide=Attacker isPlayerDefender=False missionAgentSpawnLogic=null
[2026-05-08 13:54:54.875] [CrestBattleConvergenceLogic] Y.12d-fix16: ensured 6 custom ally formations (indices 10..15)
[2026-05-08 13:54:54.882] [CrestBattleConvergenceLogic] Cinema-fix-C symmetric radius: bothSidesRadius=300 (mult x3.0) â€” distance-filtered 12
[2026-05-08 13:54:54.882] [CrestBattleConvergenceLogic] Y.12d-fix23 stagger: initial=45s cadence=5s -> first lord at +45s, last (idx 24) at +165s
[2026-05-08 13:54:54.882] [CrestBattleConvergenceLogic] Y.12d Stage1: defenderSpawnPositions=3 attackerSpawnPositions=3 partiesSeen=1489 eligibleCandidates=25 neutralRej=53
[2026-05-08 13:54:54.889] [CrestBattleConvergenceLogic] OnMissionTick first call after Stage1: candidates=25
[2026-05-08 13:55:01.865] [CrestBattleConvergenceLogic] tick-status: now=6.5 pending=25 elapsed=0 closestRemaining=40.0s collectDef=0 collectAtt=0 reservedDef=0 reservedAtt=0
[2026-05-08 13:55:06.876] [CrestBattleConvergenceLogic] tick-status: now=11.5 pending=25 elapsed=0 closestRemaining=35.0s collectDef=0 collectAtt=0 reservedDef=0 reservedAtt=0
[2026-05-08 13:55:11.880] [CrestBattleConvergenceLogic] tick-status: now=16.5 pending=25 elapsed=0 closestRemaining=30.0s collectDef=0 collectAtt=0 reservedDef=0 reservedAtt=0
[2026-05-08 13:55:16.895] [CrestBattleConvergenceLogic] tick-status: now=21.6 pending=25 elapsed=0 closestRemaining=25.0s collectDef=0 collectAtt=0 reservedDef=0 reservedAtt=0
[2026-05-08 13:55:21.895] [CrestBattleConvergenceLogic] tick-status: now=26.6 pending=25 elapsed=0 closestRemaining=20.0s collectDef=0 collectAtt=0 reservedDef=0 reservedAtt=0
[2026-05-08 13:55:26.900] [CrestBattleConvergenceLogic] tick-status: now=31.6 pending=25 elapsed=0 closestRemaining=15.0s collectDef=0 collectAtt=0 reservedDef=0 reservedAtt=0
[2026-05-08 13:55:31.912] [CrestBattleConvergenceLogic] tick-status: now=36.6 pending=25 elapsed=0 closestRemaining=10.0s collectDef=0 collectAtt=0 reservedDef=0 reservedAtt=0
[2026-05-08 13:55:36.919] [CrestBattleConvergenceLogic] tick-status: now=41.6 pending=25 elapsed=0 closestRemaining=5.0s collectDef=0 collectAtt=0 reservedDef=0 reservedAtt=0
[2026-05-08 13:55:41.902] [CrestBattleConvergenceLogic] queued Servic's Party (Vlandia) team=1 side=Defender dist=7.3 active=1/5
[2026-05-08 13:55:41.921] [CrestBattleConvergenceLogic] tick-status: now=46.6 pending=24 elapsed=0 closestRemaining=5.0s collectDef=1 collectAtt=0 reservedDef=0 reservedAtt=0
[2026-05-08 13:55:41.964] [CrestBattleConvergenceLogic] registered Servic's Party on Defender: 127 agents queued (queue size now 127)
[2026-05-08 13:55:46.882] [CrestBattleConvergenceLogic] queued Adaltrud's Party (Vlandia) team=1 side=Defender dist=43.2 active=2/5
[2026-05-08 13:55:46.932] [CrestBattleConvergenceLogic] tick-status: now=51.6 pending=23 elapsed=0 closestRemaining=4.9s collectDef=1 collectAtt=0 reservedDef=67 reservedAtt=0
[2026-05-08 13:55:47.966] [CrestBattleConvergenceLogic] registered Adaltrud's Party on Defender: 72 agents queued (queue size now 139)
[2026-05-08 13:55:51.888] [CrestBattleConvergenceLogic] queued Ecarand's Party (Vlandia) team=1 side=Defender dist=57.4 active=3/5
[2026-05-08 13:55:51.936] [CrestBattleConvergenceLogic] tick-status: now=56.6 pending=22 elapsed=0 closestRemaining=4.9s collectDef=1 collectAtt=0 reservedDef=79 reservedAtt=0
[2026-05-08 13:55:53.990] [CrestBattleConvergenceLogic] registered Ecarand's Party on Defender: 74 agents queued (queue size now 153)
[2026-05-08 13:55:56.888] [CrestBattleConvergenceLogic] queued Furnhard's Party (Vlandia) team=1 side=Defender dist=70.9 active=4/5
[2026-05-08 13:55:56.938] [CrestBattleConvergenceLogic] tick-status: now=61.6 pending=21 elapsed=0 closestRemaining=4.9s collectDef=1 collectAtt=0 reservedDef=123 reservedAtt=0
[2026-05-08 13:55:57.006] [CrestBattleConvergenceLogic] registered Furnhard's Party on Defender: 53 agents queued (queue size now 176)
[2026-05-08 13:56:01.890] [CrestBattleConvergenceLogic] queued Belgir's Party (Vlandia) team=1 side=Defender dist=111.5 active=5/5
[2026-05-08 13:56:01.941] [CrestBattleConvergenceLogic] tick-status: now=66.6 pending=20 elapsed=0 closestRemaining=4.9s collectDef=1 collectAtt=0 reservedDef=116 reservedAtt=0
[2026-05-08 13:56:03.027] [CrestBattleConvergenceLogic] registered Belgir's Party on Defender: 135 agents queued (queue size now 251)
[2026-05-08 13:56:06.884] [CrestBattleConvergenceLogic]   cap reached on Defender (5/5); Hecard's Party added to waiting list (size 1)
[2026-05-08 13:56:06.955] [CrestBattleConvergenceLogic] tick-status: now=71.6 pending=19 elapsed=0 closestRemaining=4.9s collectDef=0 collectAtt=0 reservedDef=191 reservedAtt=0
[2026-05-08 13:56:11.890] [CrestBattleConvergenceLogic]   cap reached on Defender (5/5); Richelda's Party added to waiting list (size 2)
[2026-05-08 13:56:11.971] [CrestBattleConvergenceLogic] tick-status: now=76.6 pending=18 elapsed=0 closestRemaining=4.9s collectDef=0 collectAtt=0 reservedDef=161 reservedAtt=0
[2026-05-08 13:56:16.891] [CrestBattleConvergenceLogic]   cap reached on Defender (5/5); Vartin's Party added to waiting list (size 3)
[2026-05-08 13:56:16.986] [CrestBattleConvergenceLogic] tick-status: now=81.6 pending=17 elapsed=0 closestRemaining=4.9s collectDef=0 collectAtt=0 reservedDef=101 reservedAtt=0
[2026-05-08 13:56:21.894] [CrestBattleConvergenceLogic]   cap reached on Defender (5/5); Romund's Party added to waiting list (size 4)
[2026-05-08 13:56:21.996] [CrestBattleConvergenceLogic] tick-status: now=86.6 pending=16 elapsed=0 closestRemaining=4.9s collectDef=0 collectAtt=0 reservedDef=41 reservedAtt=0
[2026-05-08 13:56:26.897] [CrestBattleConvergenceLogic]   cap reached on Defender (5/5); Derthert's Party added to waiting list (size 5)
[2026-05-08 13:56:27.008] [CrestBattleConvergenceLogic] tick-status: now=91.6 pending=15 elapsed=0 closestRemaining=4.9s collectDef=0 collectAtt=0 reservedDef=11 reservedAtt=0
[2026-05-08 13:56:31.904] [CrestBattleConvergenceLogic]   cap reached on Defender (5/5); Morcon's Party added to waiting list (size 6)
[2026-05-08 13:56:32.012] [CrestBattleConvergenceLogic] tick-status: now=96.6 pending=14 elapsed=0 closestRemaining=4.9s collectDef=0 collectAtt=0 reservedDef=0 reservedAtt=0
[2026-05-08 13:56:36.894] [CrestBattleConvergenceLogic] queued Asgotha's Party (Nord) team=0 side=Attacker dist=146.7 active=1/5
[2026-05-08 13:56:37.017] [CrestBattleConvergenceLogic] tick-status: now=101.7 pending=13 elapsed=0 closestRemaining=4.9s collectDef=0 collectAtt=1 reservedDef=0 reservedAtt=0
[2026-05-08 13:56:39.130] [CrestBattleConvergenceLogic] registered Asgotha's Party on Attacker: 171 agents queued (queue size now 171)
[2026-05-08 13:56:41.906] [CrestBattleConvergenceLogic]   cap reached on Defender (5/5); Unthery's Party added to waiting list (size 7)
[2026-05-08 13:56:42.031] [CrestBattleConvergenceLogic] tick-status: now=106.7 pending=12 elapsed=0 closestRemaining=4.9s collectDef=0 collectAtt=0 reservedDef=0 reservedAtt=141
[2026-05-08 13:56:46.899] [CrestBattleConvergenceLogic]   cap reached on Defender (5/5); Arthamund's Party added to waiting list (size 8)
[2026-05-08 13:56:47.039] [CrestBattleConvergenceLogic] tick-status: now=111.7 pending=11 elapsed=0 closestRemaining=4.9s collectDef=0 collectAtt=0 reservedDef=0 reservedAtt=81
[2026-05-08 13:56:51.940] [CrestBattleConvergenceLogic]   cap reached on Defender (5/5); Calatild's Party added to waiting list (size 9)
[2026-05-08 13:56:52.086] [CrestBattleConvergenceLogic] tick-status: now=116.7 pending=10 elapsed=0 closestRemaining=4.8s collectDef=0 collectAtt=0 reservedDef=0 reservedAtt=21
[2026-05-08 13:56:56.943] [CrestBattleConvergenceLogic]   cap reached on Defender (5/5); Ospir's Party added to waiting list (size 10)
[2026-05-08 13:56:57.100] [CrestBattleConvergenceLogic] tick-status: now=121.7 pending=9 elapsed=0 closestRemaining=4.8s collectDef=0 collectAtt=0 reservedDef=0 reservedAtt=0
[2026-05-08 13:57:01.948] [CrestBattleConvergenceLogic]   cap reached on Defender (5/5); Berican's Party added to waiting list (size 11)
[2026-05-08 13:57:02.111] [CrestBattleConvergenceLogic] tick-status: now=126.7 pending=8 elapsed=0 closestRemaining=4.8s collectDef=0 collectAtt=0 reservedDef=0 reservedAtt=0
[2026-05-08 14:19:50.424] [CrestBattleConvergenceLogic]   cap reached on Defender (5/5); Ingalther's Party added to waiting list (size 12)
[2026-05-08 14:19:50.604] [CrestBattleConvergenceLogic] tick-status: now=131.7 pending=7 elapsed=0 closestRemaining=4.8s collectDef=0 collectAtt=0 reservedDef=0 reservedAtt=0
[2026-05-08 14:19:55.422] [CrestBattleConvergenceLogic]   cap reached on Defender (5/5); Amalgun's Party added to waiting list (size 13)
[2026-05-08 14:19:55.610] [CrestBattleConvergenceLogic] tick-status: now=136.7 pending=6 elapsed=0 closestRemaining=4.8s collectDef=0 collectAtt=0 reservedDef=0 reservedAtt=0
[2026-05-08 14:20:00.428] [CrestBattleConvergenceLogic] queued Apolanea's Party (Sturgia) team=0 side=Attacker dist=222.7 active=2/5
[2026-05-08 14:20:00.608] [CrestBattleConvergenceLogic] tick-status: now=141.7 pending=5 elapsed=0 closestRemaining=4.8s collectDef=0 collectAtt=1 reservedDef=0 reservedAtt=0
[2026-05-08 14:20:01.728] [CrestBattleConvergenceLogic] registered Apolanea's Party on Attacker: 107 agents queued (queue size now 107)
[2026-05-08 14:20:05.420] [CrestBattleConvergenceLogic] queued Raganvad's Party (Sturgia) team=0 side=Attacker dist=222.7 active=3/5
[2026-05-08 14:20:05.613] [CrestBattleConvergenceLogic] tick-status: now=146.7 pending=4 elapsed=0 closestRemaining=4.8s collectDef=0 collectAtt=1 reservedDef=0 reservedAtt=47
[2026-05-08 14:20:07.753] [CrestBattleConvergenceLogic] registered Raganvad's Party on Attacker: 251 agents queued (queue size now 298)
[2026-05-08 14:20:10.632] [CrestBattleConvergenceLogic] tick-status: now=151.7 pending=3 elapsed=0 closestRemaining=4.8s collectDef=0 collectAtt=0 reservedDef=0 reservedAtt=268
[2026-05-08 14:20:15.660] [CrestBattleConvergenceLogic] tick-status: now=156.7 pending=2 elapsed=0 closestRemaining=4.8s collectDef=0 collectAtt=0 reservedDef=0 reservedAtt=208
[2026-05-08 14:20:20.460] [CrestBattleConvergenceLogic] queued Vyldur's Party (Sturgia) team=0 side=Attacker dist=223.5 active=4/5
[2026-05-08 14:20:20.661] [CrestBattleConvergenceLogic] tick-status: now=161.7 pending=1 elapsed=0 closestRemaining=4.8s collectDef=0 collectAtt=1 reservedDef=0 reservedAtt=148
[2026-05-08 14:20:22.811] [CrestBattleConvergenceLogic] registered Vyldur's Party on Attacker: 112 agents queued (queue size now 260)
[2026-05-08 14:20:24.788] [CrestBattleConvergenceLogic] queued Gautgar's Party (Nord) team=0 side=Attacker dist=292.2 active=5/5
[2026-05-08 14:20:24.855] [CrestBattleConvergenceLogic] tick-status: now=166.8 pending=0 elapsed=0 closestRemaining=n/a collectDef=0 collectAtt=1 reservedDef=0 reservedAtt=230
[2026-05-08 14:20:24.913] [CrestBattleConvergenceLogic] registered Gautgar's Party on Attacker: 157 agents queued (queue size now 387)
[2026-05-08 14:20:26.522] [CrestBattleConvergenceLogic] tick-status: now=171.8 pending=0 elapsed=0 closestRemaining=n/a collectDef=0 collectAtt=0 reservedDef=0 reservedAtt=327
[2026-05-08 14:20:28.205] [CrestBattleConvergenceLogic] tick-status: now=176.8 pending=0 elapsed=0 closestRemaining=n/a collectDef=0 collectAtt=0 reservedDef=0 reservedAtt=267
[2026-05-08 14:20:29.878] [CrestBattleConvergenceLogic] tick-status: now=181.8 pending=0 elapsed=0 closestRemaining=n/a collectDef=0 collectAtt=0 reservedDef=0 reservedAtt=237
[2026-05-08 14:20:31.547] [CrestBattleConvergenceLogic] tick-status: now=186.8 pending=0 elapsed=0 closestRemaining=n/a collectDef=0 collectAtt=0 reservedDef=0 reservedAtt=177
[2026-05-08 14:20:35.266] [CrestBattleConvergenceLogic] tick-status: now=191.8 pending=0 elapsed=0 closestRemaining=n/a collectDef=0 collectAtt=0 reservedDef=0 reservedAtt=117
[2026-05-08 14:20:40.276] [CrestBattleConvergenceLogic] tick-status: now=196.8 pending=0 elapsed=0 closestRemaining=n/a collectDef=0 collectAtt=0 reservedDef=0 reservedAtt=87
[2026-05-08 14:20:45.293] [CrestBattleConvergenceLogic] tick-status: now=201.9 pending=0 elapsed=0 closestRemaining=n/a collectDef=0 collectAtt=0 reservedDef=0 reservedAtt=27
[2026-05-08 14:21:03.924] [CrestBattleConvergenceLogic] party eliminated: Asgotha's Party (Nord); defActive=5 attActive=4
[2026-05-08 14:21:39.448] [CrestBattleConvergenceLogic] Y.29: detached 0 joiner parties from mapEvent (23 failed)
[2026-05-08 14:21:39.448] [CrestBattleConvergenceLogic] Y.12d: OnEndMission cleanup done
[2026-05-08 14:23:27.258] [CrestUnblock] processed 265 files in 12ms
[2026-05-08 14:23:27.268] [CrestQuickStart] patched VideoPlaybackState.OnVideoStarted
[2026-05-08 14:23:27.280] [CrestMessageStyle] patched TaleWorlds.Library.InformationManager.DisplayMessage(InformationMessage)
[2026-05-08 14:23:27.280] [CrestFasterTime] registered (master toggle gates per-tick work)
[2026-05-08 14:23:29.208] [CrestMessageStyle] first DisplayMessage probe -- Mission.Current=null, Campaign.Current=null (Game.Current=null, informational only)
[2026-05-08 14:23:30.307] [CrestFasterTime] API resolved: Campaign.SpeedUpMultiplier=ok, SetTimeSpeed(int)=ok, Input.IsKeyPressed=ok
[2026-05-08 14:23:34.014] [CrestPatchSelfTest] GetAllPatchedMethods returned 358 methods
[2026-05-08 14:23:34.028] [CrestPatchSelfTest] OK   UIExtenderEx.WidgetPrefab.LoadFrom (transpiler) — bound by Bannerlord.UIExtenderEx.Patches.WidgetPrefabPatch.WidgetPrefab_LoadFrom_Transpiler on LoadFrom
[2026-05-08 14:23:34.036] [CrestPatchSelfTest] HARD ButterLib.Module.SetInitialModuleScreenAsRootScreen (transpiler) — target method patched, but no patch from Bannerlord.ButterLib.Implementation.MBSubModuleBaseExtended.Patches.ModulePatch (owners: [MCM.UI.Adapter.MCMv5]; declaring types: [MCM.UI.MCMUIAdapterSubModule])
[2026-05-08 14:23:34.037] [CrestPatchSelfTest] HARD ButterLib.Module.FinalizeSubModules (postfix) — no patch found on TaleWorlds.MountAndBlade.Module.FinalizeSubModules (other patched methods on this type: LoadSubModules, InitializeSubModuleBases, ProcessApplicationArguments, SetInitialModuleScreenAsRootScreen)
[2026-05-08 14:23:34.038] [CrestPatchSelfTest] HARD BEW.Managed.ApplicationTick (finalizer) — no patch found on TaleWorlds.DotNet.Managed.ApplicationTick (no methods on this type are patched at all)
[2026-05-08 14:23:34.039] [CrestPatchSelfTest] HARD BEW.Module.OnApplicationTick (finalizer) — no patch found on TaleWorlds.MountAndBlade.Module.OnApplicationTick (other patched methods on this type: LoadSubModules, InitializeSubModuleBases, ProcessApplicationArguments, SetInitialModuleScreenAsRootScreen)
[2026-05-08 14:23:34.041] [CrestPatchSelfTest] HARD BEW.ScreenManager.Tick (finalizer) — no patch found on TaleWorlds.ScreenSystem.ScreenManager.Tick (no methods on this type are patched at all)
[2026-05-08 14:23:34.042] [CrestPatchSelfTest] HARD BEW.ManagedScriptHolder.TickComponents (finalizer) — no patch found on TaleWorlds.Engine.ManagedScriptHolder.TickComponents (no methods on this type are patched at all)
[2026-05-08 14:23:34.042] [CrestPatchSelfTest] HARD BEW.Mission.Tick (finalizer) — no patch found on TaleWorlds.MountAndBlade.Mission.Tick (other patched methods on this type: UpdateSceneTimeSpeed, OnTeamDeployed, OnDeploymentFinished, CanTakeControlOfAgent)
[2026-05-08 14:23:34.049] [CrestPatchSelfTest] SOFT UIExtenderEx.GauntletMovie.Load (conditional prefix) — no patch found on TaleWorlds.GauntletUI.Data.GauntletMovie.Load (other patched methods on this type: LoadMovie)
[2026-05-08 14:23:34.055] [CrestPatchSelfTest] OK   UIExtenderEx.WidgetFactory.GetCustomType (prefix) — bound by Bannerlord.UIExtenderEx.ResourceManager.WidgetFactoryManager.GetCustomTypePrefix on GetCustomType
[2026-05-08 14:23:34.056] [CrestPatchSelfTest] OK   UIExtenderEx.WidgetFactory.CreateBuiltinWidget (prefix) — bound by Bannerlord.UIExtenderEx.ResourceManager.WidgetFactoryManager.CreateBuiltinWidgetPrefix on CreateBuiltinWidget
[2026-05-08 14:23:34.062] [CrestPatchSelfTest] OK   UIExtenderEx.WidgetFactory.GetWidgetTypes (postfix) — bound by Bannerlord.UIExtenderEx.ResourceManager.WidgetFactoryManager.GetWidgetTypesPostfix on GetWidgetTypes
[2026-05-08 14:23:34.068] [CrestPatchSelfTest] OK   UIExtenderEx.WidgetFactory.IsCustomType (prefix) — bound by Bannerlord.UIExtenderEx.ResourceManager.WidgetFactoryManager.IsCustomTypePrefix on IsCustomType
[2026-05-08 14:23:34.068] [CrestPatchSelfTest] OK   UIExtenderEx.WidgetTemplate.CreateWidgets (transpiler, soft) — bound by Bannerlord.UIExtenderEx.ResourceManager.WidgetFactoryManager.BlankTranspiler on CreateWidgets
[2026-05-08 14:23:34.078] [CrestPatchSelfTest] OK   UIExtenderEx.GauntletMovie.LoadMovie (transpiler, soft) — bound by Bannerlord.UIExtenderEx.ResourceManager.WidgetFactoryManager.BlankTranspiler on LoadMovie
[2026-05-08 14:23:34.078] [CrestPatchSelfTest] summary: 7 bound, 7 hard miss, 1 soft miss (of 15 total)
[2026-05-08 14:23:34.085] [CrestCampaignLogFilter] patched CampaignInformationManager.NewLogEntryAdded — 39 classified entry types across 6 buckets
[2026-05-08 14:23:34.096] [CrestCutThroughEveryone] patched cut-through hooks (gated on EnableCutThroughEveryone master toggle)
[2026-05-08 14:23:34.131] [CrestCampaignTweaks] FasterShips bound: TaleWorlds.CampaignSystem.Party.MobileParty.CalculateSpeed (postfix)
[2026-05-08 14:23:34.155] [CrestCampaignTweaks] AchievementsWithMods bound: SandBox.CampaignBehaviors.DumpIntegrityCampaignBehavior.IsGameIntegrityAchieved (postfix)
[2026-05-08 14:23:34.180] [CrestCampaignTweaks] AchievementsDeactivateBlock bound: StoryMode.GameComponents.CampaignBehaviors.AchievementsCampaignBehavior.DeactivateAchievements (prefix)
[2026-05-08 14:23:34.208] [CrestCampaignTweaks] RTSCameraNavalShim bound: RTSCamera.Patch.Naval.Patch_AgentNavalComponent.Prefix_OnTick (prefix)
[2026-05-08 14:23:34.225] [CrestCampaignTweaks] PreventClanDeath bound: TaleWorlds.CampaignSystem.CampaignBehaviors.AgingCampaignBehavior.IsItTimeOfDeath (prefix)
[2026-05-08 14:23:34.235] [CrestCampaignTweaks] PlayerNoFlinch bound: TaleWorlds.MountAndBlade.Mission.RegisterBlow (prefix)
[2026-05-08 14:23:34.252] [CrestCampaignTweaks] NoExecutionPenalty bound: TaleWorlds.CampaignSystem.CampaignBehaviors.CharacterRelationCampaignBehavior.OnHeroKilled (prefix)
[2026-05-08 14:23:34.267] [CrestCampaignTweaks] ClanTournamentExclusion bound: TaleWorlds.CampaignSystem.TournamentGames.FightTournamentGame.CanBeAParticipant (prefix)
[2026-05-08 14:23:34.283] [CrestCampaignTweaks] ClanPartySpeedBonus bound: TaleWorlds.CampaignSystem.Party.MobileParty.CalculateSpeed (postfix)
[2026-05-08 14:23:34.300] [CrestCampaignTweaks] StopPrisonerEscape (daily) bound: TaleWorlds.CampaignSystem.CampaignBehaviors.PrisonerReleaseCampaignBehavior.DailyHeroTick (prefix)
[2026-05-08 14:23:34.316] [CrestCampaignTweaks] StopPrisonerEscape (hourly) bound: TaleWorlds.CampaignSystem.CampaignBehaviors.PrisonerReleaseCampaignBehavior.HourlyPartyTick (prefix)
[2026-05-08 14:23:34.334] [CrestCampaignTweaks] LootCapturedHeroes bound: TaleWorlds.CampaignSystem.MapEvents.MapEvent.LootDefeatedPartyPrisoners (postfix)
[2026-05-08 14:23:34.351] [CrestCampaignTweaks] NoArrowsStuck bound: TaleWorlds.MountAndBlade.Mission.HandleMissileCollisionReaction (postfix)
[2026-05-08 14:23:34.366] [CrestCampaignTweaks] MarriageStaysInClan bound: TaleWorlds.CampaignSystem.GameComponents.DefaultMarriageModel.GetClanAfterMarriage (postfix)
[2026-05-08 14:23:34.380] [CrestCampaignTweaks] PregnancyChanceUncapped bound: TaleWorlds.CampaignSystem.GameComponents.DefaultPregnancyModel.GetDailyChanceOfPregnancyForHero (postfix)
[2026-05-08 14:23:34.397] [CrestCampaignTweaks] UnlockAllSmithingRecipes bound: TaleWorlds.CampaignSystem.CampaignBehaviors.CraftingCampaignBehavior.IsOpened (postfix)
[2026-05-08 14:23:34.414] [CrestCampaignTweaks] LifelongLearning bound: TaleWorlds.CampaignSystem.GameComponents.DefaultCharacterDevelopmentModel.CalculateLearningRate (postfix)
[2026-05-08 14:23:34.429] [CrestCampaignTweaks] TavernCompanions.DailyTick bound: TaleWorlds.CampaignSystem.CampaignBehaviors.CompanionsCampaignBehavior.DailyTick (postfix)
[2026-05-08 14:23:34.443] [CrestCampaignTweaks] TavernCompanions.DesiredCount bound: TaleWorlds.CampaignSystem.CampaignBehaviors.CompanionsCampaignBehavior.get__desiredTotalCompanionCount (postfix)
[2026-05-08 14:23:34.443] [CrestCampaignTweaks] patched campaign tweaks (legacy EnableCampaignTweaks group)
[2026-05-08 14:23:34.472] [CrestBattleSize] patched (always-on; preset count=7, agent cap=2040)
[2026-05-08 14:23:34.496] [CrestTierUnlocker] patched tier caps (gated on EnableTierUnlocker)
[2026-05-08 14:23:38.261] [CrestBattleConvergenceDialogueBehavior] registered rescue-thanks dialogue lines
[2026-05-08 14:23:38.261] [SubModule] Y.12d-feature#128: registered Battle Convergence rescue dialogue behavior
[2026-05-08 14:23:47.188] [CrestCampaignTweaks] AchievementsWithMods: blocked DeactivateAchievements call
[2026-05-08 16:21:40.740] [CrestUnblock] processed 265 files in 14ms
[2026-05-08 16:21:40.753] [CrestQuickStart] patched VideoPlaybackState.OnVideoStarted
[2026-05-08 16:21:40.766] [CrestMessageStyle] patched TaleWorlds.Library.InformationManager.DisplayMessage(InformationMessage)
[2026-05-08 16:21:40.766] [CrestFasterTime] registered (master toggle gates per-tick work)
[2026-05-08 16:21:43.008] [CrestMessageStyle] first DisplayMessage probe -- Mission.Current=null, Campaign.Current=null (Game.Current=null, informational only)
[2026-05-08 16:21:48.239] [CrestPatchSelfTest] GetAllPatchedMethods returned 358 methods
[2026-05-08 16:21:48.254] [CrestPatchSelfTest] OK   UIExtenderEx.WidgetPrefab.LoadFrom (transpiler) — bound by Bannerlord.UIExtenderEx.Patches.WidgetPrefabPatch.WidgetPrefab_LoadFrom_Transpiler on LoadFrom
[2026-05-08 16:21:48.262] [CrestPatchSelfTest] HARD ButterLib.Module.SetInitialModuleScreenAsRootScreen (transpiler) — target method patched, but no patch from Bannerlord.ButterLib.Implementation.MBSubModuleBaseExtended.Patches.ModulePatch (owners: [MCM.UI.Adapter.MCMv5]; declaring types: [MCM.UI.MCMUIAdapterSubModule])
[2026-05-08 16:21:48.265] [CrestPatchSelfTest] HARD ButterLib.Module.FinalizeSubModules (postfix) — no patch found on TaleWorlds.MountAndBlade.Module.FinalizeSubModules (other patched methods on this type: LoadSubModules, InitializeSubModuleBases, ProcessApplicationArguments, SetInitialModuleScreenAsRootScreen)
[2026-05-08 16:21:48.267] [CrestPatchSelfTest] HARD BEW.Managed.ApplicationTick (finalizer) — no patch found on TaleWorlds.DotNet.Managed.ApplicationTick (no methods on this type are patched at all)
[2026-05-08 16:21:48.269] [CrestPatchSelfTest] HARD BEW.Module.OnApplicationTick (finalizer) — no patch found on TaleWorlds.MountAndBlade.Module.OnApplicationTick (other patched methods on this type: LoadSubModules, InitializeSubModuleBases, ProcessApplicationArguments, SetInitialModuleScreenAsRootScreen)
[2026-05-08 16:21:48.271] [CrestPatchSelfTest] HARD BEW.ScreenManager.Tick (finalizer) — no patch found on TaleWorlds.ScreenSystem.ScreenManager.Tick (no methods on this type are patched at all)
[2026-05-08 16:21:48.272] [CrestPatchSelfTest] HARD BEW.ManagedScriptHolder.TickComponents (finalizer) — no patch found on TaleWorlds.Engine.ManagedScriptHolder.TickComponents (no methods on this type are patched at all)
[2026-05-08 16:21:48.273] [CrestPatchSelfTest] HARD BEW.Mission.Tick (finalizer) — no patch found on TaleWorlds.MountAndBlade.Mission.Tick (other patched methods on this type: UpdateSceneTimeSpeed, OnTeamDeployed, OnDeploymentFinished, CanTakeControlOfAgent)
[2026-05-08 16:21:48.281] [CrestPatchSelfTest] SOFT UIExtenderEx.GauntletMovie.Load (conditional prefix) — no patch found on TaleWorlds.GauntletUI.Data.GauntletMovie.Load (other patched methods on this type: LoadMovie)
[2026-05-08 16:21:48.288] [CrestPatchSelfTest] OK   UIExtenderEx.WidgetFactory.GetCustomType (prefix) — bound by Bannerlord.UIExtenderEx.ResourceManager.WidgetFactoryManager.GetCustomTypePrefix on GetCustomType
[2026-05-08 16:21:48.290] [CrestPatchSelfTest] OK   UIExtenderEx.WidgetFactory.CreateBuiltinWidget (prefix) — bound by Bannerlord.UIExtenderEx.ResourceManager.WidgetFactoryManager.CreateBuiltinWidgetPrefix on CreateBuiltinWidget
[2026-05-08 16:21:48.299] [CrestPatchSelfTest] OK   UIExtenderEx.WidgetFactory.GetWidgetTypes (postfix) — bound by Bannerlord.UIExtenderEx.ResourceManager.WidgetFactoryManager.GetWidgetTypesPostfix on GetWidgetTypes
[2026-05-08 16:21:48.303] [CrestPatchSelfTest] OK   UIExtenderEx.WidgetFactory.IsCustomType (prefix) — bound by Bannerlord.UIExtenderEx.ResourceManager.WidgetFactoryManager.IsCustomTypePrefix on IsCustomType
[2026-05-08 16:21:48.306] [CrestPatchSelfTest] OK   UIExtenderEx.WidgetTemplate.CreateWidgets (transpiler, soft) — bound by Bannerlord.UIExtenderEx.ResourceManager.WidgetFactoryManager.BlankTranspiler on CreateWidgets
[2026-05-08 16:21:48.316] [CrestPatchSelfTest] OK   UIExtenderEx.GauntletMovie.LoadMovie (transpiler, soft) — bound by Bannerlord.UIExtenderEx.ResourceManager.WidgetFactoryManager.BlankTranspiler on LoadMovie
[2026-05-08 16:21:48.316] [CrestPatchSelfTest] summary: 7 bound, 7 hard miss, 1 soft miss (of 15 total)
[2026-05-08 16:21:48.324] [CrestCampaignLogFilter] patched CampaignInformationManager.NewLogEntryAdded — 39 classified entry types across 6 buckets
[2026-05-08 16:21:48.326] [CrestCutThroughEveryone] master toggle OFF at startup -- not binding patches (toggle on + restart to enable)
[2026-05-08 16:21:48.367] [CrestCampaignTweaks] FasterShips bound: TaleWorlds.CampaignSystem.Party.MobileParty.CalculateSpeed (postfix)
[2026-05-08 16:21:48.393] [CrestCampaignTweaks] AchievementsWithMods bound: SandBox.CampaignBehaviors.DumpIntegrityCampaignBehavior.IsGameIntegrityAchieved (postfix)
[2026-05-08 16:21:48.424] [CrestCampaignTweaks] AchievementsDeactivateBlock bound: StoryMode.GameComponents.CampaignBehaviors.AchievementsCampaignBehavior.DeactivateAchievements (prefix)
[2026-05-08 16:21:48.453] [CrestCampaignTweaks] RTSCameraNavalShim bound: RTSCamera.Patch.Naval.Patch_AgentNavalComponent.Prefix_OnTick (prefix)
[2026-05-08 16:21:48.453] [CrestCampaignTweaks] EnableCampaignTweaks OFF -- legacy tweaks not bound (standalone features still active)
[2026-05-08 16:21:48.491] [CrestBattleSize] patched (always-on; preset count=7, agent cap=2040)
[2026-05-08 16:21:48.492] [CrestTierUnlocker] master toggle OFF -- not binding tier-cap patches
[2026-05-08 16:22:02.159] [CrestCampaignTweaks] AchievementsWithMods: blocked DeactivateAchievements call
[2026-05-08 16:22:12.852] [CrestFasterTime] API resolved: Campaign.SpeedUpMultiplier=ok, SetTimeSpeed(int)=ok, Input.IsKeyPressed=ok
[2026-05-08 16:22:21.293] [CrestCompanionHotswap] added swap + select behaviors to mission
[2026-05-08 16:22:21.295] [CrestBattleConvergence] added convergence behavior to mission
[2026-05-08 16:22:21.376] [CrestBattleConvergenceLogic] flat radius (slider mode): 100
[2026-05-08 16:22:21.433] [CrestBattleConvergenceLogic] Y.12d AfterStart: reinforce=True debug=False radius=100 maxPerSide=6 timerset=1000 playerSide=Attacker isPlayerDefender=False missionAgentSpawnLogic=null
[2026-05-08 16:22:24.908] [CrestBattleConvergenceLogic] Y.30: ensured 2 ally pools (6 formations, indices 10..15)
[2026-05-08 16:22:24.916] [CrestBattleConvergenceLogic] Cinema-fix-C symmetric radius: bothSidesRadius=300 (mult x3.0) â€” distance-filtered 12
[2026-05-08 16:22:24.916] [CrestBattleConvergenceLogic] Y.12d-fix23 stagger: initial=45s cadence=5s -> first lord at +45s, last (idx 24) at +165s
[2026-05-08 16:22:24.916] [CrestBattleConvergenceLogic] Y.12d Stage1: defenderSpawnPositions=3 attackerSpawnPositions=3 partiesSeen=1489 eligibleCandidates=25 neutralRej=53
[2026-05-08 16:22:24.942] [CrestBattleConvergenceLogic] OnMissionTick first call after Stage1: candidates=25
[2026-05-08 16:22:31.778] [CrestBattleConvergenceLogic] tick-status: now=6.7 pending=25 elapsed=0 closestRemaining=40.0s collectDef=0 collectAtt=0 reservedDef=0 reservedAtt=0
[2026-05-08 16:22:39.486] [CrestBattleConvergenceLogic] tick-status: now=11.7 pending=25 elapsed=0 closestRemaining=35.0s collectDef=0 collectAtt=0 reservedDef=0 reservedAtt=0
[2026-05-08 16:22:46.649] [CrestBattleConvergenceLogic] tick-status: now=16.8 pending=25 elapsed=0 closestRemaining=30.0s collectDef=0 collectAtt=0 reservedDef=0 reservedAtt=0
[2026-05-08 16:22:51.654] [CrestBattleConvergenceLogic] tick-status: now=21.8 pending=25 elapsed=0 closestRemaining=25.0s collectDef=0 collectAtt=0 reservedDef=0 reservedAtt=0
[2026-05-08 16:22:56.673] [CrestBattleConvergenceLogic] tick-status: now=26.8 pending=25 elapsed=0 closestRemaining=20.0s collectDef=0 collectAtt=0 reservedDef=0 reservedAtt=0
[2026-05-08 16:23:01.690] [CrestBattleConvergenceLogic] tick-status: now=31.8 pending=25 elapsed=0 closestRemaining=14.9s collectDef=0 collectAtt=0 reservedDef=0 reservedAtt=0
[2026-05-08 16:23:06.698] [CrestBattleConvergenceLogic] tick-status: now=36.8 pending=25 elapsed=0 closestRemaining=9.9s collectDef=0 collectAtt=0 reservedDef=0 reservedAtt=0
[2026-05-08 16:23:11.706] [CrestBattleConvergenceLogic] tick-status: now=41.8 pending=25 elapsed=0 closestRemaining=4.9s collectDef=0 collectAtt=0 reservedDef=0 reservedAtt=0
[2026-05-08 16:23:16.671] [CrestBattleConvergenceLogic] queued Servic's Party (Vlandia) team=1 side=Defender dist=7.3 active=1/5
[2026-05-08 16:23:16.712] [CrestBattleConvergenceLogic] tick-status: now=46.8 pending=24 elapsed=0 closestRemaining=4.9s collectDef=1 collectAtt=0 reservedDef=0 reservedAtt=0
[2026-05-08 16:23:16.760] [CrestBattleConvergenceLogic] registered Servic's Party on Defender: 127 agents queued (queue size now 127)
[2026-05-08 16:23:21.648] [CrestBattleConvergenceLogic] queued Adaltrud's Party (Vlandia) team=1 side=Defender dist=43.2 active=2/5
[2026-05-08 16:23:21.726] [CrestBattleConvergenceLogic] tick-status: now=51.8 pending=23 elapsed=0 closestRemaining=4.9s collectDef=1 collectAtt=0 reservedDef=67 reservedAtt=0
[2026-05-08 16:23:22.775] [CrestBattleConvergenceLogic] registered Adaltrud's Party on Defender: 72 agents queued (queue size now 139)
[2026-05-08 16:23:26.638] [CrestBattleConvergenceLogic] queued Ecarand's Party (Vlandia) team=1 side=Defender dist=57.4 active=3/5
[2026-05-08 16:23:26.743] [CrestBattleConvergenceLogic] tick-status: now=56.8 pending=22 elapsed=0 closestRemaining=4.9s collectDef=1 collectAtt=0 reservedDef=79 reservedAtt=0
[2026-05-08 16:23:29.529] [CrestBattleConvergenceLogic] registered Ecarand's Party on Defender: 74 agents queued (queue size now 153)
[2026-05-08 16:23:32.374] [CrestBattleConvergenceLogic] queued Furnhard's Party (Vlandia) team=1 side=Defender dist=70.9 active=4/5
[2026-05-08 16:23:32.493] [CrestBattleConvergenceLogic] tick-status: now=61.9 pending=21 elapsed=0 closestRemaining=4.9s collectDef=1 collectAtt=0 reservedDef=123 reservedAtt=0
[2026-05-08 16:23:32.544] [CrestBattleConvergenceLogic] registered Furnhard's Party on Defender: 53 agents queued (queue size now 176)
[2026-05-08 16:23:37.374] [CrestBattleConvergenceLogic] queued Belgir's Party (Vlandia) team=1 side=Defender dist=111.5 active=5/5
[2026-05-08 16:23:37.494] [CrestBattleConvergenceLogic] tick-status: now=66.9 pending=20 elapsed=0 closestRemaining=4.9s collectDef=1 collectAtt=0 reservedDef=116 reservedAtt=0
[2026-05-08 16:23:38.563] [CrestBattleConvergenceLogic] registered Belgir's Party on Defender: 135 agents queued (queue size now 251)
[2026-05-08 16:23:42.384] [CrestBattleConvergenceLogic]   cap reached on Defender (5/5); Hecard's Party added to waiting list (size 1)
[2026-05-08 16:23:42.506] [CrestBattleConvergenceLogic] tick-status: now=71.9 pending=19 elapsed=0 closestRemaining=4.9s collectDef=0 collectAtt=0 reservedDef=191 reservedAtt=0
[2026-05-08 16:24:09.992] [CrestBattleConvergenceLogic]   cap reached on Defender (5/5); Richelda's Party added to waiting list (size 2)
[2026-05-08 16:24:10.128] [CrestBattleConvergenceLogic] tick-status: now=76.9 pending=18 elapsed=0 closestRemaining=4.9s collectDef=0 collectAtt=0 reservedDef=161 reservedAtt=0
[2026-05-08 16:24:24.136] [CrestBattleConvergenceLogic]   cap reached on Defender (5/5); Vartin's Party added to waiting list (size 3)
[2026-05-08 16:24:24.279] [CrestBattleConvergenceLogic] tick-status: now=81.9 pending=17 elapsed=0 closestRemaining=4.9s collectDef=0 collectAtt=0 reservedDef=101 reservedAtt=0
[2026-05-08 16:24:43.394] [CrestBattleConvergenceLogic]   cap reached on Defender (5/5); Romund's Party added to waiting list (size 4)
[2026-05-08 16:24:43.542] [CrestBattleConvergenceLogic] tick-status: now=86.9 pending=16 elapsed=0 closestRemaining=4.8s collectDef=0 collectAtt=0 reservedDef=41 reservedAtt=0
[2026-05-08 16:24:48.389] [CrestBattleConvergenceLogic]   cap reached on Defender (5/5); Derthert's Party added to waiting list (size 5)
[2026-05-08 16:24:48.543] [CrestBattleConvergenceLogic] tick-status: now=91.9 pending=15 elapsed=0 closestRemaining=4.8s collectDef=0 collectAtt=0 reservedDef=11 reservedAtt=0
[2026-05-08 16:24:53.398] [CrestBattleConvergenceLogic]   cap reached on Defender (5/5); Morcon's Party added to waiting list (size 6)
[2026-05-08 16:24:53.551] [CrestBattleConvergenceLogic] tick-status: now=96.9 pending=14 elapsed=0 closestRemaining=4.8s collectDef=0 collectAtt=0 reservedDef=0 reservedAtt=0
[2026-05-08 16:24:58.391] [CrestBattleConvergenceLogic] queued Asgotha's Party (Nord) team=0 side=Attacker dist=146.7 active=1/5
[2026-05-08 16:24:58.561] [CrestBattleConvergenceLogic] tick-status: now=101.9 pending=13 elapsed=0 closestRemaining=4.8s collectDef=0 collectAtt=1 reservedDef=0 reservedAtt=0
[2026-05-08 16:25:00.678] [CrestBattleConvergenceLogic] registered Asgotha's Party on Attacker: 171 agents queued (queue size now 171)
[2026-05-08 16:25:00.686] [CrestBattleConvergenceLogic] Y.30: pool[0] lead=Asgotha's Party tactics=176 (first); LordCount=1
[2026-05-08 16:25:03.392] [CrestBattleConvergenceLogic]   cap reached on Defender (5/5); Unthery's Party added to waiting list (size 7)
[2026-05-08 16:25:03.574] [CrestBattleConvergenceLogic] tick-status: now=106.9 pending=12 elapsed=0 closestRemaining=4.8s collectDef=0 collectAtt=0 reservedDef=0 reservedAtt=141
[2026-05-08 16:25:30.377] [CrestBattleConvergenceLogic]   cap reached on Defender (5/5); Arthamund's Party added to waiting list (size 8)
[2026-05-08 16:25:30.559] [CrestBattleConvergenceLogic] tick-status: now=111.9 pending=11 elapsed=0 closestRemaining=4.8s collectDef=0 collectAtt=0 reservedDef=0 reservedAtt=81
[2026-05-08 16:25:35.425] [CrestBattleConvergenceLogic]   cap reached on Defender (5/5); Calatild's Party added to waiting list (size 9)
[2026-05-08 16:25:35.617] [CrestBattleConvergenceLogic] tick-status: now=116.9 pending=10 elapsed=0 closestRemaining=4.8s collectDef=0 collectAtt=0 reservedDef=0 reservedAtt=21
[2026-05-08 16:25:40.433] [CrestBattleConvergenceLogic]   cap reached on Defender (5/5); Ospir's Party added to waiting list (size 10)
[2026-05-08 16:25:40.621] [CrestBattleConvergenceLogic] tick-status: now=121.9 pending=9 elapsed=0 closestRemaining=4.8s collectDef=0 collectAtt=0 reservedDef=0 reservedAtt=0
[2026-05-08 16:25:48.757] [CrestBattleConvergenceLogic]   cap reached on Defender (5/5); Berican's Party added to waiting list (size 11)
[2026-05-08 16:25:48.978] [CrestBattleConvergenceLogic] tick-status: now=127.0 pending=8 elapsed=0 closestRemaining=4.8s collectDef=0 collectAtt=0 reservedDef=0 reservedAtt=0
[2026-05-08 16:25:53.772] [CrestBattleConvergenceLogic]   cap reached on Defender (5/5); Ingalther's Party added to waiting list (size 12)
[2026-05-08 16:25:53.995] [CrestBattleConvergenceLogic] tick-status: now=132.0 pending=7 elapsed=0 closestRemaining=4.8s collectDef=0 collectAtt=0 reservedDef=0 reservedAtt=0
[2026-05-08 16:25:58.762] [CrestBattleConvergenceLogic]   cap reached on Defender (5/5); Amalgun's Party added to waiting list (size 13)
[2026-05-08 16:25:59.008] [CrestBattleConvergenceLogic] tick-status: now=137.0 pending=6 elapsed=0 closestRemaining=4.7s collectDef=0 collectAtt=0 reservedDef=0 reservedAtt=0
[2026-05-08 16:26:03.771] [CrestBattleConvergenceLogic] queued Apolanea's Party (Sturgia) team=0 side=Attacker dist=222.7 active=2/5
[2026-05-08 16:26:04.018] [CrestBattleConvergenceLogic] tick-status: now=142.0 pending=5 elapsed=0 closestRemaining=4.7s collectDef=0 collectAtt=1 reservedDef=0 reservedAtt=0
[2026-05-08 16:26:05.111] [CrestBattleConvergenceLogic] registered Apolanea's Party on Attacker: 107 agents queued (queue size now 107)
[2026-05-08 16:26:05.111] [CrestBattleConvergenceLogic] Y.30: pool[0] joined by Apolanea's Party (tactics=176); pool lead unchanged (176)
[2026-05-08 16:26:08.790] [CrestBattleConvergenceLogic] queued Raganvad's Party (Sturgia) team=0 side=Attacker dist=222.7 active=3/5
[2026-05-08 16:26:09.037] [CrestBattleConvergenceLogic] tick-status: now=147.0 pending=4 elapsed=0 closestRemaining=4.7s collectDef=0 collectAtt=1 reservedDef=0 reservedAtt=47
[2026-05-08 16:26:11.141] [CrestBattleConvergenceLogic] registered Raganvad's Party on Attacker: 251 agents queued (queue size now 298)
[2026-05-08 16:26:14.064] [CrestBattleConvergenceLogic] tick-status: now=152.0 pending=3 elapsed=0 closestRemaining=4.7s collectDef=0 collectAtt=0 reservedDef=0 reservedAtt=268
[2026-05-08 16:26:14.230] [CrestBattleConvergenceLogic] Y.30: pool[0] lead=Raganvad's Party tactics=227 (escalated); LordCount=3
[2026-05-08 16:26:19.110] [CrestBattleConvergenceLogic] tick-status: now=157.0 pending=2 elapsed=0 closestRemaining=4.7s collectDef=0 collectAtt=0 reservedDef=0 reservedAtt=208
[2026-05-08 16:26:26.245] [CrestBattleConvergenceLogic] queued Vyldur's Party (Sturgia) team=0 side=Attacker dist=223.5 active=4/5
[2026-05-08 16:26:26.530] [CrestBattleConvergenceLogic] tick-status: now=162.0 pending=1 elapsed=0 closestRemaining=4.7s collectDef=0 collectAtt=1 reservedDef=0 reservedAtt=148
[2026-05-08 16:26:30.257] [CrestBattleConvergenceLogic] Y.29: detached 0 joiner parties from mapEvent (22 failed)
[2026-05-08 16:26:30.257] [CrestBattleConvergenceLogic] Y.12d: OnEndMission cleanup done
[2026-05-08 16:26:52.047] [CrestUnblock] processed 265 files in 19ms
[2026-05-08 16:26:52.061] [CrestQuickStart] patched VideoPlaybackState.OnVideoStarted
[2026-05-08 16:26:52.075] [CrestMessageStyle] patched TaleWorlds.Library.InformationManager.DisplayMessage(InformationMessage)
[2026-05-08 16:26:52.075] [CrestFasterTime] registered (master toggle gates per-tick work)
[2026-05-08 16:26:54.343] [CrestMessageStyle] first DisplayMessage probe -- Mission.Current=null, Campaign.Current=null (Game.Current=null, informational only)
[2026-05-08 16:26:59.667] [CrestPatchSelfTest] GetAllPatchedMethods returned 358 methods
[2026-05-08 16:26:59.683] [CrestPatchSelfTest] OK   UIExtenderEx.WidgetPrefab.LoadFrom (transpiler) — bound by Bannerlord.UIExtenderEx.Patches.WidgetPrefabPatch.WidgetPrefab_LoadFrom_Transpiler on LoadFrom
[2026-05-08 16:26:59.692] [CrestPatchSelfTest] HARD ButterLib.Module.SetInitialModuleScreenAsRootScreen (transpiler) — target method patched, but no patch from Bannerlord.ButterLib.Implementation.MBSubModuleBaseExtended.Patches.ModulePatch (owners: [MCM.UI.Adapter.MCMv5]; declaring types: [MCM.UI.MCMUIAdapterSubModule])
[2026-05-08 16:26:59.693] [CrestPatchSelfTest] HARD ButterLib.Module.FinalizeSubModules (postfix) — no patch found on TaleWorlds.MountAndBlade.Module.FinalizeSubModules (other patched methods on this type: LoadSubModules, InitializeSubModuleBases, ProcessApplicationArguments, SetInitialModuleScreenAsRootScreen)
[2026-05-08 16:26:59.694] [CrestPatchSelfTest] HARD BEW.Managed.ApplicationTick (finalizer) — no patch found on TaleWorlds.DotNet.Managed.ApplicationTick (no methods on this type are patched at all)
[2026-05-08 16:26:59.695] [CrestPatchSelfTest] HARD BEW.Module.OnApplicationTick (finalizer) — no patch found on TaleWorlds.MountAndBlade.Module.OnApplicationTick (other patched methods on this type: LoadSubModules, InitializeSubModuleBases, ProcessApplicationArguments, SetInitialModuleScreenAsRootScreen)
[2026-05-08 16:26:59.698] [CrestPatchSelfTest] HARD BEW.ScreenManager.Tick (finalizer) — no patch found on TaleWorlds.ScreenSystem.ScreenManager.Tick (no methods on this type are patched at all)
[2026-05-08 16:26:59.704] [CrestPatchSelfTest] HARD BEW.ManagedScriptHolder.TickComponents (finalizer) — no patch found on TaleWorlds.Engine.ManagedScriptHolder.TickComponents (no methods on this type are patched at all)
[2026-05-08 16:26:59.705] [CrestPatchSelfTest] HARD BEW.Mission.Tick (finalizer) — no patch found on TaleWorlds.MountAndBlade.Mission.Tick (other patched methods on this type: UpdateSceneTimeSpeed, OnTeamDeployed, OnDeploymentFinished, CanTakeControlOfAgent)
[2026-05-08 16:26:59.710] [CrestPatchSelfTest] SOFT UIExtenderEx.GauntletMovie.Load (conditional prefix) — no patch found on TaleWorlds.GauntletUI.Data.GauntletMovie.Load (other patched methods on this type: LoadMovie)
[2026-05-08 16:26:59.716] [CrestPatchSelfTest] OK   UIExtenderEx.WidgetFactory.GetCustomType (prefix) — bound by Bannerlord.UIExtenderEx.ResourceManager.WidgetFactoryManager.GetCustomTypePrefix on GetCustomType
[2026-05-08 16:26:59.723] [CrestPatchSelfTest] OK   UIExtenderEx.WidgetFactory.CreateBuiltinWidget (prefix) — bound by Bannerlord.UIExtenderEx.ResourceManager.WidgetFactoryManager.CreateBuiltinWidgetPrefix on CreateBuiltinWidget
[2026-05-08 16:26:59.725] [CrestPatchSelfTest] OK   UIExtenderEx.WidgetFactory.GetWidgetTypes (postfix) — bound by Bannerlord.UIExtenderEx.ResourceManager.WidgetFactoryManager.GetWidgetTypesPostfix on GetWidgetTypes
[2026-05-08 16:26:59.734] [CrestPatchSelfTest] OK   UIExtenderEx.WidgetFactory.IsCustomType (prefix) — bound by Bannerlord.UIExtenderEx.ResourceManager.WidgetFactoryManager.IsCustomTypePrefix on IsCustomType
[2026-05-08 16:26:59.738] [CrestPatchSelfTest] OK   UIExtenderEx.WidgetTemplate.CreateWidgets (transpiler, soft) — bound by Bannerlord.UIExtenderEx.ResourceManager.WidgetFactoryManager.BlankTranspiler on CreateWidgets
[2026-05-08 16:26:59.740] [CrestPatchSelfTest] OK   UIExtenderEx.GauntletMovie.LoadMovie (transpiler, soft) — bound by Bannerlord.UIExtenderEx.ResourceManager.WidgetFactoryManager.BlankTranspiler on LoadMovie
[2026-05-08 16:26:59.740] [CrestPatchSelfTest] summary: 7 bound, 7 hard miss, 1 soft miss (of 15 total)
[2026-05-08 16:26:59.759] [CrestCampaignLogFilter] patched CampaignInformationManager.NewLogEntryAdded — 39 classified entry types across 6 buckets
[2026-05-08 16:26:59.760] [CrestCutThroughEveryone] master toggle OFF at startup -- not binding patches (toggle on + restart to enable)
[2026-05-08 16:26:59.797] [CrestCampaignTweaks] FasterShips bound: TaleWorlds.CampaignSystem.Party.MobileParty.CalculateSpeed (postfix)
[2026-05-08 16:26:59.827] [CrestCampaignTweaks] AchievementsWithMods bound: SandBox.CampaignBehaviors.DumpIntegrityCampaignBehavior.IsGameIntegrityAchieved (postfix)
[2026-05-08 16:26:59.856] [CrestCampaignTweaks] AchievementsDeactivateBlock bound: StoryMode.GameComponents.CampaignBehaviors.AchievementsCampaignBehavior.DeactivateAchievements (prefix)
[2026-05-08 16:26:59.886] [CrestCampaignTweaks] RTSCameraNavalShim bound: RTSCamera.Patch.Naval.Patch_AgentNavalComponent.Prefix_OnTick (prefix)
[2026-05-08 16:26:59.886] [CrestCampaignTweaks] EnableCampaignTweaks OFF -- legacy tweaks not bound (standalone features still active)
[2026-05-08 16:26:59.921] [CrestBattleSize] patched (always-on; preset count=7, agent cap=2040)
[2026-05-08 16:26:59.921] [CrestTierUnlocker] master toggle OFF -- not binding tier-cap patches
[2026-05-08 16:27:13.931] [CrestCampaignTweaks] AchievementsWithMods: blocked DeactivateAchievements call
[2026-05-08 16:27:59.190] [CrestFasterTime] API resolved: Campaign.SpeedUpMultiplier=ok, SetTimeSpeed(int)=ok, Input.IsKeyPressed=ok
[2026-05-08 16:28:17.315] [CrestUnblock] processed 265 files in 19ms
[2026-05-08 16:28:17.328] [CrestQuickStart] patched VideoPlaybackState.OnVideoStarted
[2026-05-08 16:28:17.336] [CrestMessageStyle] patched TaleWorlds.Library.InformationManager.DisplayMessage(InformationMessage)
[2026-05-08 16:28:17.336] [CrestFasterTime] registered (master toggle gates per-tick work)
[2026-05-08 16:28:19.596] [CrestMessageStyle] first DisplayMessage probe -- Mission.Current=null, Campaign.Current=null (Game.Current=null, informational only)
[2026-05-08 16:28:20.879] [CrestFasterTime] API resolved: Campaign.SpeedUpMultiplier=ok, SetTimeSpeed(int)=ok, Input.IsKeyPressed=ok
[2026-05-08 16:28:24.905] [CrestPatchSelfTest] GetAllPatchedMethods returned 358 methods
[2026-05-08 16:28:24.919] [CrestPatchSelfTest] OK   UIExtenderEx.WidgetPrefab.LoadFrom (transpiler) — bound by Bannerlord.UIExtenderEx.Patches.WidgetPrefabPatch.WidgetPrefab_LoadFrom_Transpiler on LoadFrom
[2026-05-08 16:28:24.928] [CrestPatchSelfTest] HARD ButterLib.Module.SetInitialModuleScreenAsRootScreen (transpiler) — target method patched, but no patch from Bannerlord.ButterLib.Implementation.MBSubModuleBaseExtended.Patches.ModulePatch (owners: [MCM.UI.Adapter.MCMv5]; declaring types: [MCM.UI.MCMUIAdapterSubModule])
[2026-05-08 16:28:24.929] [CrestPatchSelfTest] HARD ButterLib.Module.FinalizeSubModules (postfix) — no patch found on TaleWorlds.MountAndBlade.Module.FinalizeSubModules (other patched methods on this type: LoadSubModules, InitializeSubModuleBases, ProcessApplicationArguments, SetInitialModuleScreenAsRootScreen)
[2026-05-08 16:28:24.930] [CrestPatchSelfTest] HARD BEW.Managed.ApplicationTick (finalizer) — no patch found on TaleWorlds.DotNet.Managed.ApplicationTick (no methods on this type are patched at all)
[2026-05-08 16:28:24.931] [CrestPatchSelfTest] HARD BEW.Module.OnApplicationTick (finalizer) — no patch found on TaleWorlds.MountAndBlade.Module.OnApplicationTick (other patched methods on this type: LoadSubModules, InitializeSubModuleBases, ProcessApplicationArguments, SetInitialModuleScreenAsRootScreen)
[2026-05-08 16:28:24.934] [CrestPatchSelfTest] HARD BEW.ScreenManager.Tick (finalizer) — no patch found on TaleWorlds.ScreenSystem.ScreenManager.Tick (no methods on this type are patched at all)
[2026-05-08 16:28:24.936] [CrestPatchSelfTest] HARD BEW.ManagedScriptHolder.TickComponents (finalizer) — no patch found on TaleWorlds.Engine.ManagedScriptHolder.TickComponents (no methods on this type are patched at all)
[2026-05-08 16:28:24.937] [CrestPatchSelfTest] HARD BEW.Mission.Tick (finalizer) — no patch found on TaleWorlds.MountAndBlade.Mission.Tick (other patched methods on this type: UpdateSceneTimeSpeed, OnTeamDeployed, OnDeploymentFinished, CanTakeControlOfAgent)
[2026-05-08 16:28:24.943] [CrestPatchSelfTest] SOFT UIExtenderEx.GauntletMovie.Load (conditional prefix) — no patch found on TaleWorlds.GauntletUI.Data.GauntletMovie.Load (other patched methods on this type: LoadMovie)
[2026-05-08 16:28:24.949] [CrestPatchSelfTest] OK   UIExtenderEx.WidgetFactory.GetCustomType (prefix) — bound by Bannerlord.UIExtenderEx.ResourceManager.WidgetFactoryManager.GetCustomTypePrefix on GetCustomType
[2026-05-08 16:28:24.953] [CrestPatchSelfTest] OK   UIExtenderEx.WidgetFactory.CreateBuiltinWidget (prefix) — bound by Bannerlord.UIExtenderEx.ResourceManager.WidgetFactoryManager.CreateBuiltinWidgetPrefix on CreateBuiltinWidget
[2026-05-08 16:28:24.960] [CrestPatchSelfTest] OK   UIExtenderEx.WidgetFactory.GetWidgetTypes (postfix) — bound by Bannerlord.UIExtenderEx.ResourceManager.WidgetFactoryManager.GetWidgetTypesPostfix on GetWidgetTypes
[2026-05-08 16:28:24.964] [CrestPatchSelfTest] OK   UIExtenderEx.WidgetFactory.IsCustomType (prefix) — bound by Bannerlord.UIExtenderEx.ResourceManager.WidgetFactoryManager.IsCustomTypePrefix on IsCustomType
[2026-05-08 16:28:24.966] [CrestPatchSelfTest] OK   UIExtenderEx.WidgetTemplate.CreateWidgets (transpiler, soft) — bound by Bannerlord.UIExtenderEx.ResourceManager.WidgetFactoryManager.BlankTranspiler on CreateWidgets
[2026-05-08 16:28:24.978] [CrestPatchSelfTest] OK   UIExtenderEx.GauntletMovie.LoadMovie (transpiler, soft) — bound by Bannerlord.UIExtenderEx.ResourceManager.WidgetFactoryManager.BlankTranspiler on LoadMovie
[2026-05-08 16:28:24.978] [CrestPatchSelfTest] summary: 7 bound, 7 hard miss, 1 soft miss (of 15 total)
[2026-05-08 16:28:24.986] [CrestCampaignLogFilter] patched CampaignInformationManager.NewLogEntryAdded — 39 classified entry types across 6 buckets
[2026-05-08 16:28:24.998] [CrestCutThroughEveryone] patched cut-through hooks (gated on EnableCutThroughEveryone master toggle)
[2026-05-08 16:28:25.036] [CrestCampaignTweaks] FasterShips bound: TaleWorlds.CampaignSystem.Party.MobileParty.CalculateSpeed (postfix)
[2026-05-08 16:28:25.064] [CrestCampaignTweaks] AchievementsWithMods bound: SandBox.CampaignBehaviors.DumpIntegrityCampaignBehavior.IsGameIntegrityAchieved (postfix)
[2026-05-08 16:28:25.096] [CrestCampaignTweaks] AchievementsDeactivateBlock bound: StoryMode.GameComponents.CampaignBehaviors.AchievementsCampaignBehavior.DeactivateAchievements (prefix)
[2026-05-08 16:28:25.128] [CrestCampaignTweaks] RTSCameraNavalShim bound: RTSCamera.Patch.Naval.Patch_AgentNavalComponent.Prefix_OnTick (prefix)
[2026-05-08 16:28:25.148] [CrestCampaignTweaks] PreventClanDeath bound: TaleWorlds.CampaignSystem.CampaignBehaviors.AgingCampaignBehavior.IsItTimeOfDeath (prefix)
[2026-05-08 16:28:25.159] [CrestCampaignTweaks] PlayerNoFlinch bound: TaleWorlds.MountAndBlade.Mission.RegisterBlow (prefix)
[2026-05-08 16:28:25.180] [CrestCampaignTweaks] NoExecutionPenalty bound: TaleWorlds.CampaignSystem.CampaignBehaviors.CharacterRelationCampaignBehavior.OnHeroKilled (prefix)
[2026-05-08 16:28:25.196] [CrestCampaignTweaks] ClanTournamentExclusion bound: TaleWorlds.CampaignSystem.TournamentGames.FightTournamentGame.CanBeAParticipant (prefix)
[2026-05-08 16:28:25.215] [CrestCampaignTweaks] ClanPartySpeedBonus bound: TaleWorlds.CampaignSystem.Party.MobileParty.CalculateSpeed (postfix)
[2026-05-08 16:28:25.236] [CrestCampaignTweaks] StopPrisonerEscape (daily) bound: TaleWorlds.CampaignSystem.CampaignBehaviors.PrisonerReleaseCampaignBehavior.DailyHeroTick (prefix)
[2026-05-08 16:28:25.255] [CrestCampaignTweaks] StopPrisonerEscape (hourly) bound: TaleWorlds.CampaignSystem.CampaignBehaviors.PrisonerReleaseCampaignBehavior.HourlyPartyTick (prefix)
[2026-05-08 16:28:25.276] [CrestCampaignTweaks] LootCapturedHeroes bound: TaleWorlds.CampaignSystem.MapEvents.MapEvent.LootDefeatedPartyPrisoners (postfix)
[2026-05-08 16:28:25.294] [CrestCampaignTweaks] NoArrowsStuck bound: TaleWorlds.MountAndBlade.Mission.HandleMissileCollisionReaction (postfix)
[2026-05-08 16:28:25.311] [CrestCampaignTweaks] MarriageStaysInClan bound: TaleWorlds.CampaignSystem.GameComponents.DefaultMarriageModel.GetClanAfterMarriage (postfix)
[2026-05-08 16:28:25.330] [CrestCampaignTweaks] PregnancyChanceUncapped bound: TaleWorlds.CampaignSystem.GameComponents.DefaultPregnancyModel.GetDailyChanceOfPregnancyForHero (postfix)
[2026-05-08 16:28:25.347] [CrestCampaignTweaks] UnlockAllSmithingRecipes bound: TaleWorlds.CampaignSystem.CampaignBehaviors.CraftingCampaignBehavior.IsOpened (postfix)
[2026-05-08 16:28:25.366] [CrestCampaignTweaks] LifelongLearning bound: TaleWorlds.CampaignSystem.GameComponents.DefaultCharacterDevelopmentModel.CalculateLearningRate (postfix)
[2026-05-08 16:28:25.383] [CrestCampaignTweaks] TavernCompanions.DailyTick bound: TaleWorlds.CampaignSystem.CampaignBehaviors.CompanionsCampaignBehavior.DailyTick (postfix)
[2026-05-08 16:28:25.399] [CrestCampaignTweaks] TavernCompanions.DesiredCount bound: TaleWorlds.CampaignSystem.CampaignBehaviors.CompanionsCampaignBehavior.get__desiredTotalCompanionCount (postfix)
[2026-05-08 16:28:25.399] [CrestCampaignTweaks] patched campaign tweaks (legacy EnableCampaignTweaks group)
[2026-05-08 16:28:25.435] [CrestBattleSize] patched (always-on; preset count=7, agent cap=2040)
[2026-05-08 16:28:25.461] [CrestTierUnlocker] patched tier caps (gated on EnableTierUnlocker)
[2026-05-08 16:28:29.585] [CrestBattleConvergenceDialogueBehavior] registered rescue-thanks dialogue lines
[2026-05-08 16:28:29.585] [SubModule] Y.12d-feature#128: registered Battle Convergence rescue dialogue behavior
[2026-05-08 16:28:39.248] [CrestCampaignTweaks] AchievementsWithMods: blocked DeactivateAchievements call
[2026-05-08 16:28:55.174] [CrestCompanionHotswap] added swap + select behaviors to mission
[2026-05-08 16:28:55.176] [CrestBattleConvergence] added convergence behavior to mission
[2026-05-08 16:28:55.255] [CrestBattleConvergenceLogic] flat radius (slider mode): 100
[2026-05-08 16:28:55.313] [CrestBattleConvergenceLogic] Y.12d AfterStart: reinforce=True debug=False radius=100 maxPerSide=6 timerset=1000 playerSide=Attacker isPlayerDefender=False missionAgentSpawnLogic=null
[2026-05-08 16:28:59.622] [CrestBattleConvergenceLogic] Y.30: ensured 2 ally pools (6 formations, indices 10..15)
[2026-05-08 16:28:59.629] [CrestBattleConvergenceLogic] Cinema-fix-C symmetric radius: bothSidesRadius=300 (mult x3.0) â€” distance-filtered 12
[2026-05-08 16:28:59.630] [CrestBattleConvergenceLogic] Y.12d-fix23 stagger: initial=45s cadence=5s -> first lord at +45s, last (idx 24) at +165s
[2026-05-08 16:28:59.630] [CrestBattleConvergenceLogic] Y.12d Stage1: defenderSpawnPositions=3 attackerSpawnPositions=3 partiesSeen=1489 eligibleCandidates=25 neutralRej=53
[2026-05-08 16:28:59.660] [CrestBattleConvergenceLogic] OnMissionTick first call after Stage1: candidates=25
[2026-05-08 16:29:04.598] [CrestBattleConvergenceLogic] tick-status: now=7.6 pending=25 elapsed=0 closestRemaining=40.0s collectDef=0 collectAtt=0 reservedDef=0 reservedAtt=0
[2026-05-08 16:29:12.672] [CrestBattleConvergenceLogic] tick-status: now=12.6 pending=25 elapsed=0 closestRemaining=35.0s collectDef=0 collectAtt=0 reservedDef=0 reservedAtt=0
[2026-05-08 16:29:19.570] [CrestBattleConvergenceLogic] tick-status: now=17.6 pending=25 elapsed=0 closestRemaining=30.0s collectDef=0 collectAtt=0 reservedDef=0 reservedAtt=0
[2026-05-08 16:29:24.576] [CrestBattleConvergenceLogic] tick-status: now=22.6 pending=25 elapsed=0 closestRemaining=25.0s collectDef=0 collectAtt=0 reservedDef=0 reservedAtt=0
[2026-05-08 16:29:29.576] [CrestBattleConvergenceLogic] tick-status: now=27.6 pending=25 elapsed=0 closestRemaining=20.0s collectDef=0 collectAtt=0 reservedDef=0 reservedAtt=0
[2026-05-08 16:29:34.578] [CrestBattleConvergenceLogic] tick-status: now=32.6 pending=25 elapsed=0 closestRemaining=15.0s collectDef=0 collectAtt=0 reservedDef=0 reservedAtt=0
[2026-05-08 16:29:39.593] [CrestBattleConvergenceLogic] tick-status: now=37.6 pending=25 elapsed=0 closestRemaining=10.0s collectDef=0 collectAtt=0 reservedDef=0 reservedAtt=0
[2026-05-08 16:29:44.603] [CrestBattleConvergenceLogic] tick-status: now=42.6 pending=25 elapsed=0 closestRemaining=5.0s collectDef=0 collectAtt=0 reservedDef=0 reservedAtt=0
[2026-05-08 16:29:50.811] [CrestBattleConvergenceLogic] queued Servic's Party (Vlandia) team=1 side=Defender dist=7.3 active=1/5
[2026-05-08 16:29:50.824] [CrestBattleConvergenceLogic] tick-status: now=47.6 pending=24 elapsed=0 closestRemaining=5.0s collectDef=1 collectAtt=0 reservedDef=0 reservedAtt=0
[2026-05-08 16:29:50.913] [CrestBattleConvergenceLogic] registered Servic's Party on Defender: 127 agents queued (queue size now 127)
[2026-05-08 16:30:18.144] [CrestBattleConvergenceLogic] queued Adaltrud's Party (Vlandia) team=1 side=Defender dist=43.2 active=2/5
[2026-05-08 16:30:18.178] [CrestBattleConvergenceLogic] tick-status: now=52.6 pending=23 elapsed=0 closestRemaining=5.0s collectDef=1 collectAtt=0 reservedDef=67 reservedAtt=0
[2026-05-08 16:30:19.288] [CrestBattleConvergenceLogic] registered Adaltrud's Party on Defender: 72 agents queued (queue size now 139)
[2026-05-08 16:30:31.148] [CrestBattleConvergenceLogic] queued Ecarand's Party (Vlandia) team=1 side=Defender dist=57.4 active=3/5
[2026-05-08 16:30:31.206] [CrestBattleConvergenceLogic] tick-status: now=57.6 pending=22 elapsed=0 closestRemaining=4.9s collectDef=1 collectAtt=0 reservedDef=79 reservedAtt=0
[2026-05-08 16:30:33.321] [CrestBattleConvergenceLogic] registered Ecarand's Party on Defender: 74 agents queued (queue size now 153)
[2026-05-08 16:30:36.157] [CrestBattleConvergenceLogic] queued Furnhard's Party (Vlandia) team=1 side=Defender dist=70.9 active=4/5
[2026-05-08 16:30:36.208] [CrestBattleConvergenceLogic] tick-status: now=62.6 pending=21 elapsed=0 closestRemaining=4.9s collectDef=1 collectAtt=0 reservedDef=123 reservedAtt=0
[2026-05-08 16:30:36.329] [CrestBattleConvergenceLogic] registered Furnhard's Party on Defender: 53 agents queued (queue size now 176)
[2026-05-08 16:31:17.446] [CrestBattleConvergenceLogic] queued Belgir's Party (Vlandia) team=1 side=Defender dist=111.5 active=5/5
[2026-05-08 16:31:17.508] [CrestBattleConvergenceLogic] tick-status: now=67.7 pending=20 elapsed=0 closestRemaining=4.9s collectDef=1 collectAtt=0 reservedDef=116 reservedAtt=0
[2026-05-08 16:31:18.635] [CrestBattleConvergenceLogic] registered Belgir's Party on Defender: 135 agents queued (queue size now 251)
[2026-05-08 16:31:32.580] [CrestBattleConvergenceLogic]   cap reached on Defender (5/5); Hecard's Party added to waiting list (size 1)
[2026-05-08 16:31:32.657] [CrestBattleConvergenceLogic] tick-status: now=72.7 pending=19 elapsed=0 closestRemaining=4.9s collectDef=0 collectAtt=0 reservedDef=191 reservedAtt=0
[2026-05-08 16:31:37.583] [CrestBattleConvergenceLogic]   cap reached on Defender (5/5); Richelda's Party added to waiting list (size 2)
[2026-05-08 16:31:37.670] [CrestBattleConvergenceLogic] tick-status: now=77.7 pending=18 elapsed=0 closestRemaining=4.9s collectDef=0 collectAtt=0 reservedDef=161 reservedAtt=0
[2026-05-08 16:31:42.580] [CrestBattleConvergenceLogic]   cap reached on Defender (5/5); Vartin's Party added to waiting list (size 3)
[2026-05-08 16:31:42.692] [CrestBattleConvergenceLogic] tick-status: now=82.7 pending=17 elapsed=0 closestRemaining=4.9s collectDef=0 collectAtt=0 reservedDef=101 reservedAtt=0
[2026-05-08 16:31:47.582] [CrestBattleConvergenceLogic]   cap reached on Defender (5/5); Romund's Party added to waiting list (size 4)
[2026-05-08 16:31:47.696] [CrestBattleConvergenceLogic] tick-status: now=87.7 pending=16 elapsed=0 closestRemaining=4.9s collectDef=0 collectAtt=0 reservedDef=41 reservedAtt=0
[2026-05-08 16:31:52.588] [CrestBattleConvergenceLogic]   cap reached on Defender (5/5); Derthert's Party added to waiting list (size 5)
[2026-05-08 16:31:52.711] [CrestBattleConvergenceLogic] tick-status: now=92.7 pending=15 elapsed=0 closestRemaining=4.9s collectDef=0 collectAtt=0 reservedDef=11 reservedAtt=0
[2026-05-08 16:31:58.190] [CrestBattleConvergenceLogic]   cap reached on Defender (5/5); Morcon's Party added to waiting list (size 6)
[2026-05-08 16:31:58.316] [CrestBattleConvergenceLogic] tick-status: now=97.7 pending=14 elapsed=0 closestRemaining=4.9s collectDef=0 collectAtt=0 reservedDef=0 reservedAtt=0
[2026-05-08 16:32:03.200] [CrestBattleConvergenceLogic] queued Asgotha's Party (Nord) team=0 side=Attacker dist=146.7 active=1/5
[2026-05-08 16:32:03.314] [CrestBattleConvergenceLogic] tick-status: now=102.7 pending=13 elapsed=0 closestRemaining=4.9s collectDef=0 collectAtt=1 reservedDef=0 reservedAtt=0
[2026-05-08 16:32:05.501] [CrestBattleConvergenceLogic] registered Asgotha's Party on Attacker: 171 agents queued (queue size now 171)
[2026-05-08 16:32:05.511] [CrestBattleConvergenceLogic] Y.30: pool[0] lead=Asgotha's Party tactics=176 (first); LordCount=1
[2026-05-08 16:32:08.198] [CrestBattleConvergenceLogic]   cap reached on Defender (5/5); Unthery's Party added to waiting list (size 7)
[2026-05-08 16:32:08.330] [CrestBattleConvergenceLogic] tick-status: now=107.7 pending=12 elapsed=0 closestRemaining=4.9s collectDef=0 collectAtt=0 reservedDef=0 reservedAtt=141
[2026-05-08 16:32:13.256] [CrestBattleConvergenceLogic]   cap reached on Defender (5/5); Arthamund's Party added to waiting list (size 8)
[2026-05-08 16:32:13.402] [CrestBattleConvergenceLogic] tick-status: now=112.7 pending=11 elapsed=0 closestRemaining=4.8s collectDef=0 collectAtt=0 reservedDef=0 reservedAtt=81
[2026-05-08 16:32:18.311] [CrestBattleConvergenceLogic]   cap reached on Defender (5/5); Calatild's Party added to waiting list (size 9)
[2026-05-08 16:32:18.463] [CrestBattleConvergenceLogic] tick-status: now=117.7 pending=10 elapsed=0 closestRemaining=4.8s collectDef=0 collectAtt=0 reservedDef=0 reservedAtt=21
[2026-05-08 16:32:23.312] [CrestBattleConvergenceLogic]   cap reached on Defender (5/5); Ospir's Party added to waiting list (size 10)
[2026-05-08 16:32:23.469] [CrestBattleConvergenceLogic] tick-status: now=122.7 pending=9 elapsed=0 closestRemaining=4.8s collectDef=0 collectAtt=0 reservedDef=0 reservedAtt=0
[2026-05-08 16:32:28.326] [CrestBattleConvergenceLogic]   cap reached on Defender (5/5); Berican's Party added to waiting list (size 11)
[2026-05-08 16:32:28.469] [CrestBattleConvergenceLogic] tick-status: now=127.7 pending=8 elapsed=0 closestRemaining=4.8s collectDef=0 collectAtt=0 reservedDef=0 reservedAtt=0
[2026-05-08 16:32:35.280] [CrestBattleConvergenceLogic]   cap reached on Defender (5/5); Ingalther's Party added to waiting list (size 12)
[2026-05-08 16:32:35.528] [CrestBattleConvergenceLogic] tick-status: now=132.8 pending=7 elapsed=0 closestRemaining=4.8s collectDef=0 collectAtt=0 reservedDef=0 reservedAtt=0
[2026-05-08 16:32:39.705] [CrestBattleConvergenceLogic] Y.29: detached 0 joiner parties from mapEvent (18 failed)
[2026-05-08 16:32:39.705] [CrestBattleConvergenceLogic] Y.12d: OnEndMission cleanup done
[2026-05-08 16:41:49.196] [CrestUnblock] processed 265 files in 13ms
[2026-05-08 16:41:49.207] [CrestQuickStart] patched VideoPlaybackState.OnVideoStarted
[2026-05-08 16:41:49.218] [CrestMessageStyle] patched TaleWorlds.Library.InformationManager.DisplayMessage(InformationMessage)
[2026-05-08 16:41:49.218] [CrestFasterTime] registered (master toggle gates per-tick work)
[2026-05-08 16:41:51.154] [CrestMessageStyle] first DisplayMessage probe -- Mission.Current=null, Campaign.Current=null (Game.Current=null, informational only)
[2026-05-08 16:41:55.890] [CrestPatchSelfTest] GetAllPatchedMethods returned 358 methods
[2026-05-08 16:41:55.907] [CrestPatchSelfTest] OK   UIExtenderEx.WidgetPrefab.LoadFrom (transpiler) — bound by Bannerlord.UIExtenderEx.Patches.WidgetPrefabPatch.WidgetPrefab_LoadFrom_Transpiler on LoadFrom
[2026-05-08 16:41:55.913] [CrestPatchSelfTest] HARD ButterLib.Module.SetInitialModuleScreenAsRootScreen (transpiler) — target method patched, but no patch from Bannerlord.ButterLib.Implementation.MBSubModuleBaseExtended.Patches.ModulePatch (owners: [MCM.UI.Adapter.MCMv5]; declaring types: [MCM.UI.MCMUIAdapterSubModule])
[2026-05-08 16:41:55.914] [CrestPatchSelfTest] HARD ButterLib.Module.FinalizeSubModules (postfix) — no patch found on TaleWorlds.MountAndBlade.Module.FinalizeSubModules (other patched methods on this type: LoadSubModules, InitializeSubModuleBases, ProcessApplicationArguments, SetInitialModuleScreenAsRootScreen)
[2026-05-08 16:41:55.915] [CrestPatchSelfTest] HARD BEW.Managed.ApplicationTick (finalizer) — no patch found on TaleWorlds.DotNet.Managed.ApplicationTick (no methods on this type are patched at all)
[2026-05-08 16:41:55.919] [CrestPatchSelfTest] HARD BEW.Module.OnApplicationTick (finalizer) — no patch found on TaleWorlds.MountAndBlade.Module.OnApplicationTick (other patched methods on this type: LoadSubModules, InitializeSubModuleBases, ProcessApplicationArguments, SetInitialModuleScreenAsRootScreen)
[2026-05-08 16:41:55.923] [CrestPatchSelfTest] HARD BEW.ScreenManager.Tick (finalizer) — no patch found on TaleWorlds.ScreenSystem.ScreenManager.Tick (no methods on this type are patched at all)
[2026-05-08 16:41:55.924] [CrestPatchSelfTest] HARD BEW.ManagedScriptHolder.TickComponents (finalizer) — no patch found on TaleWorlds.Engine.ManagedScriptHolder.TickComponents (no methods on this type are patched at all)
[2026-05-08 16:41:55.925] [CrestPatchSelfTest] HARD BEW.Mission.Tick (finalizer) — no patch found on TaleWorlds.MountAndBlade.Mission.Tick (other patched methods on this type: UpdateSceneTimeSpeed, OnTeamDeployed, OnDeploymentFinished, CanTakeControlOfAgent)
[2026-05-08 16:41:55.929] [CrestPatchSelfTest] SOFT UIExtenderEx.GauntletMovie.Load (conditional prefix) — no patch found on TaleWorlds.GauntletUI.Data.GauntletMovie.Load (other patched methods on this type: LoadMovie)
[2026-05-08 16:41:55.938] [CrestPatchSelfTest] OK   UIExtenderEx.WidgetFactory.GetCustomType (prefix) — bound by Bannerlord.UIExtenderEx.ResourceManager.WidgetFactoryManager.GetCustomTypePrefix on GetCustomType
[2026-05-08 16:41:55.940] [CrestPatchSelfTest] OK   UIExtenderEx.WidgetFactory.CreateBuiltinWidget (prefix) — bound by Bannerlord.UIExtenderEx.ResourceManager.WidgetFactoryManager.CreateBuiltinWidgetPrefix on CreateBuiltinWidget
[2026-05-08 16:41:55.943] [CrestPatchSelfTest] OK   UIExtenderEx.WidgetFactory.GetWidgetTypes (postfix) — bound by Bannerlord.UIExtenderEx.ResourceManager.WidgetFactoryManager.GetWidgetTypesPostfix on GetWidgetTypes
[2026-05-08 16:41:55.950] [CrestPatchSelfTest] OK   UIExtenderEx.WidgetFactory.IsCustomType (prefix) — bound by Bannerlord.UIExtenderEx.ResourceManager.WidgetFactoryManager.IsCustomTypePrefix on IsCustomType
[2026-05-08 16:41:55.951] [CrestPatchSelfTest] OK   UIExtenderEx.WidgetTemplate.CreateWidgets (transpiler, soft) — bound by Bannerlord.UIExtenderEx.ResourceManager.WidgetFactoryManager.BlankTranspiler on CreateWidgets
[2026-05-08 16:41:55.958] [CrestPatchSelfTest] OK   UIExtenderEx.GauntletMovie.LoadMovie (transpiler, soft) — bound by Bannerlord.UIExtenderEx.ResourceManager.WidgetFactoryManager.BlankTranspiler on LoadMovie
[2026-05-08 16:41:55.958] [CrestPatchSelfTest] summary: 7 bound, 7 hard miss, 1 soft miss (of 15 total)
[2026-05-08 16:41:55.968] [CrestCampaignLogFilter] patched CampaignInformationManager.NewLogEntryAdded — 39 classified entry types across 6 buckets
[2026-05-08 16:41:55.970] [CrestCutThroughEveryone] master toggle OFF at startup -- not binding patches (toggle on + restart to enable)
[2026-05-08 16:41:56.003] [CrestCampaignTweaks] FasterShips bound: TaleWorlds.CampaignSystem.Party.MobileParty.CalculateSpeed (postfix)
[2026-05-08 16:41:56.026] [CrestCampaignTweaks] AchievementsWithMods bound: SandBox.CampaignBehaviors.DumpIntegrityCampaignBehavior.IsGameIntegrityAchieved (postfix)
[2026-05-08 16:41:56.052] [CrestCampaignTweaks] AchievementsDeactivateBlock bound: StoryMode.GameComponents.CampaignBehaviors.AchievementsCampaignBehavior.DeactivateAchievements (prefix)
[2026-05-08 16:41:56.079] [CrestCampaignTweaks] RTSCameraNavalShim bound: RTSCamera.Patch.Naval.Patch_AgentNavalComponent.Prefix_OnTick (prefix)
[2026-05-08 16:41:56.079] [CrestCampaignTweaks] EnableCampaignTweaks OFF -- legacy tweaks not bound (standalone features still active)
[2026-05-08 16:41:56.114] [CrestBattleSize] patched (always-on; preset count=7, agent cap=2040)
[2026-05-08 16:41:56.114] [CrestTierUnlocker] master toggle OFF -- not binding tier-cap patches
[2026-05-08 16:42:07.155] [CrestFasterTime] API resolved: Campaign.SpeedUpMultiplier=ok, SetTimeSpeed(int)=ok, Input.IsKeyPressed=ok
[2026-05-08 16:42:40.853] [CrestUnblock] processed 265 files in 10ms
[2026-05-08 16:42:40.865] [CrestQuickStart] patched VideoPlaybackState.OnVideoStarted
[2026-05-08 16:42:40.872] [CrestMessageStyle] patched TaleWorlds.Library.InformationManager.DisplayMessage(InformationMessage)
[2026-05-08 16:42:40.872] [CrestFasterTime] registered (master toggle gates per-tick work)
[2026-05-08 16:42:42.817] [CrestMessageStyle] first DisplayMessage probe -- Mission.Current=null, Campaign.Current=null (Game.Current=null, informational only)
[2026-05-08 16:42:43.951] [CrestFasterTime] API resolved: Campaign.SpeedUpMultiplier=ok, SetTimeSpeed(int)=ok, Input.IsKeyPressed=ok
[2026-05-08 16:42:47.628] [CrestPatchSelfTest] GetAllPatchedMethods returned 358 methods
[2026-05-08 16:42:47.643] [CrestPatchSelfTest] OK   UIExtenderEx.WidgetPrefab.LoadFrom (transpiler) — bound by Bannerlord.UIExtenderEx.Patches.WidgetPrefabPatch.WidgetPrefab_LoadFrom_Transpiler on LoadFrom
[2026-05-08 16:42:47.649] [CrestPatchSelfTest] HARD ButterLib.Module.SetInitialModuleScreenAsRootScreen (transpiler) — target method patched, but no patch from Bannerlord.ButterLib.Implementation.MBSubModuleBaseExtended.Patches.ModulePatch (owners: [MCM.UI.Adapter.MCMv5]; declaring types: [MCM.UI.MCMUIAdapterSubModule])
[2026-05-08 16:42:47.650] [CrestPatchSelfTest] HARD ButterLib.Module.FinalizeSubModules (postfix) — no patch found on TaleWorlds.MountAndBlade.Module.FinalizeSubModules (other patched methods on this type: LoadSubModules, InitializeSubModuleBases, ProcessApplicationArguments, SetInitialModuleScreenAsRootScreen)
[2026-05-08 16:42:47.652] [CrestPatchSelfTest] HARD BEW.Managed.ApplicationTick (finalizer) — no patch found on TaleWorlds.DotNet.Managed.ApplicationTick (no methods on this type are patched at all)
[2026-05-08 16:42:47.653] [CrestPatchSelfTest] HARD BEW.Module.OnApplicationTick (finalizer) — no patch found on TaleWorlds.MountAndBlade.Module.OnApplicationTick (other patched methods on this type: LoadSubModules, InitializeSubModuleBases, ProcessApplicationArguments, SetInitialModuleScreenAsRootScreen)
[2026-05-08 16:42:47.654] [CrestPatchSelfTest] HARD BEW.ScreenManager.Tick (finalizer) — no patch found on TaleWorlds.ScreenSystem.ScreenManager.Tick (no methods on this type are patched at all)
[2026-05-08 16:42:47.656] [CrestPatchSelfTest] HARD BEW.ManagedScriptHolder.TickComponents (finalizer) — no patch found on TaleWorlds.Engine.ManagedScriptHolder.TickComponents (no methods on this type are patched at all)
[2026-05-08 16:42:47.657] [CrestPatchSelfTest] HARD BEW.Mission.Tick (finalizer) — no patch found on TaleWorlds.MountAndBlade.Mission.Tick (other patched methods on this type: UpdateSceneTimeSpeed, OnTeamDeployed, OnDeploymentFinished, CanTakeControlOfAgent)
[2026-05-08 16:42:47.664] [CrestPatchSelfTest] SOFT UIExtenderEx.GauntletMovie.Load (conditional prefix) — no patch found on TaleWorlds.GauntletUI.Data.GauntletMovie.Load (other patched methods on this type: LoadMovie)
[2026-05-08 16:42:47.668] [CrestPatchSelfTest] OK   UIExtenderEx.WidgetFactory.GetCustomType (prefix) — bound by Bannerlord.UIExtenderEx.ResourceManager.WidgetFactoryManager.GetCustomTypePrefix on GetCustomType
[2026-05-08 16:42:47.669] [CrestPatchSelfTest] OK   UIExtenderEx.WidgetFactory.CreateBuiltinWidget (prefix) — bound by Bannerlord.UIExtenderEx.ResourceManager.WidgetFactoryManager.CreateBuiltinWidgetPrefix on CreateBuiltinWidget
[2026-05-08 16:42:47.679] [CrestPatchSelfTest] OK   UIExtenderEx.WidgetFactory.GetWidgetTypes (postfix) — bound by Bannerlord.UIExtenderEx.ResourceManager.WidgetFactoryManager.GetWidgetTypesPostfix on GetWidgetTypes
[2026-05-08 16:42:47.680] [CrestPatchSelfTest] OK   UIExtenderEx.WidgetFactory.IsCustomType (prefix) — bound by Bannerlord.UIExtenderEx.ResourceManager.WidgetFactoryManager.IsCustomTypePrefix on IsCustomType
[2026-05-08 16:42:47.683] [CrestPatchSelfTest] OK   UIExtenderEx.WidgetTemplate.CreateWidgets (transpiler, soft) — bound by Bannerlord.UIExtenderEx.ResourceManager.WidgetFactoryManager.BlankTranspiler on CreateWidgets
[2026-05-08 16:42:47.691] [CrestPatchSelfTest] OK   UIExtenderEx.GauntletMovie.LoadMovie (transpiler, soft) — bound by Bannerlord.UIExtenderEx.ResourceManager.WidgetFactoryManager.BlankTranspiler on LoadMovie
[2026-05-08 16:42:47.691] [CrestPatchSelfTest] summary: 7 bound, 7 hard miss, 1 soft miss (of 15 total)
[2026-05-08 16:42:47.698] [CrestCampaignLogFilter] patched CampaignInformationManager.NewLogEntryAdded — 39 classified entry types across 6 buckets
[2026-05-08 16:42:47.709] [CrestCutThroughEveryone] patched cut-through hooks (gated on EnableCutThroughEveryone master toggle)
[2026-05-08 16:42:47.743] [CrestCampaignTweaks] FasterShips bound: TaleWorlds.CampaignSystem.Party.MobileParty.CalculateSpeed (postfix)
[2026-05-08 16:42:47.766] [CrestCampaignTweaks] AchievementsWithMods bound: SandBox.CampaignBehaviors.DumpIntegrityCampaignBehavior.IsGameIntegrityAchieved (postfix)
[2026-05-08 16:42:47.792] [CrestCampaignTweaks] AchievementsDeactivateBlock bound: StoryMode.GameComponents.CampaignBehaviors.AchievementsCampaignBehavior.DeactivateAchievements (prefix)
[2026-05-08 16:42:47.819] [CrestCampaignTweaks] RTSCameraNavalShim bound: RTSCamera.Patch.Naval.Patch_AgentNavalComponent.Prefix_OnTick (prefix)
[2026-05-08 16:42:47.840] [CrestCampaignTweaks] PreventClanDeath bound: TaleWorlds.CampaignSystem.CampaignBehaviors.AgingCampaignBehavior.IsItTimeOfDeath (prefix)
[2026-05-08 16:42:47.850] [CrestCampaignTweaks] PlayerNoFlinch bound: TaleWorlds.MountAndBlade.Mission.RegisterBlow (prefix)
[2026-05-08 16:42:47.866] [CrestCampaignTweaks] NoExecutionPenalty bound: TaleWorlds.CampaignSystem.CampaignBehaviors.CharacterRelationCampaignBehavior.OnHeroKilled (prefix)
[2026-05-08 16:42:47.881] [CrestCampaignTweaks] ClanTournamentExclusion bound: TaleWorlds.CampaignSystem.TournamentGames.FightTournamentGame.CanBeAParticipant (prefix)
[2026-05-08 16:42:47.897] [CrestCampaignTweaks] ClanPartySpeedBonus bound: TaleWorlds.CampaignSystem.Party.MobileParty.CalculateSpeed (postfix)
[2026-05-08 16:42:47.913] [CrestCampaignTweaks] StopPrisonerEscape (daily) bound: TaleWorlds.CampaignSystem.CampaignBehaviors.PrisonerReleaseCampaignBehavior.DailyHeroTick (prefix)
[2026-05-08 16:42:47.929] [CrestCampaignTweaks] StopPrisonerEscape (hourly) bound: TaleWorlds.CampaignSystem.CampaignBehaviors.PrisonerReleaseCampaignBehavior.HourlyPartyTick (prefix)
[2026-05-08 16:42:47.947] [CrestCampaignTweaks] LootCapturedHeroes bound: TaleWorlds.CampaignSystem.MapEvents.MapEvent.LootDefeatedPartyPrisoners (postfix)
[2026-05-08 16:42:47.963] [CrestCampaignTweaks] NoArrowsStuck bound: TaleWorlds.MountAndBlade.Mission.HandleMissileCollisionReaction (postfix)
[2026-05-08 16:42:47.977] [CrestCampaignTweaks] MarriageStaysInClan bound: TaleWorlds.CampaignSystem.GameComponents.DefaultMarriageModel.GetClanAfterMarriage (postfix)
[2026-05-08 16:42:47.992] [CrestCampaignTweaks] PregnancyChanceUncapped bound: TaleWorlds.CampaignSystem.GameComponents.DefaultPregnancyModel.GetDailyChanceOfPregnancyForHero (postfix)
[2026-05-08 16:42:48.006] [CrestCampaignTweaks] UnlockAllSmithingRecipes bound: TaleWorlds.CampaignSystem.CampaignBehaviors.CraftingCampaignBehavior.IsOpened (postfix)
[2026-05-08 16:42:48.022] [CrestCampaignTweaks] LifelongLearning bound: TaleWorlds.CampaignSystem.GameComponents.DefaultCharacterDevelopmentModel.CalculateLearningRate (postfix)
[2026-05-08 16:42:48.035] [CrestCampaignTweaks] TavernCompanions.DailyTick bound: TaleWorlds.CampaignSystem.CampaignBehaviors.CompanionsCampaignBehavior.DailyTick (postfix)
[2026-05-08 16:42:48.048] [CrestCampaignTweaks] TavernCompanions.DesiredCount bound: TaleWorlds.CampaignSystem.CampaignBehaviors.CompanionsCampaignBehavior.get__desiredTotalCompanionCount (postfix)
[2026-05-08 16:42:48.048] [CrestCampaignTweaks] patched campaign tweaks (legacy EnableCampaignTweaks group)
[2026-05-08 16:42:48.079] [CrestBattleSize] patched (always-on; preset count=7, agent cap=2040)
[2026-05-08 16:42:48.103] [CrestTierUnlocker] patched tier caps (gated on EnableTierUnlocker)
[2026-05-08 16:42:51.998] [CrestBattleConvergenceDialogueBehavior] registered rescue-thanks dialogue lines
[2026-05-08 16:42:51.998] [SubModule] Y.12d-feature#128: registered Battle Convergence rescue dialogue behavior
[2026-05-08 16:43:00.918] [CrestCampaignTweaks] AchievementsWithMods: blocked DeactivateAchievements call
[2026-05-08 16:43:15.228] [CrestCompanionHotswap] added swap + select behaviors to mission
[2026-05-08 16:43:15.230] [CrestBattleConvergence] added convergence behavior to mission
[2026-05-08 16:43:15.305] [CrestBattleConvergenceLogic] flat radius (slider mode): 100
[2026-05-08 16:43:15.360] [CrestBattleConvergenceLogic] Y.12d AfterStart: reinforce=True debug=False radius=100 maxPerSide=6 timerset=1000 playerSide=Attacker isPlayerDefender=False missionAgentSpawnLogic=null
[2026-05-08 16:43:28.267] [CrestBattleConvergenceLogic] Y.30: ensured 2 ally pools (6 formations, indices 10..15)
[2026-05-08 16:43:28.275] [CrestBattleConvergenceLogic] Cinema-fix-C symmetric radius: bothSidesRadius=300 (mult x3.0) â€” distance-filtered 12
[2026-05-08 16:43:28.275] [CrestBattleConvergenceLogic] Y.12d-fix23 stagger: initial=45s cadence=5s -> first lord at +45s, last (idx 24) at +165s
[2026-05-08 16:43:28.275] [CrestBattleConvergenceLogic] Y.12d Stage1: defenderSpawnPositions=3 attackerSpawnPositions=3 partiesSeen=1489 eligibleCandidates=25 neutralRej=53
[2026-05-08 16:43:28.301] [CrestBattleConvergenceLogic] OnMissionTick first call after Stage1: candidates=25
[2026-05-08 16:43:34.148] [CrestBattleConvergenceLogic] tick-status: now=16.3 pending=25 elapsed=0 closestRemaining=40.0s collectDef=0 collectAtt=0 reservedDef=0 reservedAtt=0
[2026-05-08 16:43:40.832] [CrestBattleConvergenceLogic] tick-status: now=21.3 pending=25 elapsed=0 closestRemaining=35.0s collectDef=0 collectAtt=0 reservedDef=0 reservedAtt=0
[2026-05-08 16:43:46.727] [CrestBattleConvergenceLogic] tick-status: now=26.3 pending=25 elapsed=0 closestRemaining=30.0s collectDef=0 collectAtt=0 reservedDef=0 reservedAtt=0
[2026-05-08 16:43:51.746] [CrestBattleConvergenceLogic] tick-status: now=31.3 pending=25 elapsed=0 closestRemaining=25.0s collectDef=0 collectAtt=0 reservedDef=0 reservedAtt=0
[2026-05-08 16:43:56.757] [CrestBattleConvergenceLogic] tick-status: now=36.3 pending=25 elapsed=0 closestRemaining=20.0s collectDef=0 collectAtt=0 reservedDef=0 reservedAtt=0
[2026-05-08 16:44:01.760] [CrestBattleConvergenceLogic] tick-status: now=41.3 pending=25 elapsed=0 closestRemaining=15.0s collectDef=0 collectAtt=0 reservedDef=0 reservedAtt=0
[2026-05-08 16:44:06.776] [CrestBattleConvergenceLogic] tick-status: now=46.3 pending=25 elapsed=0 closestRemaining=9.9s collectDef=0 collectAtt=0 reservedDef=0 reservedAtt=0
[2026-05-08 16:44:11.795] [CrestBattleConvergenceLogic] tick-status: now=51.3 pending=25 elapsed=0 closestRemaining=4.9s collectDef=0 collectAtt=0 reservedDef=0 reservedAtt=0
[2026-05-08 16:44:16.757] [CrestBattleConvergenceLogic] queued Servic's Party (Vlandia) team=1 side=Defender dist=7.3 active=1/5
[2026-05-08 16:44:16.807] [CrestBattleConvergenceLogic] tick-status: now=56.4 pending=24 elapsed=0 closestRemaining=4.9s collectDef=1 collectAtt=0 reservedDef=0 reservedAtt=0
[2026-05-08 16:44:16.865] [CrestBattleConvergenceLogic] registered Servic's Party on Defender: 127 agents queued (queue size now 127)
[2026-05-08 16:44:21.729] [CrestBattleConvergenceLogic] queued Adaltrud's Party (Vlandia) team=1 side=Defender dist=43.2 active=2/5
[2026-05-08 16:44:21.818] [CrestBattleConvergenceLogic] tick-status: now=61.4 pending=23 elapsed=0 closestRemaining=4.9s collectDef=1 collectAtt=0 reservedDef=67 reservedAtt=0
[2026-05-08 16:44:22.887] [CrestBattleConvergenceLogic] registered Adaltrud's Party on Defender: 72 agents queued (queue size now 139)
[2026-05-08 16:44:26.724] [CrestBattleConvergenceLogic] queued Ecarand's Party (Vlandia) team=1 side=Defender dist=57.4 active=3/5
[2026-05-08 16:44:26.831] [CrestBattleConvergenceLogic] tick-status: now=66.4 pending=22 elapsed=0 closestRemaining=4.9s collectDef=1 collectAtt=0 reservedDef=79 reservedAtt=0
[2026-05-08 16:44:28.905] [CrestBattleConvergenceLogic] registered Ecarand's Party on Defender: 74 agents queued (queue size now 153)
[2026-05-08 16:44:31.735] [CrestBattleConvergenceLogic] queued Furnhard's Party (Vlandia) team=1 side=Defender dist=70.9 active=4/5
[2026-05-08 16:44:31.840] [CrestBattleConvergenceLogic] tick-status: now=71.4 pending=21 elapsed=0 closestRemaining=4.9s collectDef=1 collectAtt=0 reservedDef=123 reservedAtt=0
[2026-05-08 16:44:31.917] [CrestBattleConvergenceLogic] registered Furnhard's Party on Defender: 53 agents queued (queue size now 176)
[2026-05-08 16:44:36.738] [CrestBattleConvergenceLogic] queued Belgir's Party (Vlandia) team=1 side=Defender dist=111.5 active=5/5
[2026-05-08 16:44:36.846] [CrestBattleConvergenceLogic] tick-status: now=76.4 pending=20 elapsed=0 closestRemaining=4.9s collectDef=1 collectAtt=0 reservedDef=116 reservedAtt=0
[2026-05-08 16:44:37.938] [CrestBattleConvergenceLogic] registered Belgir's Party on Defender: 135 agents queued (queue size now 251)
[2026-05-08 16:44:41.743] [CrestBattleConvergenceLogic]   cap reached on Defender (5/5); Hecard's Party added to waiting list (size 1)
[2026-05-08 16:44:41.847] [CrestBattleConvergenceLogic] tick-status: now=81.4 pending=19 elapsed=0 closestRemaining=4.9s collectDef=0 collectAtt=0 reservedDef=191 reservedAtt=0
[2026-05-08 16:44:47.091] [CrestBattleConvergenceLogic]   cap reached on Defender (5/5); Richelda's Party added to waiting list (size 2)
[2026-05-08 16:44:47.207] [CrestBattleConvergenceLogic] tick-status: now=86.4 pending=18 elapsed=0 closestRemaining=4.9s collectDef=0 collectAtt=0 reservedDef=161 reservedAtt=0
[2026-05-08 16:44:52.092] [CrestBattleConvergenceLogic]   cap reached on Defender (5/5); Vartin's Party added to waiting list (size 3)
[2026-05-08 16:44:52.219] [CrestBattleConvergenceLogic] tick-status: now=91.4 pending=17 elapsed=0 closestRemaining=4.9s collectDef=0 collectAtt=0 reservedDef=101 reservedAtt=0
[2026-05-08 16:44:57.088] [CrestBattleConvergenceLogic]   cap reached on Defender (5/5); Romund's Party added to waiting list (size 4)
[2026-05-08 16:44:57.227] [CrestBattleConvergenceLogic] tick-status: now=96.4 pending=16 elapsed=0 closestRemaining=4.9s collectDef=0 collectAtt=0 reservedDef=41 reservedAtt=0
[2026-05-08 16:45:02.096] [CrestBattleConvergenceLogic]   cap reached on Defender (5/5); Derthert's Party added to waiting list (size 5)
[2026-05-08 16:45:02.230] [CrestBattleConvergenceLogic] tick-status: now=101.4 pending=15 elapsed=0 closestRemaining=4.9s collectDef=0 collectAtt=0 reservedDef=11 reservedAtt=0
[2026-05-08 16:45:07.099] [CrestBattleConvergenceLogic]   cap reached on Defender (5/5); Morcon's Party added to waiting list (size 6)
[2026-05-08 16:45:07.245] [CrestBattleConvergenceLogic] tick-status: now=106.4 pending=14 elapsed=0 closestRemaining=4.8s collectDef=0 collectAtt=0 reservedDef=0 reservedAtt=0
[2026-05-08 16:45:16.226] [CrestBattleConvergenceLogic] queued Asgotha's Party (Nord) team=0 side=Attacker dist=146.7 active=1/5
[2026-05-08 16:45:16.373] [CrestBattleConvergenceLogic] tick-status: now=111.4 pending=13 elapsed=0 closestRemaining=4.8s collectDef=0 collectAtt=1 reservedDef=0 reservedAtt=0
[2026-05-08 16:45:18.517] [CrestBattleConvergenceLogic] registered Asgotha's Party on Attacker: 171 agents queued (queue size now 171)
[2026-05-08 16:45:18.525] [CrestBattleConvergenceLogic] Y.30B: pool tier=2 delta=-444 variant=ShieldWall
[2026-05-08 16:45:18.525] [CrestBattleConvergenceLogic] Y.30: pool[0] lead=Asgotha's Party tactics=176 (first); LordCount=1
[2026-05-08 16:45:21.217] [CrestBattleConvergenceLogic]   cap reached on Defender (5/5); Unthery's Party added to waiting list (size 7)
[2026-05-08 16:45:21.381] [CrestBattleConvergenceLogic] tick-status: now=116.4 pending=12 elapsed=0 closestRemaining=4.8s collectDef=0 collectAtt=0 reservedDef=0 reservedAtt=141
[2026-05-08 16:45:26.222] [CrestBattleConvergenceLogic]   cap reached on Defender (5/5); Arthamund's Party added to waiting list (size 8)
[2026-05-08 16:45:26.399] [CrestBattleConvergenceLogic] tick-status: now=121.5 pending=11 elapsed=0 closestRemaining=4.8s collectDef=0 collectAtt=0 reservedDef=0 reservedAtt=81
[2026-05-08 16:45:31.229] [CrestBattleConvergenceLogic]   cap reached on Defender (5/5); Calatild's Party added to waiting list (size 9)
[2026-05-08 16:45:31.413] [CrestBattleConvergenceLogic] tick-status: now=126.5 pending=10 elapsed=0 closestRemaining=4.8s collectDef=0 collectAtt=0 reservedDef=0 reservedAtt=21
[2026-05-08 16:45:36.273] [CrestBattleConvergenceLogic]   cap reached on Defender (5/5); Ospir's Party added to waiting list (size 10)
[2026-05-08 16:45:36.456] [CrestBattleConvergenceLogic] tick-status: now=131.5 pending=9 elapsed=0 closestRemaining=4.8s collectDef=0 collectAtt=0 reservedDef=0 reservedAtt=0
[2026-05-08 16:45:41.272] [CrestBattleConvergenceLogic]   cap reached on Defender (5/5); Berican's Party added to waiting list (size 11)
[2026-05-08 16:45:41.464] [CrestBattleConvergenceLogic] tick-status: now=136.5 pending=8 elapsed=0 closestRemaining=4.8s collectDef=0 collectAtt=0 reservedDef=0 reservedAtt=0
[2026-05-08 16:45:46.272] [CrestBattleConvergenceLogic]   cap reached on Defender (5/5); Ingalther's Party added to waiting list (size 12)
[2026-05-08 16:45:46.471] [CrestBattleConvergenceLogic] tick-status: now=141.5 pending=7 elapsed=0 closestRemaining=4.8s collectDef=0 collectAtt=0 reservedDef=0 reservedAtt=0
[2026-05-08 16:45:51.283] [CrestBattleConvergenceLogic]   cap reached on Defender (5/5); Amalgun's Party added to waiting list (size 13)
[2026-05-08 16:45:51.483] [CrestBattleConvergenceLogic] tick-status: now=146.5 pending=6 elapsed=0 closestRemaining=4.8s collectDef=0 collectAtt=0 reservedDef=0 reservedAtt=0
[2026-05-08 16:45:56.274] [CrestBattleConvergenceLogic] queued Apolanea's Party (Sturgia) team=0 side=Attacker dist=222.7 active=2/5
[2026-05-08 16:45:56.490] [CrestBattleConvergenceLogic] tick-status: now=151.5 pending=5 elapsed=0 closestRemaining=4.8s collectDef=0 collectAtt=1 reservedDef=0 reservedAtt=0
[2026-05-08 16:45:57.653] [CrestBattleConvergenceLogic] registered Apolanea's Party on Attacker: 107 agents queued (queue size now 107)
[2026-05-08 16:45:57.653] [CrestBattleConvergenceLogic] Y.30: pool[0] joined by Apolanea's Party (tactics=176); pool lead unchanged (176)
[2026-05-08 16:46:01.282] [CrestBattleConvergenceLogic] queued Raganvad's Party (Sturgia) team=0 side=Attacker dist=222.7 active=3/5
[2026-05-08 16:46:01.514] [CrestBattleConvergenceLogic] tick-status: now=156.5 pending=4 elapsed=0 closestRemaining=4.8s collectDef=0 collectAtt=1 reservedDef=0 reservedAtt=47
[2026-05-08 16:46:03.614] [CrestBattleConvergenceLogic] Y.30B: pool tier=2 delta=-195 variant=ShieldWall
[2026-05-08 16:46:03.687] [CrestBattleConvergenceLogic] registered Raganvad's Party on Attacker: 251 agents queued (queue size now 298)
[2026-05-08 16:46:06.530] [CrestBattleConvergenceLogic] tick-status: now=161.5 pending=3 elapsed=0 closestRemaining=4.8s collectDef=0 collectAtt=0 reservedDef=0 reservedAtt=268
[2026-05-08 16:46:06.762] [CrestBattleConvergenceLogic] Y.30B: pool tier=3 delta=-144 variant=ShieldWall
[2026-05-08 16:46:06.762] [CrestBattleConvergenceLogic] Y.30: pool[0] lead=Raganvad's Party tactics=227 (escalated); LordCount=3
[2026-05-08 16:46:11.567] [CrestBattleConvergenceLogic] tick-status: now=166.5 pending=2 elapsed=0 closestRemaining=4.7s collectDef=0 collectAtt=0 reservedDef=0 reservedAtt=208
[2026-05-08 16:46:16.334] [CrestBattleConvergenceLogic] queued Vyldur's Party (Sturgia) team=0 side=Attacker dist=223.5 active=4/5
[2026-05-08 16:46:16.574] [CrestBattleConvergenceLogic] tick-status: now=171.5 pending=1 elapsed=0 closestRemaining=4.7s collectDef=0 collectAtt=1 reservedDef=0 reservedAtt=148
[2026-05-08 16:46:18.767] [CrestBattleConvergenceLogic] registered Vyldur's Party on Attacker: 112 agents queued (queue size now 260)
[2026-05-08 16:46:21.329] [CrestBattleConvergenceLogic] queued Gautgar's Party (Nord) team=0 side=Attacker dist=292.2 active=5/5
[2026-05-08 16:46:21.579] [CrestBattleConvergenceLogic] tick-status: now=176.5 pending=0 elapsed=0 closestRemaining=n/a collectDef=0 collectAtt=1 reservedDef=0 reservedAtt=230
[2026-05-08 16:46:21.745] [CrestBattleConvergenceLogic] Y.30B: pool tier=3 delta=15 variant=Standard
[2026-05-08 16:46:21.772] [CrestBattleConvergenceLogic] registered Gautgar's Party on Attacker: 157 agents queued (queue size now 387)
[2026-05-08 16:46:26.584] [CrestBattleConvergenceLogic] tick-status: now=181.5 pending=0 elapsed=0 closestRemaining=n/a collectDef=0 collectAtt=0 reservedDef=0 reservedAtt=327
[2026-05-08 16:46:28.765] [CrestBattleConvergenceLogic] Y.29: detached 0 joiner parties from mapEvent (23 failed)
[2026-05-08 16:46:28.765] [CrestBattleConvergenceLogic] Y.12d: OnEndMission cleanup done
[2026-05-08 16:59:43.341] [CrestUnblock] processed 265 files in 14ms
[2026-05-08 16:59:43.353] [CrestQuickStart] patched VideoPlaybackState.OnVideoStarted
[2026-05-08 16:59:43.362] [CrestMessageStyle] patched TaleWorlds.Library.InformationManager.DisplayMessage(InformationMessage)
[2026-05-08 16:59:43.362] [CrestFasterTime] registered (master toggle gates per-tick work)
[2026-05-08 16:59:45.300] [CrestMessageStyle] first DisplayMessage probe -- Mission.Current=null, Campaign.Current=null (Game.Current=null, informational only)
[2026-05-08 16:59:50.057] [CrestPatchSelfTest] GetAllPatchedMethods returned 358 methods
[2026-05-08 16:59:50.076] [CrestPatchSelfTest] OK   UIExtenderEx.WidgetPrefab.LoadFrom (transpiler) — bound by Bannerlord.UIExtenderEx.Patches.WidgetPrefabPatch.WidgetPrefab_LoadFrom_Transpiler on LoadFrom
[2026-05-08 16:59:50.080] [CrestPatchSelfTest] HARD ButterLib.Module.SetInitialModuleScreenAsRootScreen (transpiler) — target method patched, but no patch from Bannerlord.ButterLib.Implementation.MBSubModuleBaseExtended.Patches.ModulePatch (owners: [MCM.UI.Adapter.MCMv5]; declaring types: [MCM.UI.MCMUIAdapterSubModule])
[2026-05-08 16:59:50.082] [CrestPatchSelfTest] HARD ButterLib.Module.FinalizeSubModules (postfix) — no patch found on TaleWorlds.MountAndBlade.Module.FinalizeSubModules (other patched methods on this type: LoadSubModules, InitializeSubModuleBases, ProcessApplicationArguments, SetInitialModuleScreenAsRootScreen)
[2026-05-08 16:59:50.082] [CrestPatchSelfTest] HARD BEW.Managed.ApplicationTick (finalizer) — no patch found on TaleWorlds.DotNet.Managed.ApplicationTick (no methods on this type are patched at all)
[2026-05-08 16:59:50.088] [CrestPatchSelfTest] HARD BEW.Module.OnApplicationTick (finalizer) — no patch found on TaleWorlds.MountAndBlade.Module.OnApplicationTick (other patched methods on this type: LoadSubModules, InitializeSubModuleBases, ProcessApplicationArguments, SetInitialModuleScreenAsRootScreen)
[2026-05-08 16:59:50.091] [CrestPatchSelfTest] HARD BEW.ScreenManager.Tick (finalizer) — no patch found on TaleWorlds.ScreenSystem.ScreenManager.Tick (no methods on this type are patched at all)
[2026-05-08 16:59:50.092] [CrestPatchSelfTest] HARD BEW.ManagedScriptHolder.TickComponents (finalizer) — no patch found on TaleWorlds.Engine.ManagedScriptHolder.TickComponents (no methods on this type are patched at all)
[2026-05-08 16:59:50.092] [CrestPatchSelfTest] HARD BEW.Mission.Tick (finalizer) — no patch found on TaleWorlds.MountAndBlade.Mission.Tick (other patched methods on this type: UpdateSceneTimeSpeed, OnTeamDeployed, OnDeploymentFinished, CanTakeControlOfAgent)
[2026-05-08 16:59:50.097] [CrestPatchSelfTest] SOFT UIExtenderEx.GauntletMovie.Load (conditional prefix) — no patch found on TaleWorlds.GauntletUI.Data.GauntletMovie.Load (other patched methods on this type: LoadMovie)
[2026-05-08 16:59:50.105] [CrestPatchSelfTest] OK   UIExtenderEx.WidgetFactory.GetCustomType (prefix) — bound by Bannerlord.UIExtenderEx.ResourceManager.WidgetFactoryManager.GetCustomTypePrefix on GetCustomType
[2026-05-08 16:59:50.107] [CrestPatchSelfTest] OK   UIExtenderEx.WidgetFactory.CreateBuiltinWidget (prefix) — bound by Bannerlord.UIExtenderEx.ResourceManager.WidgetFactoryManager.CreateBuiltinWidgetPrefix on CreateBuiltinWidget
[2026-05-08 16:59:50.111] [CrestPatchSelfTest] OK   UIExtenderEx.WidgetFactory.GetWidgetTypes (postfix) — bound by Bannerlord.UIExtenderEx.ResourceManager.WidgetFactoryManager.GetWidgetTypesPostfix on GetWidgetTypes
[2026-05-08 16:59:50.118] [CrestPatchSelfTest] OK   UIExtenderEx.WidgetFactory.IsCustomType (prefix) — bound by Bannerlord.UIExtenderEx.ResourceManager.WidgetFactoryManager.IsCustomTypePrefix on IsCustomType
[2026-05-08 16:59:50.120] [CrestPatchSelfTest] OK   UIExtenderEx.WidgetTemplate.CreateWidgets (transpiler, soft) — bound by Bannerlord.UIExtenderEx.ResourceManager.WidgetFactoryManager.BlankTranspiler on CreateWidgets
[2026-05-08 16:59:50.126] [CrestPatchSelfTest] OK   UIExtenderEx.GauntletMovie.LoadMovie (transpiler, soft) — bound by Bannerlord.UIExtenderEx.ResourceManager.WidgetFactoryManager.BlankTranspiler on LoadMovie
[2026-05-08 16:59:50.126] [CrestPatchSelfTest] summary: 7 bound, 7 hard miss, 1 soft miss (of 15 total)
[2026-05-08 16:59:50.136] [CrestCampaignLogFilter] patched CampaignInformationManager.NewLogEntryAdded — 39 classified entry types across 6 buckets
[2026-05-08 16:59:50.138] [CrestCutThroughEveryone] master toggle OFF at startup -- not binding patches (toggle on + restart to enable)
[2026-05-08 16:59:50.142] [CrestPlayerInvincibleDamageClamp] patched Mission.RegisterBlow (damage clamp for player hero)
[2026-05-08 16:59:50.175] [CrestCampaignTweaks] FasterShips bound: TaleWorlds.CampaignSystem.Party.MobileParty.CalculateSpeed (postfix)
[2026-05-08 16:59:50.199] [CrestCampaignTweaks] AchievementsWithMods bound: SandBox.CampaignBehaviors.DumpIntegrityCampaignBehavior.IsGameIntegrityAchieved (postfix)
[2026-05-08 16:59:50.225] [CrestCampaignTweaks] AchievementsDeactivateBlock bound: StoryMode.GameComponents.CampaignBehaviors.AchievementsCampaignBehavior.DeactivateAchievements (prefix)
[2026-05-08 16:59:50.253] [CrestCampaignTweaks] RTSCameraNavalShim bound: RTSCamera.Patch.Naval.Patch_AgentNavalComponent.Prefix_OnTick (prefix)
[2026-05-08 16:59:50.253] [CrestCampaignTweaks] EnableCampaignTweaks OFF -- legacy tweaks not bound (standalone features still active)
[2026-05-08 16:59:50.285] [CrestBattleSize] patched (always-on; preset count=7, agent cap=2040)
[2026-05-08 16:59:50.285] [CrestTierUnlocker] master toggle OFF -- not binding tier-cap patches
[2026-05-08 16:59:58.802] [CrestFasterTime] API resolved: Campaign.SpeedUpMultiplier=ok, SetTimeSpeed(int)=ok, Input.IsKeyPressed=ok
[2026-05-08 17:00:04.589] [CrestBattleConvergenceDialogueBehavior] registered rescue-thanks dialogue lines
[2026-05-08 17:00:04.589] [SubModule] Y.12d-feature#128: registered Battle Convergence rescue dialogue behavior
[2026-05-08 17:00:13.340] [CrestCampaignTweaks] AchievementsWithMods: blocked DeactivateAchievements call
[2026-05-08 17:00:16.433] [CrestCompanionHotswap] added swap + select behaviors to mission
[2026-05-08 17:00:16.435] [CrestBattleConvergence] added convergence behavior to mission
[2026-05-08 17:00:16.517] [CrestBattleConvergenceLogic] flat radius (slider mode): 100
[2026-05-08 17:00:16.579] [CrestBattleConvergenceLogic] Y.12d AfterStart: reinforce=True debug=False radius=100 maxPerSide=6 timerset=1000 playerSide=Attacker isPlayerDefender=False missionAgentSpawnLogic=null
[2026-05-08 17:00:19.985] [CrestBattleConvergenceLogic] Y.30: ensured 2 ally pools (6 formations, indices 10..15)
[2026-05-08 17:00:19.991] [CrestBattleConvergenceLogic] Cinema-fix-C symmetric radius: bothSidesRadius=300 (mult x3.0) â€” distance-filtered 12
[2026-05-08 17:00:19.992] [CrestBattleConvergenceLogic] Y.12d-fix23 stagger: initial=45s cadence=5s -> first lord at +45s, last (idx 24) at +165s
[2026-05-08 17:00:19.992] [CrestBattleConvergenceLogic] Y.12d Stage1: defenderSpawnPositions=3 attackerSpawnPositions=3 partiesSeen=1489 eligibleCandidates=25 neutralRej=53
[2026-05-08 17:00:20.016] [CrestBattleConvergenceLogic] OnMissionTick first call after Stage1: candidates=25
[2026-05-08 17:00:26.475] [CrestBattleConvergenceLogic] tick-status: now=6.9 pending=25 elapsed=0 closestRemaining=40.0s collectDef=0 collectAtt=0 reservedDef=0 reservedAtt=0
[2026-05-08 17:00:34.850] [CrestBattleConvergenceLogic] tick-status: now=11.9 pending=25 elapsed=0 closestRemaining=35.0s collectDef=0 collectAtt=0 reservedDef=0 reservedAtt=0
[2026-05-08 17:00:42.386] [CrestBattleConvergenceLogic] tick-status: now=16.9 pending=25 elapsed=0 closestRemaining=30.0s collectDef=0 collectAtt=0 reservedDef=0 reservedAtt=0
[2026-05-08 17:00:47.399] [CrestBattleConvergenceLogic] tick-status: now=21.9 pending=25 elapsed=0 closestRemaining=25.0s collectDef=0 collectAtt=0 reservedDef=0 reservedAtt=0
[2026-05-08 17:00:52.401] [CrestBattleConvergenceLogic] tick-status: now=26.9 pending=25 elapsed=0 closestRemaining=20.0s collectDef=0 collectAtt=0 reservedDef=0 reservedAtt=0
[2026-05-08 17:00:57.405] [CrestBattleConvergenceLogic] tick-status: now=31.9 pending=25 elapsed=0 closestRemaining=15.0s collectDef=0 collectAtt=0 reservedDef=0 reservedAtt=0
[2026-05-08 17:01:02.416] [CrestBattleConvergenceLogic] tick-status: now=36.9 pending=25 elapsed=0 closestRemaining=9.9s collectDef=0 collectAtt=0 reservedDef=0 reservedAtt=0
[2026-05-08 17:01:07.422] [CrestBattleConvergenceLogic] tick-status: now=41.9 pending=25 elapsed=0 closestRemaining=4.9s collectDef=0 collectAtt=0 reservedDef=0 reservedAtt=0
[2026-05-08 17:01:12.933] [CrestBattleConvergenceLogic] queued Servic's Party (Vlandia) team=1 side=Defender dist=7.3 active=1/5
[2026-05-08 17:01:12.966] [CrestBattleConvergenceLogic] tick-status: now=46.9 pending=24 elapsed=0 closestRemaining=4.9s collectDef=1 collectAtt=0 reservedDef=0 reservedAtt=0
[2026-05-08 17:01:13.042] [CrestBattleConvergenceLogic] registered Servic's Party on Defender: 127 agents queued (queue size now 127)
[2026-05-08 17:01:17.922] [CrestBattleConvergenceLogic] queued Adaltrud's Party (Vlandia) team=1 side=Defender dist=43.2 active=2/5
[2026-05-08 17:01:17.968] [CrestBattleConvergenceLogic] tick-status: now=51.9 pending=23 elapsed=0 closestRemaining=4.9s collectDef=1 collectAtt=0 reservedDef=67 reservedAtt=0
[2026-05-08 17:01:19.048] [CrestBattleConvergenceLogic] registered Adaltrud's Party on Defender: 72 agents queued (queue size now 139)
[2026-05-08 17:01:22.921] [CrestBattleConvergenceLogic] queued Ecarand's Party (Vlandia) team=1 side=Defender dist=57.4 active=3/5
[2026-05-08 17:01:22.984] [CrestBattleConvergenceLogic] tick-status: now=56.9 pending=22 elapsed=0 closestRemaining=4.9s collectDef=1 collectAtt=0 reservedDef=79 reservedAtt=0
[2026-05-08 17:01:25.061] [CrestBattleConvergenceLogic] registered Ecarand's Party on Defender: 74 agents queued (queue size now 153)
[2026-05-08 17:01:28.303] [CrestBattleConvergenceLogic] queued Furnhard's Party (Vlandia) team=1 side=Defender dist=70.9 active=4/5
[2026-05-08 17:01:28.365] [CrestBattleConvergenceLogic] tick-status: now=61.9 pending=21 elapsed=0 closestRemaining=4.9s collectDef=1 collectAtt=0 reservedDef=123 reservedAtt=0
[2026-05-08 17:01:28.454] [CrestBattleConvergenceLogic] registered Furnhard's Party on Defender: 53 agents queued (queue size now 176)
[2026-05-08 17:01:33.301] [CrestBattleConvergenceLogic] queued Belgir's Party (Vlandia) team=1 side=Defender dist=111.5 active=5/5
[2026-05-08 17:01:33.368] [CrestBattleConvergenceLogic] tick-status: now=66.9 pending=20 elapsed=0 closestRemaining=4.9s collectDef=1 collectAtt=0 reservedDef=116 reservedAtt=0
[2026-05-08 17:01:34.470] [CrestBattleConvergenceLogic] registered Belgir's Party on Defender: 135 agents queued (queue size now 251)
[2026-05-08 17:01:38.309] [CrestBattleConvergenceLogic]   cap reached on Defender (5/5); Hecard's Party added to waiting list (size 1)
[2026-05-08 17:01:38.374] [CrestBattleConvergenceLogic] tick-status: now=72.0 pending=19 elapsed=0 closestRemaining=4.9s collectDef=0 collectAtt=0 reservedDef=191 reservedAtt=0
[2026-05-08 17:01:43.310] [CrestBattleConvergenceLogic]   cap reached on Defender (5/5); Richelda's Party added to waiting list (size 2)
[2026-05-08 17:01:43.381] [CrestBattleConvergenceLogic] tick-status: now=77.0 pending=18 elapsed=0 closestRemaining=4.9s collectDef=0 collectAtt=0 reservedDef=161 reservedAtt=0
[2026-05-08 17:01:48.310] [CrestBattleConvergenceLogic]   cap reached on Defender (5/5); Vartin's Party added to waiting list (size 3)
[2026-05-08 17:01:48.392] [CrestBattleConvergenceLogic] tick-status: now=82.0 pending=17 elapsed=0 closestRemaining=4.9s collectDef=0 collectAtt=0 reservedDef=101 reservedAtt=0
[2026-05-08 17:01:53.312] [CrestBattleConvergenceLogic]   cap reached on Defender (5/5); Romund's Party added to waiting list (size 4)
[2026-05-08 17:01:53.405] [CrestBattleConvergenceLogic] tick-status: now=87.0 pending=16 elapsed=0 closestRemaining=4.9s collectDef=0 collectAtt=0 reservedDef=41 reservedAtt=0
[2026-05-08 17:01:58.318] [CrestBattleConvergenceLogic]   cap reached on Defender (5/5); Derthert's Party added to waiting list (size 5)
[2026-05-08 17:01:58.413] [CrestBattleConvergenceLogic] tick-status: now=92.0 pending=15 elapsed=0 closestRemaining=4.9s collectDef=0 collectAtt=0 reservedDef=11 reservedAtt=0
[2026-05-08 17:02:03.379] [CrestBattleConvergenceLogic] Y.29: detached 0 joiner parties from mapEvent (10 failed)
[2026-05-08 17:02:03.379] [CrestBattleConvergenceLogic] Y.12d: OnEndMission cleanup done
[2026-05-08 17:03:04.797] [CrestUnblock] processed 265 files in 13ms
[2026-05-08 17:03:04.809] [CrestQuickStart] patched VideoPlaybackState.OnVideoStarted
[2026-05-08 17:03:04.817] [CrestMessageStyle] patched TaleWorlds.Library.InformationManager.DisplayMessage(InformationMessage)
[2026-05-08 17:03:04.817] [CrestFasterTime] registered (master toggle gates per-tick work)
[2026-05-08 17:03:06.740] [CrestMessageStyle] first DisplayMessage probe -- Mission.Current=null, Campaign.Current=null (Game.Current=null, informational only)
[2026-05-08 17:03:11.432] [CrestPatchSelfTest] GetAllPatchedMethods returned 358 methods
[2026-05-08 17:03:11.446] [CrestPatchSelfTest] OK   UIExtenderEx.WidgetPrefab.LoadFrom (transpiler) — bound by Bannerlord.UIExtenderEx.Patches.WidgetPrefabPatch.WidgetPrefab_LoadFrom_Transpiler on LoadFrom
[2026-05-08 17:03:11.454] [CrestPatchSelfTest] HARD ButterLib.Module.SetInitialModuleScreenAsRootScreen (transpiler) — target method patched, but no patch from Bannerlord.ButterLib.Implementation.MBSubModuleBaseExtended.Patches.ModulePatch (owners: [MCM.UI.Adapter.MCMv5]; declaring types: [MCM.UI.MCMUIAdapterSubModule])
[2026-05-08 17:03:11.455] [CrestPatchSelfTest] HARD ButterLib.Module.FinalizeSubModules (postfix) — no patch found on TaleWorlds.MountAndBlade.Module.FinalizeSubModules (other patched methods on this type: LoadSubModules, InitializeSubModuleBases, ProcessApplicationArguments, SetInitialModuleScreenAsRootScreen)
[2026-05-08 17:03:11.456] [CrestPatchSelfTest] HARD BEW.Managed.ApplicationTick (finalizer) — no patch found on TaleWorlds.DotNet.Managed.ApplicationTick (no methods on this type are patched at all)
[2026-05-08 17:03:11.457] [CrestPatchSelfTest] HARD BEW.Module.OnApplicationTick (finalizer) — no patch found on TaleWorlds.MountAndBlade.Module.OnApplicationTick (other patched methods on this type: LoadSubModules, InitializeSubModuleBases, ProcessApplicationArguments, SetInitialModuleScreenAsRootScreen)
[2026-05-08 17:03:11.459] [CrestPatchSelfTest] HARD BEW.ScreenManager.Tick (finalizer) — no patch found on TaleWorlds.ScreenSystem.ScreenManager.Tick (no methods on this type are patched at all)
[2026-05-08 17:03:11.460] [CrestPatchSelfTest] HARD BEW.ManagedScriptHolder.TickComponents (finalizer) — no patch found on TaleWorlds.Engine.ManagedScriptHolder.TickComponents (no methods on this type are patched at all)
[2026-05-08 17:03:11.461] [CrestPatchSelfTest] HARD BEW.Mission.Tick (finalizer) — no patch found on TaleWorlds.MountAndBlade.Mission.Tick (other patched methods on this type: UpdateSceneTimeSpeed, OnTeamDeployed, OnDeploymentFinished, CanTakeControlOfAgent)
[2026-05-08 17:03:11.468] [CrestPatchSelfTest] SOFT UIExtenderEx.GauntletMovie.Load (conditional prefix) — no patch found on TaleWorlds.GauntletUI.Data.GauntletMovie.Load (other patched methods on this type: LoadMovie)
[2026-05-08 17:03:11.472] [CrestPatchSelfTest] OK   UIExtenderEx.WidgetFactory.GetCustomType (prefix) — bound by Bannerlord.UIExtenderEx.ResourceManager.WidgetFactoryManager.GetCustomTypePrefix on GetCustomType
[2026-05-08 17:03:11.474] [CrestPatchSelfTest] OK   UIExtenderEx.WidgetFactory.CreateBuiltinWidget (prefix) — bound by Bannerlord.UIExtenderEx.ResourceManager.WidgetFactoryManager.CreateBuiltinWidgetPrefix on CreateBuiltinWidget
[2026-05-08 17:03:11.482] [CrestPatchSelfTest] OK   UIExtenderEx.WidgetFactory.GetWidgetTypes (postfix) — bound by Bannerlord.UIExtenderEx.ResourceManager.WidgetFactoryManager.GetWidgetTypesPostfix on GetWidgetTypes
[2026-05-08 17:03:11.485] [CrestPatchSelfTest] OK   UIExtenderEx.WidgetFactory.IsCustomType (prefix) — bound by Bannerlord.UIExtenderEx.ResourceManager.WidgetFactoryManager.IsCustomTypePrefix on IsCustomType
[2026-05-08 17:03:11.488] [CrestPatchSelfTest] OK   UIExtenderEx.WidgetTemplate.CreateWidgets (transpiler, soft) — bound by Bannerlord.UIExtenderEx.ResourceManager.WidgetFactoryManager.BlankTranspiler on CreateWidgets
[2026-05-08 17:03:11.496] [CrestPatchSelfTest] OK   UIExtenderEx.GauntletMovie.LoadMovie (transpiler, soft) — bound by Bannerlord.UIExtenderEx.ResourceManager.WidgetFactoryManager.BlankTranspiler on LoadMovie
[2026-05-08 17:03:11.496] [CrestPatchSelfTest] summary: 7 bound, 7 hard miss, 1 soft miss (of 15 total)
[2026-05-08 17:03:11.503] [CrestCampaignLogFilter] patched CampaignInformationManager.NewLogEntryAdded — 39 classified entry types across 6 buckets
[2026-05-08 17:03:11.505] [CrestCutThroughEveryone] master toggle OFF at startup -- not binding patches (toggle on + restart to enable)
[2026-05-08 17:03:11.509] [CrestPlayerInvincibleDamageClamp] patched Mission.RegisterBlow (damage clamp for player hero)
[2026-05-08 17:03:11.544] [CrestCampaignTweaks] FasterShips bound: TaleWorlds.CampaignSystem.Party.MobileParty.CalculateSpeed (postfix)
[2026-05-08 17:03:11.566] [CrestCampaignTweaks] AchievementsWithMods bound: SandBox.CampaignBehaviors.DumpIntegrityCampaignBehavior.IsGameIntegrityAchieved (postfix)
[2026-05-08 17:03:11.593] [CrestCampaignTweaks] AchievementsDeactivateBlock bound: StoryMode.GameComponents.CampaignBehaviors.AchievementsCampaignBehavior.DeactivateAchievements (prefix)
[2026-05-08 17:03:11.620] [CrestCampaignTweaks] RTSCameraNavalShim bound: RTSCamera.Patch.Naval.Patch_AgentNavalComponent.Prefix_OnTick (prefix)
[2026-05-08 17:03:11.620] [CrestCampaignTweaks] EnableCampaignTweaks OFF -- legacy tweaks not bound (standalone features still active)
[2026-05-08 17:03:11.651] [CrestBattleSize] patched (always-on; preset count=7, agent cap=2040)
[2026-05-08 17:03:11.651] [CrestTierUnlocker] master toggle OFF -- not binding tier-cap patches
[2026-05-08 17:03:24.524] [CrestCampaignTweaks] AchievementsWithMods: blocked DeactivateAchievements call
[2026-05-08 17:03:43.687] [CrestFasterTime] API resolved: Campaign.SpeedUpMultiplier=ok, SetTimeSpeed(int)=ok, Input.IsKeyPressed=ok
[2026-05-08 17:04:02.664] [CrestUnblock] processed 265 files in 16ms
[2026-05-08 17:04:02.675] [CrestQuickStart] patched VideoPlaybackState.OnVideoStarted
[2026-05-08 17:04:02.684] [CrestMessageStyle] patched TaleWorlds.Library.InformationManager.DisplayMessage(InformationMessage)
[2026-05-08 17:04:02.684] [CrestFasterTime] registered (master toggle gates per-tick work)
[2026-05-08 17:04:04.657] [CrestMessageStyle] first DisplayMessage probe -- Mission.Current=null, Campaign.Current=null (Game.Current=null, informational only)
[2026-05-08 17:04:05.747] [CrestFasterTime] API resolved: Campaign.SpeedUpMultiplier=ok, SetTimeSpeed(int)=ok, Input.IsKeyPressed=ok
[2026-05-08 17:04:09.435] [CrestPatchSelfTest] GetAllPatchedMethods returned 358 methods
[2026-05-08 17:04:09.450] [CrestPatchSelfTest] OK   UIExtenderEx.WidgetPrefab.LoadFrom (transpiler) — bound by Bannerlord.UIExtenderEx.Patches.WidgetPrefabPatch.WidgetPrefab_LoadFrom_Transpiler on LoadFrom
[2026-05-08 17:04:09.456] [CrestPatchSelfTest] HARD ButterLib.Module.SetInitialModuleScreenAsRootScreen (transpiler) — target method patched, but no patch from Bannerlord.ButterLib.Implementation.MBSubModuleBaseExtended.Patches.ModulePatch (owners: [MCM.UI.Adapter.MCMv5]; declaring types: [MCM.UI.MCMUIAdapterSubModule])
[2026-05-08 17:04:09.457] [CrestPatchSelfTest] HARD ButterLib.Module.FinalizeSubModules (postfix) — no patch found on TaleWorlds.MountAndBlade.Module.FinalizeSubModules (other patched methods on this type: LoadSubModules, InitializeSubModuleBases, ProcessApplicationArguments, SetInitialModuleScreenAsRootScreen)
[2026-05-08 17:04:09.458] [CrestPatchSelfTest] HARD BEW.Managed.ApplicationTick (finalizer) — no patch found on TaleWorlds.DotNet.Managed.ApplicationTick (no methods on this type are patched at all)
[2026-05-08 17:04:09.459] [CrestPatchSelfTest] HARD BEW.Module.OnApplicationTick (finalizer) — no patch found on TaleWorlds.MountAndBlade.Module.OnApplicationTick (other patched methods on this type: LoadSubModules, InitializeSubModuleBases, ProcessApplicationArguments, SetInitialModuleScreenAsRootScreen)
[2026-05-08 17:04:09.461] [CrestPatchSelfTest] HARD BEW.ScreenManager.Tick (finalizer) — no patch found on TaleWorlds.ScreenSystem.ScreenManager.Tick (no methods on this type are patched at all)
[2026-05-08 17:04:09.463] [CrestPatchSelfTest] HARD BEW.ManagedScriptHolder.TickComponents (finalizer) — no patch found on TaleWorlds.Engine.ManagedScriptHolder.TickComponents (no methods on this type are patched at all)
[2026-05-08 17:04:09.464] [CrestPatchSelfTest] HARD BEW.Mission.Tick (finalizer) — no patch found on TaleWorlds.MountAndBlade.Mission.Tick (other patched methods on this type: UpdateSceneTimeSpeed, OnTeamDeployed, OnDeploymentFinished, CanTakeControlOfAgent)
[2026-05-08 17:04:09.471] [CrestPatchSelfTest] SOFT UIExtenderEx.GauntletMovie.Load (conditional prefix) — no patch found on TaleWorlds.GauntletUI.Data.GauntletMovie.Load (other patched methods on this type: LoadMovie)
[2026-05-08 17:04:09.475] [CrestPatchSelfTest] OK   UIExtenderEx.WidgetFactory.GetCustomType (prefix) — bound by Bannerlord.UIExtenderEx.ResourceManager.WidgetFactoryManager.GetCustomTypePrefix on GetCustomType
[2026-05-08 17:04:09.477] [CrestPatchSelfTest] OK   UIExtenderEx.WidgetFactory.CreateBuiltinWidget (prefix) — bound by Bannerlord.UIExtenderEx.ResourceManager.WidgetFactoryManager.CreateBuiltinWidgetPrefix on CreateBuiltinWidget
[2026-05-08 17:04:09.485] [CrestPatchSelfTest] OK   UIExtenderEx.WidgetFactory.GetWidgetTypes (postfix) — bound by Bannerlord.UIExtenderEx.ResourceManager.WidgetFactoryManager.GetWidgetTypesPostfix on GetWidgetTypes
[2026-05-08 17:04:09.488] [CrestPatchSelfTest] OK   UIExtenderEx.WidgetFactory.IsCustomType (prefix) — bound by Bannerlord.UIExtenderEx.ResourceManager.WidgetFactoryManager.IsCustomTypePrefix on IsCustomType
[2026-05-08 17:04:09.490] [CrestPatchSelfTest] OK   UIExtenderEx.WidgetTemplate.CreateWidgets (transpiler, soft) — bound by Bannerlord.UIExtenderEx.ResourceManager.WidgetFactoryManager.BlankTranspiler on CreateWidgets
[2026-05-08 17:04:09.499] [CrestPatchSelfTest] OK   UIExtenderEx.GauntletMovie.LoadMovie (transpiler, soft) — bound by Bannerlord.UIExtenderEx.ResourceManager.WidgetFactoryManager.BlankTranspiler on LoadMovie
[2026-05-08 17:04:09.499] [CrestPatchSelfTest] summary: 7 bound, 7 hard miss, 1 soft miss (of 15 total)
[2026-05-08 17:04:09.506] [CrestCampaignLogFilter] patched CampaignInformationManager.NewLogEntryAdded — 39 classified entry types across 6 buckets
[2026-05-08 17:04:09.516] [CrestCutThroughEveryone] patched cut-through hooks (gated on EnableCutThroughEveryone master toggle)
[2026-05-08 17:04:09.520] [CrestPlayerInvincibleDamageClamp] patched Mission.RegisterBlow (damage clamp for player hero)
[2026-05-08 17:04:09.554] [CrestCampaignTweaks] FasterShips bound: TaleWorlds.CampaignSystem.Party.MobileParty.CalculateSpeed (postfix)
[2026-05-08 17:04:09.577] [CrestCampaignTweaks] AchievementsWithMods bound: SandBox.CampaignBehaviors.DumpIntegrityCampaignBehavior.IsGameIntegrityAchieved (postfix)
[2026-05-08 17:04:09.604] [CrestCampaignTweaks] AchievementsDeactivateBlock bound: StoryMode.GameComponents.CampaignBehaviors.AchievementsCampaignBehavior.DeactivateAchievements (prefix)
[2026-05-08 17:04:09.632] [CrestCampaignTweaks] RTSCameraNavalShim bound: RTSCamera.Patch.Naval.Patch_AgentNavalComponent.Prefix_OnTick (prefix)
[2026-05-08 17:04:09.649] [CrestCampaignTweaks] PreventClanDeath bound: TaleWorlds.CampaignSystem.CampaignBehaviors.AgingCampaignBehavior.IsItTimeOfDeath (prefix)
[2026-05-08 17:04:09.657] [CrestCampaignTweaks] PlayerNoFlinch bound: TaleWorlds.MountAndBlade.Mission.RegisterBlow (prefix)
[2026-05-08 17:04:09.674] [CrestCampaignTweaks] NoExecutionPenalty bound: TaleWorlds.CampaignSystem.CampaignBehaviors.CharacterRelationCampaignBehavior.OnHeroKilled (prefix)
[2026-05-08 17:04:09.688] [CrestCampaignTweaks] ClanTournamentExclusion bound: TaleWorlds.CampaignSystem.TournamentGames.FightTournamentGame.CanBeAParticipant (prefix)
[2026-05-08 17:04:09.704] [CrestCampaignTweaks] ClanPartySpeedBonus bound: TaleWorlds.CampaignSystem.Party.MobileParty.CalculateSpeed (postfix)
[2026-05-08 17:04:09.722] [CrestCampaignTweaks] StopPrisonerEscape (daily) bound: TaleWorlds.CampaignSystem.CampaignBehaviors.PrisonerReleaseCampaignBehavior.DailyHeroTick (prefix)
[2026-05-08 17:04:09.739] [CrestCampaignTweaks] StopPrisonerEscape (hourly) bound: TaleWorlds.CampaignSystem.CampaignBehaviors.PrisonerReleaseCampaignBehavior.HourlyPartyTick (prefix)
[2026-05-08 17:04:09.756] [CrestCampaignTweaks] LootCapturedHeroes bound: TaleWorlds.CampaignSystem.MapEvents.MapEvent.LootDefeatedPartyPrisoners (postfix)
[2026-05-08 17:04:09.772] [CrestCampaignTweaks] NoArrowsStuck bound: TaleWorlds.MountAndBlade.Mission.HandleMissileCollisionReaction (postfix)
[2026-05-08 17:04:09.786] [CrestCampaignTweaks] MarriageStaysInClan bound: TaleWorlds.CampaignSystem.GameComponents.DefaultMarriageModel.GetClanAfterMarriage (postfix)
[2026-05-08 17:04:09.801] [CrestCampaignTweaks] PregnancyChanceUncapped bound: TaleWorlds.CampaignSystem.GameComponents.DefaultPregnancyModel.GetDailyChanceOfPregnancyForHero (postfix)
[2026-05-08 17:04:09.816] [CrestCampaignTweaks] UnlockAllSmithingRecipes bound: TaleWorlds.CampaignSystem.CampaignBehaviors.CraftingCampaignBehavior.IsOpened (postfix)
[2026-05-08 17:04:09.832] [CrestCampaignTweaks] LifelongLearning bound: TaleWorlds.CampaignSystem.GameComponents.DefaultCharacterDevelopmentModel.CalculateLearningRate (postfix)
[2026-05-08 17:04:09.845] [CrestCampaignTweaks] TavernCompanions.DailyTick bound: TaleWorlds.CampaignSystem.CampaignBehaviors.CompanionsCampaignBehavior.DailyTick (postfix)
[2026-05-08 17:04:09.859] [CrestCampaignTweaks] TavernCompanions.DesiredCount bound: TaleWorlds.CampaignSystem.CampaignBehaviors.CompanionsCampaignBehavior.get__desiredTotalCompanionCount (postfix)
[2026-05-08 17:04:09.859] [CrestCampaignTweaks] patched campaign tweaks (legacy EnableCampaignTweaks group)
[2026-05-08 17:04:09.890] [CrestBattleSize] patched (always-on; preset count=7, agent cap=2040)
[2026-05-08 17:04:09.914] [CrestTierUnlocker] patched tier caps (gated on EnableTierUnlocker)
[2026-05-08 17:04:13.574] [CrestBattleConvergenceDialogueBehavior] registered rescue-thanks dialogue lines
[2026-05-08 17:04:13.574] [SubModule] Y.12d-feature#128: registered Battle Convergence rescue dialogue behavior
[2026-05-08 17:04:22.507] [CrestCampaignTweaks] AchievementsWithMods: blocked DeactivateAchievements call
[2026-05-08 17:04:28.011] [CrestCompanionHotswap] added swap + select behaviors to mission
[2026-05-08 17:04:28.013] [CrestBattleConvergence] added convergence behavior to mission
[2026-05-08 17:04:28.089] [CrestBattleConvergenceLogic] flat radius (slider mode): 100
[2026-05-08 17:04:28.142] [CrestBattleConvergenceLogic] Y.12d AfterStart: reinforce=True debug=False radius=100 maxPerSide=6 timerset=1000 playerSide=Attacker isPlayerDefender=False missionAgentSpawnLogic=null
[2026-05-08 17:04:31.947] [CrestBattleConvergenceLogic] Y.30: ensured 2 ally pools (6 formations, indices 10..15)
[2026-05-08 17:04:31.954] [CrestBattleConvergenceLogic] Cinema-fix-C symmetric radius: bothSidesRadius=300 (mult x3.0) â€” distance-filtered 12
[2026-05-08 17:04:31.954] [CrestBattleConvergenceLogic] Y.12d-fix23 stagger: initial=45s cadence=5s -> first lord at +45s, last (idx 24) at +165s
[2026-05-08 17:04:31.954] [CrestBattleConvergenceLogic] Y.12d Stage1: defenderSpawnPositions=3 attackerSpawnPositions=3 partiesSeen=1489 eligibleCandidates=25 neutralRej=53
[2026-05-08 17:04:31.981] [CrestBattleConvergenceLogic] OnMissionTick first call after Stage1: candidates=25
[2026-05-08 17:04:38.197] [CrestBattleConvergenceLogic] tick-status: now=7.2 pending=25 elapsed=0 closestRemaining=40.0s collectDef=0 collectAtt=0 reservedDef=0 reservedAtt=0
[2026-05-08 17:04:43.199] [CrestBattleConvergenceLogic] tick-status: now=12.2 pending=25 elapsed=0 closestRemaining=35.0s collectDef=0 collectAtt=0 reservedDef=0 reservedAtt=0
[2026-05-08 17:04:49.220] [CrestBattleConvergenceLogic] tick-status: now=17.2 pending=25 elapsed=0 closestRemaining=30.0s collectDef=0 collectAtt=0 reservedDef=0 reservedAtt=0
[2026-05-08 17:04:54.226] [CrestBattleConvergenceLogic] tick-status: now=22.2 pending=25 elapsed=0 closestRemaining=25.0s collectDef=0 collectAtt=0 reservedDef=0 reservedAtt=0
[2026-05-08 17:04:59.232] [CrestBattleConvergenceLogic] tick-status: now=27.2 pending=25 elapsed=0 closestRemaining=20.0s collectDef=0 collectAtt=0 reservedDef=0 reservedAtt=0
[2026-05-08 17:05:04.237] [CrestBattleConvergenceLogic] tick-status: now=32.2 pending=25 elapsed=0 closestRemaining=15.0s collectDef=0 collectAtt=0 reservedDef=0 reservedAtt=0
[2026-05-08 17:05:09.247] [CrestBattleConvergenceLogic] tick-status: now=37.2 pending=25 elapsed=0 closestRemaining=10.0s collectDef=0 collectAtt=0 reservedDef=0 reservedAtt=0
[2026-05-08 17:05:14.249] [CrestBattleConvergenceLogic] tick-status: now=42.2 pending=25 elapsed=0 closestRemaining=5.0s collectDef=0 collectAtt=0 reservedDef=0 reservedAtt=0
[2026-05-08 17:05:19.252] [CrestBattleConvergenceLogic] queued Servic's Party (Vlandia) team=1 side=Defender dist=7.3 active=1/5
[2026-05-08 17:05:19.255] [CrestBattleConvergenceLogic] tick-status: now=47.2 pending=24 elapsed=0 closestRemaining=5.0s collectDef=1 collectAtt=0 reservedDef=0 reservedAtt=0
[2026-05-08 17:05:19.369] [CrestBattleConvergenceLogic] registered Servic's Party on Defender: 127 agents queued (queue size now 127)
[2026-05-08 17:05:24.222] [CrestBattleConvergenceLogic] queued Adaltrud's Party (Vlandia) team=1 side=Defender dist=43.2 active=2/5
[2026-05-08 17:05:24.269] [CrestBattleConvergenceLogic] tick-status: now=52.2 pending=23 elapsed=0 closestRemaining=4.9s collectDef=1 collectAtt=0 reservedDef=67 reservedAtt=0
[2026-05-08 17:05:25.386] [CrestBattleConvergenceLogic] registered Adaltrud's Party on Defender: 72 agents queued (queue size now 139)
[2026-05-08 17:05:29.230] [CrestBattleConvergenceLogic] queued Ecarand's Party (Vlandia) team=1 side=Defender dist=57.4 active=3/5
[2026-05-08 17:05:29.280] [CrestBattleConvergenceLogic] tick-status: now=57.2 pending=22 elapsed=0 closestRemaining=4.9s collectDef=1 collectAtt=0 reservedDef=79 reservedAtt=0
[2026-05-08 17:05:31.410] [CrestBattleConvergenceLogic] registered Ecarand's Party on Defender: 74 agents queued (queue size now 153)
[2026-05-08 17:05:34.225] [CrestBattleConvergenceLogic] queued Furnhard's Party (Vlandia) team=1 side=Defender dist=70.9 active=4/5
[2026-05-08 17:05:34.291] [CrestBattleConvergenceLogic] tick-status: now=62.2 pending=21 elapsed=0 closestRemaining=4.9s collectDef=1 collectAtt=0 reservedDef=123 reservedAtt=0
[2026-05-08 17:05:34.424] [CrestBattleConvergenceLogic] registered Furnhard's Party on Defender: 53 agents queued (queue size now 176)
[2026-05-08 17:05:39.733] [CrestBattleConvergenceLogic] queued Belgir's Party (Vlandia) team=1 side=Defender dist=111.5 active=5/5
[2026-05-08 17:05:39.803] [CrestBattleConvergenceLogic] tick-status: now=67.2 pending=20 elapsed=0 closestRemaining=4.9s collectDef=1 collectAtt=0 reservedDef=116 reservedAtt=0
[2026-05-08 17:05:40.939] [CrestBattleConvergenceLogic] registered Belgir's Party on Defender: 135 agents queued (queue size now 251)
[2026-05-08 17:05:44.745] [CrestBattleConvergenceLogic]   cap reached on Defender (5/5); Hecard's Party added to waiting list (size 1)
[2026-05-08 17:05:44.811] [CrestBattleConvergenceLogic] tick-status: now=72.2 pending=19 elapsed=0 closestRemaining=4.9s collectDef=0 collectAtt=0 reservedDef=191 reservedAtt=0
[2026-05-08 17:05:49.748] [CrestBattleConvergenceLogic]   cap reached on Defender (5/5); Richelda's Party added to waiting list (size 2)
[2026-05-08 17:05:49.816] [CrestBattleConvergenceLogic] tick-status: now=77.3 pending=18 elapsed=0 closestRemaining=4.9s collectDef=0 collectAtt=0 reservedDef=161 reservedAtt=0
[2026-05-08 17:06:07.725] [CrestBattleConvergenceLogic]   cap reached on Defender (5/5); Vartin's Party added to waiting list (size 3)
[2026-05-08 17:06:07.794] [CrestBattleConvergenceLogic] tick-status: now=82.3 pending=17 elapsed=0 closestRemaining=4.9s collectDef=0 collectAtt=0 reservedDef=101 reservedAtt=0
[2026-05-08 17:06:12.727] [CrestBattleConvergenceLogic]   cap reached on Defender (5/5); Romund's Party added to waiting list (size 4)
[2026-05-08 17:06:12.808] [CrestBattleConvergenceLogic] tick-status: now=87.3 pending=16 elapsed=0 closestRemaining=4.9s collectDef=0 collectAtt=0 reservedDef=41 reservedAtt=0
[2026-05-08 17:06:17.730] [CrestBattleConvergenceLogic]   cap reached on Defender (5/5); Derthert's Party added to waiting list (size 5)
[2026-05-08 17:06:17.818] [CrestBattleConvergenceLogic] tick-status: now=92.3 pending=15 elapsed=0 closestRemaining=4.9s collectDef=0 collectAtt=0 reservedDef=11 reservedAtt=0
[2026-05-08 17:06:32.884] [CrestBattleConvergenceLogic]   cap reached on Defender (5/5); Morcon's Party added to waiting list (size 6)
[2026-05-08 17:06:33.282] [CrestBattleConvergenceLogic] tick-status: now=97.3 pending=14 elapsed=0 closestRemaining=4.9s collectDef=0 collectAtt=0 reservedDef=0 reservedAtt=0
[2026-05-08 17:06:54.941] [CrestBattleConvergenceLogic] queued Asgotha's Party (Nord) team=0 side=Attacker dist=146.7 active=1/5
[2026-05-08 17:06:55.036] [CrestBattleConvergenceLogic] tick-status: now=102.3 pending=13 elapsed=0 closestRemaining=4.9s collectDef=0 collectAtt=1 reservedDef=0 reservedAtt=0
[2026-05-08 17:06:57.904] [CrestBattleConvergenceLogic] registered Asgotha's Party on Attacker: 171 agents queued (queue size now 171)
[2026-05-08 17:06:57.912] [CrestBattleConvergenceLogic] Y.30B: pool tier=2 delta=-440 variant=ShieldWall
[2026-05-08 17:06:57.912] [CrestBattleConvergenceLogic] Y.30: pool[0] lead=Asgotha's Party tactics=176 (first); LordCount=1
[2026-05-08 17:07:00.642] [CrestBattleConvergenceLogic]   cap reached on Defender (5/5); Unthery's Party added to waiting list (size 7)
[2026-05-08 17:07:00.742] [CrestBattleConvergenceLogic] tick-status: now=107.3 pending=12 elapsed=0 closestRemaining=4.9s collectDef=0 collectAtt=0 reservedDef=0 reservedAtt=141
[2026-05-08 17:07:05.644] [CrestBattleConvergenceLogic]   cap reached on Defender (5/5); Arthamund's Party added to waiting list (size 8)
[2026-05-08 17:07:05.757] [CrestBattleConvergenceLogic] tick-status: now=112.3 pending=11 elapsed=0 closestRemaining=4.9s collectDef=0 collectAtt=0 reservedDef=0 reservedAtt=81
[2026-05-08 17:07:10.667] [CrestBattleConvergenceLogic]   cap reached on Defender (5/5); Calatild's Party added to waiting list (size 9)
[2026-05-08 17:07:10.785] [CrestBattleConvergenceLogic] tick-status: now=117.3 pending=10 elapsed=0 closestRemaining=4.9s collectDef=0 collectAtt=0 reservedDef=0 reservedAtt=21
[2026-05-08 17:07:15.667] [CrestBattleConvergenceLogic]   cap reached on Defender (5/5); Ospir's Party added to waiting list (size 10)
[2026-05-08 17:07:15.791] [CrestBattleConvergenceLogic] tick-status: now=122.3 pending=9 elapsed=0 closestRemaining=4.9s collectDef=0 collectAtt=0 reservedDef=0 reservedAtt=0
[2026-05-08 17:07:20.663] [CrestBattleConvergenceLogic]   cap reached on Defender (5/5); Berican's Party added to waiting list (size 11)
[2026-05-08 17:07:20.797] [CrestBattleConvergenceLogic] tick-status: now=127.3 pending=8 elapsed=0 closestRemaining=4.9s collectDef=0 collectAtt=0 reservedDef=0 reservedAtt=0
[2026-05-08 17:07:25.673] [CrestBattleConvergenceLogic]   cap reached on Defender (5/5); Ingalther's Party added to waiting list (size 12)
[2026-05-08 17:07:25.809] [CrestBattleConvergenceLogic] tick-status: now=132.3 pending=7 elapsed=0 closestRemaining=4.9s collectDef=0 collectAtt=0 reservedDef=0 reservedAtt=0
[2026-05-08 17:07:30.665] [CrestBattleConvergenceLogic]   cap reached on Defender (5/5); Amalgun's Party added to waiting list (size 13)
[2026-05-08 17:07:30.820] [CrestBattleConvergenceLogic] tick-status: now=137.3 pending=6 elapsed=0 closestRemaining=4.8s collectDef=0 collectAtt=0 reservedDef=0 reservedAtt=0
[2026-05-08 17:07:35.671] [CrestBattleConvergenceLogic] queued Apolanea's Party (Sturgia) team=0 side=Attacker dist=222.7 active=2/5
[2026-05-08 17:07:35.824] [CrestBattleConvergenceLogic] tick-status: now=142.3 pending=5 elapsed=0 closestRemaining=4.8s collectDef=0 collectAtt=1 reservedDef=0 reservedAtt=0
[2026-05-08 17:07:37.006] [CrestBattleConvergenceLogic] registered Apolanea's Party on Attacker: 107 agents queued (queue size now 107)
[2026-05-08 17:07:37.006] [CrestBattleConvergenceLogic] Y.30: pool[0] joined by Apolanea's Party (tactics=176); pool lead unchanged (176)
[2026-05-08 17:07:40.669] [CrestBattleConvergenceLogic] queued Raganvad's Party (Sturgia) team=0 side=Attacker dist=222.7 active=3/5
[2026-05-08 17:07:40.838] [CrestBattleConvergenceLogic] tick-status: now=147.3 pending=4 elapsed=0 closestRemaining=4.8s collectDef=0 collectAtt=1 reservedDef=0 reservedAtt=47
[2026-05-08 17:07:42.962] [CrestBattleConvergenceLogic] Y.30B: pool tier=2 delta=-163 variant=ShieldWall
[2026-05-08 17:07:43.011] [CrestBattleConvergenceLogic] registered Raganvad's Party on Attacker: 251 agents queued (queue size now 298)
[2026-05-08 17:07:45.842] [CrestBattleConvergenceLogic] tick-status: now=152.3 pending=3 elapsed=0 closestRemaining=4.8s collectDef=0 collectAtt=0 reservedDef=0 reservedAtt=268
[2026-05-08 17:07:46.080] [CrestBattleConvergenceLogic] Y.30B: pool tier=3 delta=-116 variant=ShieldWall
[2026-05-08 17:07:46.080] [CrestBattleConvergenceLogic] Y.30: pool[0] lead=Raganvad's Party tactics=227 (escalated); LordCount=3
[2026-05-08 17:07:50.871] [CrestBattleConvergenceLogic] tick-status: now=157.3 pending=2 elapsed=0 closestRemaining=4.8s collectDef=0 collectAtt=0 reservedDef=0 reservedAtt=208
[2026-05-08 17:07:55.704] [CrestBattleConvergenceLogic] queued Vyldur's Party (Sturgia) team=0 side=Attacker dist=223.5 active=4/5
[2026-05-08 17:07:55.876] [CrestBattleConvergenceLogic] tick-status: now=162.3 pending=1 elapsed=0 closestRemaining=4.8s collectDef=0 collectAtt=1 reservedDef=0 reservedAtt=148
[2026-05-08 17:07:58.066] [CrestBattleConvergenceLogic] registered Vyldur's Party on Attacker: 112 agents queued (queue size now 260)
[2026-05-08 17:08:00.711] [CrestBattleConvergenceLogic] queued Gautgar's Party (Nord) team=0 side=Attacker dist=292.2 active=5/5
[2026-05-08 17:08:00.881] [CrestBattleConvergenceLogic] tick-status: now=167.3 pending=0 elapsed=0 closestRemaining=n/a collectDef=0 collectAtt=1 reservedDef=0 reservedAtt=230
[2026-05-08 17:08:01.055] [CrestBattleConvergenceLogic] Y.30B: pool tier=3 delta=38 variant=Standard
[2026-05-08 17:08:01.068] [CrestBattleConvergenceLogic] registered Gautgar's Party on Attacker: 157 agents queued (queue size now 387)
[2026-05-08 17:08:05.892] [CrestBattleConvergenceLogic] tick-status: now=172.4 pending=0 elapsed=0 closestRemaining=n/a collectDef=0 collectAtt=0 reservedDef=0 reservedAtt=327
[2026-05-08 17:08:10.152] [CrestBattleConvergenceLogic] Y.30B: pool tier=2 delta=159 variant=Standard
[2026-05-08 17:08:10.152] [CrestBattleConvergenceLogic] Y.30: pool[1] lead=Vyldur's Party tactics=149 (first); LordCount=1
[2026-05-08 17:19:31.429] [CrestUnblock] processed 265 files in 15ms
[2026-05-08 17:19:31.441] [CrestQuickStart] patched VideoPlaybackState.OnVideoStarted
[2026-05-08 17:19:31.450] [CrestMessageStyle] patched TaleWorlds.Library.InformationManager.DisplayMessage(InformationMessage)
[2026-05-08 17:19:31.450] [CrestFasterTime] registered (master toggle gates per-tick work)
[2026-05-08 17:19:33.381] [CrestMessageStyle] first DisplayMessage probe -- Mission.Current=null, Campaign.Current=null (Game.Current=null, informational only)
[2026-05-08 17:19:34.480] [CrestFasterTime] API resolved: Campaign.SpeedUpMultiplier=ok, SetTimeSpeed(int)=ok, Input.IsKeyPressed=ok
[2026-05-08 17:19:38.137] [CrestPatchSelfTest] GetAllPatchedMethods returned 358 methods
[2026-05-08 17:19:38.150] [CrestPatchSelfTest] OK   UIExtenderEx.WidgetPrefab.LoadFrom (transpiler) — bound by Bannerlord.UIExtenderEx.Patches.WidgetPrefabPatch.WidgetPrefab_LoadFrom_Transpiler on LoadFrom
[2026-05-08 17:19:38.158] [CrestPatchSelfTest] HARD ButterLib.Module.SetInitialModuleScreenAsRootScreen (transpiler) — target method patched, but no patch from Bannerlord.ButterLib.Implementation.MBSubModuleBaseExtended.Patches.ModulePatch (owners: [MCM.UI.Adapter.MCMv5]; declaring types: [MCM.UI.MCMUIAdapterSubModule])
[2026-05-08 17:19:38.159] [CrestPatchSelfTest] HARD ButterLib.Module.FinalizeSubModules (postfix) — no patch found on TaleWorlds.MountAndBlade.Module.FinalizeSubModules (other patched methods on this type: LoadSubModules, InitializeSubModuleBases, ProcessApplicationArguments, SetInitialModuleScreenAsRootScreen)
[2026-05-08 17:19:38.161] [CrestPatchSelfTest] HARD BEW.Managed.ApplicationTick (finalizer) — no patch found on TaleWorlds.DotNet.Managed.ApplicationTick (no methods on this type are patched at all)
[2026-05-08 17:19:38.161] [CrestPatchSelfTest] HARD BEW.Module.OnApplicationTick (finalizer) — no patch found on TaleWorlds.MountAndBlade.Module.OnApplicationTick (other patched methods on this type: LoadSubModules, InitializeSubModuleBases, ProcessApplicationArguments, SetInitialModuleScreenAsRootScreen)
[2026-05-08 17:19:38.164] [CrestPatchSelfTest] HARD BEW.ScreenManager.Tick (finalizer) — no patch found on TaleWorlds.ScreenSystem.ScreenManager.Tick (no methods on this type are patched at all)
[2026-05-08 17:19:38.165] [CrestPatchSelfTest] HARD BEW.ManagedScriptHolder.TickComponents (finalizer) — no patch found on TaleWorlds.Engine.ManagedScriptHolder.TickComponents (no methods on this type are patched at all)
[2026-05-08 17:19:38.165] [CrestPatchSelfTest] HARD BEW.Mission.Tick (finalizer) — no patch found on TaleWorlds.MountAndBlade.Mission.Tick (other patched methods on this type: UpdateSceneTimeSpeed, OnTeamDeployed, OnDeploymentFinished, CanTakeControlOfAgent)
[2026-05-08 17:19:38.171] [CrestPatchSelfTest] SOFT UIExtenderEx.GauntletMovie.Load (conditional prefix) — no patch found on TaleWorlds.GauntletUI.Data.GauntletMovie.Load (other patched methods on this type: LoadMovie)
[2026-05-08 17:19:38.177] [CrestPatchSelfTest] OK   UIExtenderEx.WidgetFactory.GetCustomType (prefix) — bound by Bannerlord.UIExtenderEx.ResourceManager.WidgetFactoryManager.GetCustomTypePrefix on GetCustomType
[2026-05-08 17:19:38.178] [CrestPatchSelfTest] OK   UIExtenderEx.WidgetFactory.CreateBuiltinWidget (prefix) — bound by Bannerlord.UIExtenderEx.ResourceManager.WidgetFactoryManager.CreateBuiltinWidgetPrefix on CreateBuiltinWidget
[2026-05-08 17:19:38.186] [CrestPatchSelfTest] OK   UIExtenderEx.WidgetFactory.GetWidgetTypes (postfix) — bound by Bannerlord.UIExtenderEx.ResourceManager.WidgetFactoryManager.GetWidgetTypesPostfix on GetWidgetTypes
[2026-05-08 17:19:38.190] [CrestPatchSelfTest] OK   UIExtenderEx.WidgetFactory.IsCustomType (prefix) — bound by Bannerlord.UIExtenderEx.ResourceManager.WidgetFactoryManager.IsCustomTypePrefix on IsCustomType
[2026-05-08 17:19:38.191] [CrestPatchSelfTest] OK   UIExtenderEx.WidgetTemplate.CreateWidgets (transpiler, soft) — bound by Bannerlord.UIExtenderEx.ResourceManager.WidgetFactoryManager.BlankTranspiler on CreateWidgets
[2026-05-08 17:19:38.200] [CrestPatchSelfTest] OK   UIExtenderEx.GauntletMovie.LoadMovie (transpiler, soft) — bound by Bannerlord.UIExtenderEx.ResourceManager.WidgetFactoryManager.BlankTranspiler on LoadMovie
[2026-05-08 17:19:38.200] [CrestPatchSelfTest] summary: 7 bound, 7 hard miss, 1 soft miss (of 15 total)
[2026-05-08 17:19:38.207] [CrestCampaignLogFilter] patched CampaignInformationManager.NewLogEntryAdded — 39 classified entry types across 6 buckets
[2026-05-08 17:19:38.218] [CrestCutThroughEveryone] patched cut-through hooks (gated on EnableCutThroughEveryone master toggle)
[2026-05-08 17:19:38.222] [CrestPlayerInvincibleDamageClamp] patched Mission.RegisterBlow (damage clamp for player hero)
[2026-05-08 17:19:38.255] [CrestCampaignTweaks] FasterShips bound: TaleWorlds.CampaignSystem.Party.MobileParty.CalculateSpeed (postfix)
[2026-05-08 17:19:38.279] [CrestCampaignTweaks] AchievementsWithMods bound: SandBox.CampaignBehaviors.DumpIntegrityCampaignBehavior.IsGameIntegrityAchieved (postfix)
[2026-05-08 17:19:38.305] [CrestCampaignTweaks] AchievementsDeactivateBlock bound: StoryMode.GameComponents.CampaignBehaviors.AchievementsCampaignBehavior.DeactivateAchievements (prefix)
[2026-05-08 17:19:38.332] [CrestCampaignTweaks] RTSCameraNavalShim bound: RTSCamera.Patch.Naval.Patch_AgentNavalComponent.Prefix_OnTick (prefix)
[2026-05-08 17:19:38.350] [CrestCampaignTweaks] PreventClanDeath bound: TaleWorlds.CampaignSystem.CampaignBehaviors.AgingCampaignBehavior.IsItTimeOfDeath (prefix)
[2026-05-08 17:19:38.358] [CrestCampaignTweaks] PlayerNoFlinch bound: TaleWorlds.MountAndBlade.Mission.RegisterBlow (prefix)
[2026-05-08 17:19:38.375] [CrestCampaignTweaks] NoExecutionPenalty bound: TaleWorlds.CampaignSystem.CampaignBehaviors.CharacterRelationCampaignBehavior.OnHeroKilled (prefix)
[2026-05-08 17:19:38.390] [CrestCampaignTweaks] ClanTournamentExclusion bound: TaleWorlds.CampaignSystem.TournamentGames.FightTournamentGame.CanBeAParticipant (prefix)
[2026-05-08 17:19:38.405] [CrestCampaignTweaks] ClanPartySpeedBonus bound: TaleWorlds.CampaignSystem.Party.MobileParty.CalculateSpeed (postfix)
[2026-05-08 17:19:38.423] [CrestCampaignTweaks] StopPrisonerEscape (daily) bound: TaleWorlds.CampaignSystem.CampaignBehaviors.PrisonerReleaseCampaignBehavior.DailyHeroTick (prefix)
[2026-05-08 17:19:38.439] [CrestCampaignTweaks] StopPrisonerEscape (hourly) bound: TaleWorlds.CampaignSystem.CampaignBehaviors.PrisonerReleaseCampaignBehavior.HourlyPartyTick (prefix)
[2026-05-08 17:19:38.457] [CrestCampaignTweaks] LootCapturedHeroes bound: TaleWorlds.CampaignSystem.MapEvents.MapEvent.LootDefeatedPartyPrisoners (postfix)
[2026-05-08 17:19:38.474] [CrestCampaignTweaks] NoArrowsStuck bound: TaleWorlds.MountAndBlade.Mission.HandleMissileCollisionReaction (postfix)
[2026-05-08 17:19:38.488] [CrestCampaignTweaks] MarriageStaysInClan bound: TaleWorlds.CampaignSystem.GameComponents.DefaultMarriageModel.GetClanAfterMarriage (postfix)
[2026-05-08 17:19:38.504] [CrestCampaignTweaks] PregnancyChanceUncapped bound: TaleWorlds.CampaignSystem.GameComponents.DefaultPregnancyModel.GetDailyChanceOfPregnancyForHero (postfix)
[2026-05-08 17:19:38.518] [CrestCampaignTweaks] UnlockAllSmithingRecipes bound: TaleWorlds.CampaignSystem.CampaignBehaviors.CraftingCampaignBehavior.IsOpened (postfix)
[2026-05-08 17:19:38.534] [CrestCampaignTweaks] LifelongLearning bound: TaleWorlds.CampaignSystem.GameComponents.DefaultCharacterDevelopmentModel.CalculateLearningRate (postfix)
[2026-05-08 17:19:38.547] [CrestCampaignTweaks] TavernCompanions.DailyTick bound: TaleWorlds.CampaignSystem.CampaignBehaviors.CompanionsCampaignBehavior.DailyTick (postfix)
[2026-05-08 17:19:38.561] [CrestCampaignTweaks] TavernCompanions.DesiredCount bound: TaleWorlds.CampaignSystem.CampaignBehaviors.CompanionsCampaignBehavior.get__desiredTotalCompanionCount (postfix)
[2026-05-08 17:19:38.561] [CrestCampaignTweaks] patched campaign tweaks (legacy EnableCampaignTweaks group)
[2026-05-08 17:19:38.591] [CrestBattleSize] patched (always-on; preset count=7, agent cap=2040)
[2026-05-08 17:19:38.618] [CrestTierUnlocker] patched tier caps (gated on EnableTierUnlocker)
[2026-05-08 17:20:00.120] [CrestCampaignTweaks] AchievementsWithMods: blocked DeactivateAchievements call
[2026-05-08 17:21:01.126] [CrestBattleConvergenceDialogueBehavior] registered rescue-thanks dialogue lines
[2026-05-08 17:21:01.126] [SubModule] Y.12d-feature#128: registered Battle Convergence rescue dialogue behavior
[2026-05-08 17:21:12.874] [CrestCompanionHotswap] added swap + select behaviors to mission
[2026-05-08 17:21:12.876] [CrestBattleConvergence] added convergence behavior to mission
[2026-05-08 17:21:12.891] [CrestBattleConvergenceLogic] flat radius (slider mode): 100
[2026-05-08 17:21:12.946] [CrestBattleConvergenceLogic] Y.12d AfterStart: reinforce=True debug=False radius=100 maxPerSide=6 timerset=1000 playerSide=Attacker isPlayerDefender=False missionAgentSpawnLogic=null
[2026-05-08 17:21:22.478] [CrestBattleConvergenceLogic] Y.30: ensured 2 ally pools (6 formations, indices 10..15)
[2026-05-08 17:21:22.485] [CrestBattleConvergenceLogic] Cinema-fix-C symmetric radius: bothSidesRadius=300 (mult x3.0) â€” distance-filtered 12
[2026-05-08 17:21:22.485] [CrestBattleConvergenceLogic] Y.12d-fix23 stagger: initial=45s cadence=5s -> first lord at +45s, last (idx 24) at +165s
[2026-05-08 17:21:22.485] [CrestBattleConvergenceLogic] Y.12d Stage1: defenderSpawnPositions=3 attackerSpawnPositions=3 partiesSeen=1489 eligibleCandidates=25 neutralRej=53
[2026-05-08 17:21:22.492] [CrestBattleConvergenceLogic] OnMissionTick first call after Stage1: candidates=25
[2026-05-08 17:21:24.093] [CrestBattleConvergenceLogic] tick-status: now=13.5 pending=25 elapsed=0 closestRemaining=40.0s collectDef=0 collectAtt=0 reservedDef=0 reservedAtt=0
[2026-05-08 17:21:25.760] [CrestBattleConvergenceLogic] tick-status: now=18.5 pending=25 elapsed=0 closestRemaining=35.0s collectDef=0 collectAtt=0 reservedDef=0 reservedAtt=0
[2026-05-08 17:21:27.438] [CrestBattleConvergenceLogic] tick-status: now=23.6 pending=25 elapsed=0 closestRemaining=30.0s collectDef=0 collectAtt=0 reservedDef=0 reservedAtt=0
[2026-05-08 17:21:29.979] [CrestBattleConvergenceLogic] tick-status: now=28.6 pending=25 elapsed=0 closestRemaining=25.0s collectDef=0 collectAtt=0 reservedDef=0 reservedAtt=0
[2026-05-08 17:21:31.651] [CrestBattleConvergenceLogic] tick-status: now=33.6 pending=25 elapsed=0 closestRemaining=19.9s collectDef=0 collectAtt=0 reservedDef=0 reservedAtt=0
[2026-05-08 17:21:33.320] [CrestBattleConvergenceLogic] tick-status: now=38.6 pending=25 elapsed=0 closestRemaining=14.9s collectDef=0 collectAtt=0 reservedDef=0 reservedAtt=0
[2026-05-08 17:21:34.997] [CrestBattleConvergenceLogic] tick-status: now=43.6 pending=25 elapsed=0 closestRemaining=9.9s collectDef=0 collectAtt=0 reservedDef=0 reservedAtt=0
[2026-05-08 17:21:36.666] [CrestBattleConvergenceLogic] tick-status: now=48.6 pending=25 elapsed=0 closestRemaining=4.9s collectDef=0 collectAtt=0 reservedDef=0 reservedAtt=0
[2026-05-08 17:21:38.329] [CrestBattleConvergenceLogic] queued Servic's Party (Vlandia) team=1 side=Defender dist=7.3 active=1/5
[2026-05-08 17:21:38.337] [CrestBattleConvergenceLogic] tick-status: now=53.6 pending=24 elapsed=0 closestRemaining=4.9s collectDef=1 collectAtt=0 reservedDef=0 reservedAtt=0
[2026-05-08 17:21:38.426] [CrestBattleConvergenceLogic] registered Servic's Party on Defender: 127 agents queued (queue size now 127)
[2026-05-08 17:21:39.970] [CrestBattleConvergenceLogic] queued Adaltrud's Party (Vlandia) team=1 side=Defender dist=43.2 active=2/5
[2026-05-08 17:21:40.020] [CrestBattleConvergenceLogic] tick-status: now=58.7 pending=23 elapsed=0 closestRemaining=4.8s collectDef=1 collectAtt=0 reservedDef=67 reservedAtt=0
[2026-05-08 17:21:40.446] [CrestBattleConvergenceLogic] registered Adaltrud's Party on Defender: 72 agents queued (queue size now 139)
[2026-05-08 17:21:41.641] [CrestBattleConvergenceLogic] queued Ecarand's Party (Vlandia) team=1 side=Defender dist=57.4 active=3/5
[2026-05-08 17:21:41.692] [CrestBattleConvergenceLogic] tick-status: now=63.7 pending=22 elapsed=0 closestRemaining=4.8s collectDef=1 collectAtt=0 reservedDef=79 reservedAtt=0
[2026-05-08 17:21:42.463] [CrestBattleConvergenceLogic] registered Ecarand's Party on Defender: 74 agents queued (queue size now 153)
[2026-05-08 17:21:44.451] [CrestBattleConvergenceLogic] queued Furnhard's Party (Vlandia) team=1 side=Defender dist=70.9 active=4/5
[2026-05-08 17:21:44.633] [CrestBattleConvergenceLogic] tick-status: now=68.7 pending=21 elapsed=0 closestRemaining=4.8s collectDef=1 collectAtt=0 reservedDef=123 reservedAtt=0
[2026-05-08 17:21:44.938] [CrestBattleConvergenceLogic] registered Furnhard's Party on Defender: 53 agents queued (queue size now 176)
[2026-05-08 17:21:49.447] [CrestBattleConvergenceLogic] queued Belgir's Party (Vlandia) team=1 side=Defender dist=111.5 active=5/5
[2026-05-08 17:21:49.639] [CrestBattleConvergenceLogic] tick-status: now=73.7 pending=20 elapsed=0 closestRemaining=4.8s collectDef=1 collectAtt=0 reservedDef=116 reservedAtt=0
[2026-05-08 17:21:50.961] [CrestBattleConvergenceLogic] registered Belgir's Party on Defender: 135 agents queued (queue size now 251)
[2026-05-08 17:21:54.446] [CrestBattleConvergenceLogic]   cap reached on Defender (5/5); Hecard's Party added to waiting list (size 1)
[2026-05-08 17:21:54.646] [CrestBattleConvergenceLogic] tick-status: now=78.7 pending=19 elapsed=0 closestRemaining=4.8s collectDef=0 collectAtt=0 reservedDef=191 reservedAtt=0
[2026-05-08 17:21:59.447] [CrestBattleConvergenceLogic]   cap reached on Defender (5/5); Richelda's Party added to waiting list (size 2)
[2026-05-08 17:21:59.652] [CrestBattleConvergenceLogic] tick-status: now=83.7 pending=18 elapsed=0 closestRemaining=4.8s collectDef=0 collectAtt=0 reservedDef=161 reservedAtt=0
[2026-05-08 17:22:04.452] [CrestBattleConvergenceLogic]   cap reached on Defender (5/5); Vartin's Party added to waiting list (size 3)
[2026-05-08 17:22:04.653] [CrestBattleConvergenceLogic] tick-status: now=88.7 pending=17 elapsed=0 closestRemaining=4.8s collectDef=0 collectAtt=0 reservedDef=101 reservedAtt=0
[2026-05-08 17:22:09.456] [CrestBattleConvergenceLogic]   cap reached on Defender (5/5); Romund's Party added to waiting list (size 4)
[2026-05-08 17:22:09.659] [CrestBattleConvergenceLogic] tick-status: now=93.7 pending=16 elapsed=0 closestRemaining=4.8s collectDef=0 collectAtt=0 reservedDef=41 reservedAtt=0
[2026-05-08 17:22:13.181] [CrestBattleConvergenceLogic]   cap reached on Defender (5/5); Derthert's Party added to waiting list (size 5)
[2026-05-08 17:22:13.249] [CrestBattleConvergenceLogic] tick-status: now=98.7 pending=15 elapsed=0 closestRemaining=4.8s collectDef=0 collectAtt=0 reservedDef=11 reservedAtt=0
[2026-05-08 17:22:14.852] [CrestBattleConvergenceLogic]   cap reached on Defender (5/5); Morcon's Party added to waiting list (size 6)
[2026-05-08 17:22:14.935] [CrestBattleConvergenceLogic] tick-status: now=103.8 pending=14 elapsed=0 closestRemaining=4.7s collectDef=0 collectAtt=0 reservedDef=0 reservedAtt=0
[2026-05-08 17:22:16.518] [CrestBattleConvergenceLogic] queued Asgotha's Party (Nord) team=0 side=Attacker dist=146.7 active=1/5
[2026-05-08 17:22:16.606] [CrestBattleConvergenceLogic] tick-status: now=108.8 pending=13 elapsed=0 closestRemaining=4.7s collectDef=0 collectAtt=1 reservedDef=0 reservedAtt=0
[2026-05-08 17:22:17.396] [CrestBattleConvergenceLogic] registered Asgotha's Party on Attacker: 171 agents queued (queue size now 171)
[2026-05-08 17:22:17.404] [CrestBattleConvergenceLogic] Y.30B: pool tier=2 delta=-426 variant=ShieldWall
[2026-05-08 17:22:17.404] [CrestBattleConvergenceLogic] Y.30: pool[0] lead=Asgotha's Party tactics=176 (first); LordCount=1
[2026-05-08 17:22:18.184] [CrestBattleConvergenceLogic]   cap reached on Defender (5/5); Unthery's Party added to waiting list (size 7)
[2026-05-08 17:22:18.276] [CrestBattleConvergenceLogic] tick-status: now=113.8 pending=12 elapsed=0 closestRemaining=4.7s collectDef=0 collectAtt=0 reservedDef=0 reservedAtt=141
[2026-05-08 17:22:19.855] [CrestBattleConvergenceLogic]   cap reached on Defender (5/5); Arthamund's Party added to waiting list (size 8)
[2026-05-08 17:22:19.943] [CrestBattleConvergenceLogic] tick-status: now=118.8 pending=11 elapsed=0 closestRemaining=4.7s collectDef=0 collectAtt=0 reservedDef=0 reservedAtt=81
[2026-05-08 17:22:21.546] [CrestBattleConvergenceLogic]   cap reached on Defender (5/5); Calatild's Party added to waiting list (size 9)
[2026-05-08 17:22:21.635] [CrestBattleConvergenceLogic] tick-status: now=123.8 pending=10 elapsed=0 closestRemaining=4.7s collectDef=0 collectAtt=0 reservedDef=0 reservedAtt=21
[2026-05-08 17:22:23.202] [CrestBattleConvergenceLogic]   cap reached on Defender (5/5); Ospir's Party added to waiting list (size 10)
[2026-05-08 17:22:23.304] [CrestBattleConvergenceLogic] tick-status: now=128.8 pending=9 elapsed=0 closestRemaining=4.7s collectDef=0 collectAtt=0 reservedDef=0 reservedAtt=0
[2026-05-08 17:22:24.867] [CrestBattleConvergenceLogic]   cap reached on Defender (5/5); Berican's Party added to waiting list (size 11)
[2026-05-08 17:22:24.973] [CrestBattleConvergenceLogic] tick-status: now=133.8 pending=8 elapsed=0 closestRemaining=4.7s collectDef=0 collectAtt=0 reservedDef=0 reservedAtt=0
[2026-05-08 17:22:28.596] [CrestBattleConvergenceLogic]   cap reached on Defender (5/5); Ingalther's Party added to waiting list (size 12)
[2026-05-08 17:22:28.915] [CrestBattleConvergenceLogic] tick-status: now=138.8 pending=7 elapsed=0 closestRemaining=4.7s collectDef=0 collectAtt=0 reservedDef=0 reservedAtt=0
[2026-05-08 17:22:33.600] [CrestBattleConvergenceLogic]   cap reached on Defender (5/5); Amalgun's Party added to waiting list (size 13)
[2026-05-08 17:22:33.919] [CrestBattleConvergenceLogic] tick-status: now=143.8 pending=6 elapsed=0 closestRemaining=4.7s collectDef=0 collectAtt=0 reservedDef=0 reservedAtt=0
[2026-05-08 17:22:38.599] [CrestBattleConvergenceLogic] queued Apolanea's Party (Sturgia) team=0 side=Attacker dist=222.7 active=2/5
[2026-05-08 17:22:38.925] [CrestBattleConvergenceLogic] tick-status: now=148.9 pending=5 elapsed=0 closestRemaining=4.7s collectDef=0 collectAtt=1 reservedDef=0 reservedAtt=0
[2026-05-08 17:22:40.476] [CrestBattleConvergenceLogic] registered Apolanea's Party on Attacker: 107 agents queued (queue size now 107)
[2026-05-08 17:22:40.476] [CrestBattleConvergenceLogic] Y.30: pool[0] joined by Apolanea's Party (tactics=176); pool lead unchanged (176)
[2026-05-08 17:22:43.593] [CrestBattleConvergenceLogic] queued Raganvad's Party (Sturgia) team=0 side=Attacker dist=222.7 active=3/5
[2026-05-08 17:22:43.932] [CrestBattleConvergenceLogic] tick-status: now=153.9 pending=4 elapsed=0 closestRemaining=4.7s collectDef=0 collectAtt=1 reservedDef=0 reservedAtt=47
[2026-05-08 17:22:46.268] [CrestBattleConvergenceLogic] Y.30B: pool tier=2 delta=-178 variant=ShieldWall
[2026-05-08 17:22:46.502] [CrestBattleConvergenceLogic] registered Raganvad's Party on Attacker: 251 agents queued (queue size now 298)
[2026-05-08 17:22:48.954] [CrestBattleConvergenceLogic] tick-status: now=158.9 pending=3 elapsed=0 closestRemaining=4.6s collectDef=0 collectAtt=0 reservedDef=0 reservedAtt=268
[2026-05-08 17:22:49.577] [CrestBattleConvergenceLogic] Y.30B: pool tier=3 delta=-127 variant=ShieldWall
[2026-05-08 17:22:49.577] [CrestBattleConvergenceLogic] Y.30: pool[0] lead=Raganvad's Party tactics=227 (escalated); LordCount=3
[2026-05-08 17:22:53.979] [CrestBattleConvergenceLogic] tick-status: now=163.9 pending=2 elapsed=0 closestRemaining=4.6s collectDef=0 collectAtt=0 reservedDef=0 reservedAtt=208
[2026-05-08 17:22:58.629] [CrestBattleConvergenceLogic] queued Vyldur's Party (Sturgia) team=0 side=Attacker dist=223.5 active=4/5
[2026-05-08 17:22:58.982] [CrestBattleConvergenceLogic] tick-status: now=168.9 pending=1 elapsed=0 closestRemaining=4.6s collectDef=0 collectAtt=1 reservedDef=0 reservedAtt=148
[2026-05-08 17:23:01.561] [CrestBattleConvergenceLogic] registered Vyldur's Party on Attacker: 112 agents queued (queue size now 260)
[2026-05-08 17:23:03.632] [CrestBattleConvergenceLogic] queued Gautgar's Party (Nord) team=0 side=Attacker dist=292.2 active=5/5
[2026-05-08 17:23:03.987] [CrestBattleConvergenceLogic] tick-status: now=173.9 pending=0 elapsed=0 closestRemaining=n/a collectDef=0 collectAtt=1 reservedDef=0 reservedAtt=230
[2026-05-08 17:23:04.551] [CrestBattleConvergenceLogic] Y.30B: pool tier=3 delta=17 variant=Standard
[2026-05-08 17:23:04.563] [CrestBattleConvergenceLogic] registered Gautgar's Party on Attacker: 157 agents queued (queue size now 387)
[2026-05-08 17:23:09.002] [CrestBattleConvergenceLogic] tick-status: now=178.9 pending=0 elapsed=0 closestRemaining=n/a collectDef=0 collectAtt=0 reservedDef=0 reservedAtt=327
[2026-05-08 17:23:13.629] [CrestBattleConvergenceLogic] Y.30B: pool tier=2 delta=147 variant=Standard
[2026-05-08 17:23:13.629] [CrestBattleConvergenceLogic] Y.30: pool[1] lead=Vyldur's Party tactics=149 (first); LordCount=1
[2026-05-08 17:23:14.008] [CrestBattleConvergenceLogic] tick-status: now=183.9 pending=0 elapsed=0 closestRemaining=n/a collectDef=0 collectAtt=0 reservedDef=0 reservedAtt=267
[2026-05-08 17:23:19.008] [CrestBattleConvergenceLogic] tick-status: now=188.9 pending=0 elapsed=0 closestRemaining=n/a collectDef=0 collectAtt=0 reservedDef=0 reservedAtt=237
[2026-05-08 17:23:19.568] [CrestBattleConvergenceLogic] Y.30B: pool tier=3 delta=188 variant=Standard
[2026-05-08 17:23:24.019] [CrestBattleConvergenceLogic] tick-status: now=193.9 pending=0 elapsed=0 closestRemaining=n/a collectDef=0 collectAtt=0 reservedDef=0 reservedAtt=177
[2026-05-08 17:23:25.646] [CrestBattleConvergenceLogic] Y.30B: pool tier=2 delta=282 variant=Standard
[2026-05-08 17:23:25.646] [CrestBattleConvergenceLogic] Y.30: pool[1] lead=Gautgar's Party tactics=157 (escalated); LordCount=2
[2026-05-08 17:23:29.024] [CrestBattleConvergenceLogic] tick-status: now=198.9 pending=0 elapsed=0 closestRemaining=n/a collectDef=0 collectAtt=0 reservedDef=0 reservedAtt=117
[2026-05-08 17:23:34.028] [CrestBattleConvergenceLogic] tick-status: now=203.9 pending=0 elapsed=0 closestRemaining=n/a collectDef=0 collectAtt=0 reservedDef=0 reservedAtt=87
[2026-05-08 17:23:39.029] [CrestBattleConvergenceLogic] tick-status: now=208.9 pending=0 elapsed=0 closestRemaining=n/a collectDef=0 collectAtt=0 reservedDef=0 reservedAtt=27
[2026-05-08 17:24:22.265] [CrestBattleConvergenceLogic] party eliminated: Asgotha's Party (Nord); defActive=5 attActive=4
[2026-05-08 17:26:31.288] [CrestBattleConvergenceLogic] party eliminated: Adaltrud's Party (Vlandia); defActive=4 attActive=4
[2026-05-08 17:26:31.689] [CrestBattleConvergenceLogic] party eliminated: Ecarand's Party (Vlandia); defActive=3 attActive=4
[2026-05-08 17:26:34.718] [CrestBattleConvergenceLogic] party eliminated: Furnhard's Party (Vlandia); defActive=2 attActive=4
[2026-05-08 17:26:46.169] [CrestBattleConvergenceLogic] Y.29: detached 0 joiner parties from mapEvent (23 failed)
[2026-05-08 17:26:46.169] [CrestBattleConvergenceLogic] Y.12d: OnEndMission cleanup done
[2026-05-08 19:08:04.072] [CrestUnblock] processed 265 files in 14ms
[2026-05-08 19:08:04.083] [CrestQuickStart] patched VideoPlaybackState.OnVideoStarted
[2026-05-08 19:08:04.090] [CrestMessageStyle] patched TaleWorlds.Library.InformationManager.DisplayMessage(InformationMessage)
[2026-05-08 19:08:04.090] [CrestFasterTime] registered (master toggle gates per-tick work)
[2026-05-08 19:08:05.978] [CrestMessageStyle] first DisplayMessage probe -- Mission.Current=null, Campaign.Current=null (Game.Current=null, informational only)
[2026-05-08 19:08:10.673] [CrestPatchSelfTest] GetAllPatchedMethods returned 358 methods
[2026-05-08 19:08:10.688] [CrestPatchSelfTest] OK   UIExtenderEx.WidgetPrefab.LoadFrom (transpiler) — bound by Bannerlord.UIExtenderEx.Patches.WidgetPrefabPatch.WidgetPrefab_LoadFrom_Transpiler on LoadFrom
[2026-05-08 19:08:10.695] [CrestPatchSelfTest] HARD ButterLib.Module.SetInitialModuleScreenAsRootScreen (transpiler) — target method patched, but no patch from Bannerlord.ButterLib.Implementation.MBSubModuleBaseExtended.Patches.ModulePatch (owners: [MCM.UI.Adapter.MCMv5]; declaring types: [MCM.UI.MCMUIAdapterSubModule])
[2026-05-08 19:08:10.696] [CrestPatchSelfTest] HARD ButterLib.Module.FinalizeSubModules (postfix) — no patch found on TaleWorlds.MountAndBlade.Module.FinalizeSubModules (other patched methods on this type: LoadSubModules, InitializeSubModuleBases, ProcessApplicationArguments, SetInitialModuleScreenAsRootScreen)
[2026-05-08 19:08:10.697] [CrestPatchSelfTest] HARD BEW.Managed.ApplicationTick (finalizer) — no patch found on TaleWorlds.DotNet.Managed.ApplicationTick (no methods on this type are patched at all)
[2026-05-08 19:08:10.700] [CrestPatchSelfTest] HARD BEW.Module.OnApplicationTick (finalizer) — no patch found on TaleWorlds.MountAndBlade.Module.OnApplicationTick (other patched methods on this type: LoadSubModules, InitializeSubModuleBases, ProcessApplicationArguments, SetInitialModuleScreenAsRootScreen)
[2026-05-08 19:08:10.705] [CrestPatchSelfTest] HARD BEW.ScreenManager.Tick (finalizer) — no patch found on TaleWorlds.ScreenSystem.ScreenManager.Tick (no methods on this type are patched at all)
[2026-05-08 19:08:10.706] [CrestPatchSelfTest] HARD BEW.ManagedScriptHolder.TickComponents (finalizer) — no patch found on TaleWorlds.Engine.ManagedScriptHolder.TickComponents (no methods on this type are patched at all)
[2026-05-08 19:08:10.707] [CrestPatchSelfTest] HARD BEW.Mission.Tick (finalizer) — no patch found on TaleWorlds.MountAndBlade.Mission.Tick (other patched methods on this type: UpdateSceneTimeSpeed, OnTeamDeployed, OnDeploymentFinished, CanTakeControlOfAgent)
[2026-05-08 19:08:10.712] [CrestPatchSelfTest] SOFT UIExtenderEx.GauntletMovie.Load (conditional prefix) — no patch found on TaleWorlds.GauntletUI.Data.GauntletMovie.Load (other patched methods on this type: LoadMovie)
[2026-05-08 19:08:10.721] [CrestPatchSelfTest] OK   UIExtenderEx.WidgetFactory.GetCustomType (prefix) — bound by Bannerlord.UIExtenderEx.ResourceManager.WidgetFactoryManager.GetCustomTypePrefix on GetCustomType
[2026-05-08 19:08:10.722] [CrestPatchSelfTest] OK   UIExtenderEx.WidgetFactory.CreateBuiltinWidget (prefix) — bound by Bannerlord.UIExtenderEx.ResourceManager.WidgetFactoryManager.CreateBuiltinWidgetPrefix on CreateBuiltinWidget
[2026-05-08 19:08:10.725] [CrestPatchSelfTest] OK   UIExtenderEx.WidgetFactory.GetWidgetTypes (postfix) — bound by Bannerlord.UIExtenderEx.ResourceManager.WidgetFactoryManager.GetWidgetTypesPostfix on GetWidgetTypes
[2026-05-08 19:08:10.731] [CrestPatchSelfTest] OK   UIExtenderEx.WidgetFactory.IsCustomType (prefix) — bound by Bannerlord.UIExtenderEx.ResourceManager.WidgetFactoryManager.IsCustomTypePrefix on IsCustomType
[2026-05-08 19:08:10.733] [CrestPatchSelfTest] OK   UIExtenderEx.WidgetTemplate.CreateWidgets (transpiler, soft) — bound by Bannerlord.UIExtenderEx.ResourceManager.WidgetFactoryManager.BlankTranspiler on CreateWidgets
[2026-05-08 19:08:10.739] [CrestPatchSelfTest] OK   UIExtenderEx.GauntletMovie.LoadMovie (transpiler, soft) — bound by Bannerlord.UIExtenderEx.ResourceManager.WidgetFactoryManager.BlankTranspiler on LoadMovie
[2026-05-08 19:08:10.739] [CrestPatchSelfTest] summary: 7 bound, 7 hard miss, 1 soft miss (of 15 total)
[2026-05-08 19:08:10.749] [CrestCampaignLogFilter] patched CampaignInformationManager.NewLogEntryAdded — 39 classified entry types across 6 buckets
[2026-05-08 19:08:10.751] [CrestCutThroughEveryone] master toggle OFF at startup -- not binding patches (toggle on + restart to enable)
[2026-05-08 19:08:10.755] [CrestPlayerInvincibleDamageClamp] patched Mission.RegisterBlow (damage clamp for player hero)
[2026-05-08 19:08:10.789] [CrestCampaignTweaks] FasterShips bound: TaleWorlds.CampaignSystem.Party.MobileParty.CalculateSpeed (postfix)
[2026-05-08 19:08:10.811] [CrestCampaignTweaks] AchievementsWithMods bound: SandBox.CampaignBehaviors.DumpIntegrityCampaignBehavior.IsGameIntegrityAchieved (postfix)
[2026-05-08 19:08:10.837] [CrestCampaignTweaks] AchievementsDeactivateBlock bound: StoryMode.GameComponents.CampaignBehaviors.AchievementsCampaignBehavior.DeactivateAchievements (prefix)
[2026-05-08 19:08:10.863] [CrestCampaignTweaks] RTSCameraNavalShim bound: RTSCamera.Patch.Naval.Patch_AgentNavalComponent.Prefix_OnTick (prefix)
[2026-05-08 19:08:10.863] [CrestCampaignTweaks] EnableCampaignTweaks OFF -- legacy tweaks not bound (standalone features still active)
[2026-05-08 19:08:10.894] [CrestBattleSize] patched (always-on; preset count=7, agent cap=2040)
[2026-05-08 19:08:10.895] [CrestTierUnlocker] master toggle OFF -- not binding tier-cap patches
[2026-05-08 19:08:23.282] [CrestFasterTime] API resolved: Campaign.SpeedUpMultiplier=ok, SetTimeSpeed(int)=ok, Input.IsKeyPressed=ok
[2026-05-08 19:08:39.839] [CrestUnblock] processed 265 files in 19ms
[2026-05-08 19:08:39.850] [CrestQuickStart] patched VideoPlaybackState.OnVideoStarted
[2026-05-08 19:08:39.859] [CrestMessageStyle] patched TaleWorlds.Library.InformationManager.DisplayMessage(InformationMessage)
[2026-05-08 19:08:39.859] [CrestFasterTime] registered (master toggle gates per-tick work)
[2026-05-08 19:08:41.792] [CrestMessageStyle] first DisplayMessage probe -- Mission.Current=null, Campaign.Current=null (Game.Current=null, informational only)
[2026-05-08 19:08:42.841] [CrestFasterTime] API resolved: Campaign.SpeedUpMultiplier=ok, SetTimeSpeed(int)=ok, Input.IsKeyPressed=ok
[2026-05-08 19:08:46.363] [CrestPatchSelfTest] GetAllPatchedMethods returned 358 methods
[2026-05-08 19:08:46.381] [CrestPatchSelfTest] OK   UIExtenderEx.WidgetPrefab.LoadFrom (transpiler) — bound by Bannerlord.UIExtenderEx.Patches.WidgetPrefabPatch.WidgetPrefab_LoadFrom_Transpiler on LoadFrom
[2026-05-08 19:08:46.388] [CrestPatchSelfTest] HARD ButterLib.Module.SetInitialModuleScreenAsRootScreen (transpiler) — target method patched, but no patch from Bannerlord.ButterLib.Implementation.MBSubModuleBaseExtended.Patches.ModulePatch (owners: [MCM.UI.Adapter.MCMv5]; declaring types: [MCM.UI.MCMUIAdapterSubModule])
[2026-05-08 19:08:46.388] [CrestPatchSelfTest] HARD ButterLib.Module.FinalizeSubModules (postfix) — no patch found on TaleWorlds.MountAndBlade.Module.FinalizeSubModules (other patched methods on this type: LoadSubModules, InitializeSubModuleBases, ProcessApplicationArguments, SetInitialModuleScreenAsRootScreen)
[2026-05-08 19:08:46.390] [CrestPatchSelfTest] HARD BEW.Managed.ApplicationTick (finalizer) — no patch found on TaleWorlds.DotNet.Managed.ApplicationTick (no methods on this type are patched at all)
[2026-05-08 19:08:46.390] [CrestPatchSelfTest] HARD BEW.Module.OnApplicationTick (finalizer) — no patch found on TaleWorlds.MountAndBlade.Module.OnApplicationTick (other patched methods on this type: LoadSubModules, InitializeSubModuleBases, ProcessApplicationArguments, SetInitialModuleScreenAsRootScreen)
[2026-05-08 19:08:46.393] [CrestPatchSelfTest] HARD BEW.ScreenManager.Tick (finalizer) — no patch found on TaleWorlds.ScreenSystem.ScreenManager.Tick (no methods on this type are patched at all)
[2026-05-08 19:08:46.394] [CrestPatchSelfTest] HARD BEW.ManagedScriptHolder.TickComponents (finalizer) — no patch found on TaleWorlds.Engine.ManagedScriptHolder.TickComponents (no methods on this type are patched at all)
[2026-05-08 19:08:46.400] [CrestPatchSelfTest] HARD BEW.Mission.Tick (finalizer) — no patch found on TaleWorlds.MountAndBlade.Mission.Tick (other patched methods on this type: UpdateSceneTimeSpeed, OnTeamDeployed, OnDeploymentFinished, CanTakeControlOfAgent)
[2026-05-08 19:08:46.404] [CrestPatchSelfTest] SOFT UIExtenderEx.GauntletMovie.Load (conditional prefix) — no patch found on TaleWorlds.GauntletUI.Data.GauntletMovie.Load (other patched methods on this type: LoadMovie)
[2026-05-08 19:08:46.406] [CrestPatchSelfTest] OK   UIExtenderEx.WidgetFactory.GetCustomType (prefix) — bound by Bannerlord.UIExtenderEx.ResourceManager.WidgetFactoryManager.GetCustomTypePrefix on GetCustomType
[2026-05-08 19:08:46.412] [CrestPatchSelfTest] OK   UIExtenderEx.WidgetFactory.CreateBuiltinWidget (prefix) — bound by Bannerlord.UIExtenderEx.ResourceManager.WidgetFactoryManager.CreateBuiltinWidgetPrefix on CreateBuiltinWidget
[2026-05-08 19:08:46.416] [CrestPatchSelfTest] OK   UIExtenderEx.WidgetFactory.GetWidgetTypes (postfix) — bound by Bannerlord.UIExtenderEx.ResourceManager.WidgetFactoryManager.GetWidgetTypesPostfix on GetWidgetTypes
[2026-05-08 19:08:46.418] [CrestPatchSelfTest] OK   UIExtenderEx.WidgetFactory.IsCustomType (prefix) — bound by Bannerlord.UIExtenderEx.ResourceManager.WidgetFactoryManager.IsCustomTypePrefix on IsCustomType
[2026-05-08 19:08:46.426] [CrestPatchSelfTest] OK   UIExtenderEx.WidgetTemplate.CreateWidgets (transpiler, soft) — bound by Bannerlord.UIExtenderEx.ResourceManager.WidgetFactoryManager.BlankTranspiler on CreateWidgets
[2026-05-08 19:08:46.428] [CrestPatchSelfTest] OK   UIExtenderEx.GauntletMovie.LoadMovie (transpiler, soft) — bound by Bannerlord.UIExtenderEx.ResourceManager.WidgetFactoryManager.BlankTranspiler on LoadMovie
[2026-05-08 19:08:46.428] [CrestPatchSelfTest] summary: 7 bound, 7 hard miss, 1 soft miss (of 15 total)
[2026-05-08 19:08:46.438] [CrestCampaignLogFilter] patched CampaignInformationManager.NewLogEntryAdded — 39 classified entry types across 6 buckets
[2026-05-08 19:08:46.448] [CrestCutThroughEveryone] patched cut-through hooks (gated on EnableCutThroughEveryone master toggle)
[2026-05-08 19:08:46.451] [CrestPlayerInvincibleDamageClamp] patched Mission.RegisterBlow (damage clamp for player hero)
[2026-05-08 19:08:46.485] [CrestCampaignTweaks] FasterShips bound: TaleWorlds.CampaignSystem.Party.MobileParty.CalculateSpeed (postfix)
[2026-05-08 19:08:46.507] [CrestCampaignTweaks] AchievementsWithMods bound: SandBox.CampaignBehaviors.DumpIntegrityCampaignBehavior.IsGameIntegrityAchieved (postfix)
[2026-05-08 19:08:46.532] [CrestCampaignTweaks] AchievementsDeactivateBlock bound: StoryMode.GameComponents.CampaignBehaviors.AchievementsCampaignBehavior.DeactivateAchievements (prefix)
[2026-05-08 19:08:46.558] [CrestCampaignTweaks] RTSCameraNavalShim bound: RTSCamera.Patch.Naval.Patch_AgentNavalComponent.Prefix_OnTick (prefix)
[2026-05-08 19:08:46.576] [CrestCampaignTweaks] PreventClanDeath bound: TaleWorlds.CampaignSystem.CampaignBehaviors.AgingCampaignBehavior.IsItTimeOfDeath (prefix)
[2026-05-08 19:08:46.583] [CrestCampaignTweaks] PlayerNoFlinch bound: TaleWorlds.MountAndBlade.Mission.RegisterBlow (prefix)
[2026-05-08 19:08:46.596] [CrestCampaignTweaks] NoExecutionPenalty bound: TaleWorlds.CampaignSystem.CampaignBehaviors.CharacterRelationCampaignBehavior.OnHeroKilled (prefix)
[2026-05-08 19:08:46.610] [CrestCampaignTweaks] ClanTournamentExclusion bound: TaleWorlds.CampaignSystem.TournamentGames.FightTournamentGame.CanBeAParticipant (prefix)
[2026-05-08 19:08:46.626] [CrestCampaignTweaks] ClanPartySpeedBonus bound: TaleWorlds.CampaignSystem.Party.MobileParty.CalculateSpeed (postfix)
[2026-05-08 19:08:46.643] [CrestCampaignTweaks] StopPrisonerEscape (daily) bound: TaleWorlds.CampaignSystem.CampaignBehaviors.PrisonerReleaseCampaignBehavior.DailyHeroTick (prefix)
[2026-05-08 19:08:46.658] [CrestCampaignTweaks] StopPrisonerEscape (hourly) bound: TaleWorlds.CampaignSystem.CampaignBehaviors.PrisonerReleaseCampaignBehavior.HourlyPartyTick (prefix)
[2026-05-08 19:08:46.674] [CrestCampaignTweaks] LootCapturedHeroes bound: TaleWorlds.CampaignSystem.MapEvents.MapEvent.LootDefeatedPartyPrisoners (postfix)
[2026-05-08 19:08:46.689] [CrestCampaignTweaks] NoArrowsStuck bound: TaleWorlds.MountAndBlade.Mission.HandleMissileCollisionReaction (postfix)
[2026-05-08 19:08:46.703] [CrestCampaignTweaks] MarriageStaysInClan bound: TaleWorlds.CampaignSystem.GameComponents.DefaultMarriageModel.GetClanAfterMarriage (postfix)
[2026-05-08 19:08:46.718] [CrestCampaignTweaks] PregnancyChanceUncapped bound: TaleWorlds.CampaignSystem.GameComponents.DefaultPregnancyModel.GetDailyChanceOfPregnancyForHero (postfix)
[2026-05-08 19:08:46.732] [CrestCampaignTweaks] UnlockAllSmithingRecipes bound: TaleWorlds.CampaignSystem.CampaignBehaviors.CraftingCampaignBehavior.IsOpened (postfix)
[2026-05-08 19:08:46.746] [CrestCampaignTweaks] LifelongLearning bound: TaleWorlds.CampaignSystem.GameComponents.DefaultCharacterDevelopmentModel.CalculateLearningRate (postfix)
[2026-05-08 19:08:46.759] [CrestCampaignTweaks] TavernCompanions.DailyTick bound: TaleWorlds.CampaignSystem.CampaignBehaviors.CompanionsCampaignBehavior.DailyTick (postfix)
[2026-05-08 19:08:46.772] [CrestCampaignTweaks] TavernCompanions.DesiredCount bound: TaleWorlds.CampaignSystem.CampaignBehaviors.CompanionsCampaignBehavior.get__desiredTotalCompanionCount (postfix)
[2026-05-08 19:08:46.772] [CrestCampaignTweaks] patched campaign tweaks (legacy EnableCampaignTweaks group)
[2026-05-08 19:08:46.801] [CrestBattleSize] patched (always-on; preset count=7, agent cap=2040)
[2026-05-08 19:08:46.823] [CrestTierUnlocker] patched tier caps (gated on EnableTierUnlocker)
[2026-05-08 19:08:50.494] [CrestBattleConvergenceDialogueBehavior] registered rescue-thanks dialogue lines
[2026-05-08 19:08:50.494] [SubModule] Y.12d-feature#128: registered Battle Convergence rescue dialogue behavior
[2026-05-08 19:08:59.305] [CrestCampaignTweaks] AchievementsWithMods: blocked DeactivateAchievements call
[2026-05-08 19:09:03.244] [CrestCompanionHotswap] added swap + select behaviors to mission
[2026-05-08 19:09:03.246] [CrestBattleConvergence] added convergence behavior to mission
[2026-05-08 19:09:03.321] [CrestBattleConvergenceLogic] flat radius (slider mode): 100
[2026-05-08 19:09:03.380] [CrestBattleConvergenceLogic] Y.12d AfterStart: reinforce=True debug=False radius=100 maxPerSide=6 timerset=1000 playerSide=Attacker isPlayerDefender=False missionAgentSpawnLogic=null
[2026-05-08 19:09:12.385] [CrestBattleConvergenceLogic] Y.30: ensured 2 ally pools (6 formations, indices 10..15)
[2026-05-08 19:09:12.393] [CrestBattleConvergenceLogic] Cinema-fix-C symmetric radius: bothSidesRadius=300 (mult x3.0) â€” distance-filtered 12
[2026-05-08 19:09:12.393] [CrestBattleConvergenceLogic] Y.12d-fix23 stagger: initial=45s cadence=5s -> first lord at +45s, last (idx 24) at +165s
[2026-05-08 19:09:12.393] [CrestBattleConvergenceLogic] Y.12d Stage1: defenderSpawnPositions=3 attackerSpawnPositions=3 partiesSeen=1489 eligibleCandidates=25 neutralRej=53
[2026-05-08 19:09:12.420] [CrestBattleConvergenceLogic] OnMissionTick first call after Stage1: candidates=25
[2026-05-08 19:09:17.966] [CrestBattleConvergenceLogic] tick-status: now=12.4 pending=25 elapsed=0 closestRemaining=40.0s collectDef=0 collectAtt=0 reservedDef=0 reservedAtt=0
[2026-05-08 19:09:22.976] [CrestBattleConvergenceLogic] tick-status: now=17.4 pending=25 elapsed=0 closestRemaining=35.0s collectDef=0 collectAtt=0 reservedDef=0 reservedAtt=0
[2026-05-08 19:09:27.978] [CrestBattleConvergenceLogic] tick-status: now=22.4 pending=25 elapsed=0 closestRemaining=30.0s collectDef=0 collectAtt=0 reservedDef=0 reservedAtt=0
[2026-05-08 19:09:32.980] [CrestBattleConvergenceLogic] tick-status: now=27.4 pending=25 elapsed=0 closestRemaining=25.0s collectDef=0 collectAtt=0 reservedDef=0 reservedAtt=0
[2026-05-08 19:09:37.983] [CrestBattleConvergenceLogic] tick-status: now=32.4 pending=25 elapsed=0 closestRemaining=20.0s collectDef=0 collectAtt=0 reservedDef=0 reservedAtt=0
[2026-05-08 19:09:42.994] [CrestBattleConvergenceLogic] tick-status: now=37.4 pending=25 elapsed=0 closestRemaining=15.0s collectDef=0 collectAtt=0 reservedDef=0 reservedAtt=0
[2026-05-08 19:09:47.999] [CrestBattleConvergenceLogic] tick-status: now=42.4 pending=25 elapsed=0 closestRemaining=10.0s collectDef=0 collectAtt=0 reservedDef=0 reservedAtt=0
[2026-05-08 19:09:53.002] [CrestBattleConvergenceLogic] tick-status: now=47.4 pending=25 elapsed=0 closestRemaining=5.0s collectDef=0 collectAtt=0 reservedDef=0 reservedAtt=0
[2026-05-08 19:09:58.004] [CrestBattleConvergenceLogic] queued Servic's Party (Vlandia) team=1 side=Defender dist=7.3 active=1/5
[2026-05-08 19:09:58.006] [CrestBattleConvergenceLogic] tick-status: now=52.4 pending=24 elapsed=0 closestRemaining=5.0s collectDef=1 collectAtt=0 reservedDef=0 reservedAtt=0
[2026-05-08 19:09:58.111] [CrestBattleConvergenceLogic] registered Servic's Party on Defender: 127 agents queued (queue size now 127)
[2026-05-08 19:10:02.973] [CrestBattleConvergenceLogic] queued Adaltrud's Party (Vlandia) team=1 side=Defender dist=43.2 active=2/5
[2026-05-08 19:10:03.018] [CrestBattleConvergenceLogic] tick-status: now=57.4 pending=23 elapsed=0 closestRemaining=5.0s collectDef=1 collectAtt=0 reservedDef=67 reservedAtt=0
[2026-05-08 19:10:04.125] [CrestBattleConvergenceLogic] registered Adaltrud's Party on Defender: 72 agents queued (queue size now 139)
[2026-05-08 19:10:07.982] [CrestBattleConvergenceLogic] queued Ecarand's Party (Vlandia) team=1 side=Defender dist=57.4 active=3/5
[2026-05-08 19:10:08.028] [CrestBattleConvergenceLogic] tick-status: now=62.4 pending=22 elapsed=0 closestRemaining=4.9s collectDef=1 collectAtt=0 reservedDef=79 reservedAtt=0
[2026-05-08 19:10:10.150] [CrestBattleConvergenceLogic] registered Ecarand's Party on Defender: 74 agents queued (queue size now 153)
[2026-05-08 19:10:12.989] [CrestBattleConvergenceLogic] queued Furnhard's Party (Vlandia) team=1 side=Defender dist=70.9 active=4/5
[2026-05-08 19:10:13.031] [CrestBattleConvergenceLogic] tick-status: now=67.4 pending=21 elapsed=0 closestRemaining=4.9s collectDef=1 collectAtt=0 reservedDef=123 reservedAtt=0
[2026-05-08 19:10:13.156] [CrestBattleConvergenceLogic] registered Furnhard's Party on Defender: 53 agents queued (queue size now 176)
[2026-05-08 19:10:18.594] [CrestBattleConvergenceLogic] queued Belgir's Party (Vlandia) team=1 side=Defender dist=111.5 active=5/5
[2026-05-08 19:10:18.649] [CrestBattleConvergenceLogic] tick-status: now=72.4 pending=20 elapsed=0 closestRemaining=4.9s collectDef=1 collectAtt=0 reservedDef=116 reservedAtt=0
[2026-05-08 19:10:19.771] [CrestBattleConvergenceLogic] registered Belgir's Party on Defender: 135 agents queued (queue size now 251)
[2026-05-08 19:10:23.594] [CrestBattleConvergenceLogic]   cap reached on Defender (5/5); Hecard's Party added to waiting list (size 1)
[2026-05-08 19:10:23.656] [CrestBattleConvergenceLogic] tick-status: now=77.4 pending=19 elapsed=0 closestRemaining=4.9s collectDef=0 collectAtt=0 reservedDef=191 reservedAtt=0
[2026-05-08 19:10:28.600] [CrestBattleConvergenceLogic]   cap reached on Defender (5/5); Richelda's Party added to waiting list (size 2)
[2026-05-08 19:10:28.663] [CrestBattleConvergenceLogic] tick-status: now=82.4 pending=18 elapsed=0 closestRemaining=4.9s collectDef=0 collectAtt=0 reservedDef=161 reservedAtt=0
[2026-05-08 19:10:33.591] [CrestBattleConvergenceLogic]   cap reached on Defender (5/5); Vartin's Party added to waiting list (size 3)
[2026-05-08 19:10:33.666] [CrestBattleConvergenceLogic] tick-status: now=87.4 pending=17 elapsed=0 closestRemaining=4.9s collectDef=0 collectAtt=0 reservedDef=101 reservedAtt=0
[2026-05-08 19:10:42.952] [CrestBattleConvergenceLogic]   cap reached on Defender (5/5); Romund's Party added to waiting list (size 4)
[2026-05-08 19:10:43.240] [CrestBattleConvergenceLogic] tick-status: now=92.4 pending=16 elapsed=0 closestRemaining=4.9s collectDef=0 collectAtt=0 reservedDef=41 reservedAtt=0
[2026-05-08 19:10:48.578] [CrestBattleConvergenceLogic]   cap reached on Defender (5/5); Derthert's Party added to waiting list (size 5)
[2026-05-08 19:10:48.646] [CrestBattleConvergenceLogic] tick-status: now=97.4 pending=15 elapsed=0 closestRemaining=4.9s collectDef=0 collectAtt=0 reservedDef=11 reservedAtt=0
[2026-05-08 19:10:53.573] [CrestBattleConvergenceLogic]   cap reached on Defender (5/5); Morcon's Party added to waiting list (size 6)
[2026-05-08 19:10:53.649] [CrestBattleConvergenceLogic] tick-status: now=102.4 pending=14 elapsed=0 closestRemaining=4.9s collectDef=0 collectAtt=0 reservedDef=0 reservedAtt=0
[2026-05-08 19:10:58.577] [CrestBattleConvergenceLogic] queued Asgotha's Party (Nord) team=0 side=Attacker dist=146.7 active=1/5
[2026-05-08 19:10:58.661] [CrestBattleConvergenceLogic] tick-status: now=107.5 pending=13 elapsed=0 closestRemaining=4.9s collectDef=0 collectAtt=1 reservedDef=0 reservedAtt=0
[2026-05-08 19:11:00.811] [CrestBattleConvergenceLogic] registered Asgotha's Party on Attacker: 171 agents queued (queue size now 171)
[2026-05-08 19:11:00.820] [CrestBattleConvergenceLogic] Y.30B: pool tier=2 delta=-454 variant=ShieldWall
[2026-05-08 19:11:00.820] [CrestBattleConvergenceLogic] Y.30: pool[0] lead=Asgotha's Party tactics=176 (first); LordCount=1
[2026-05-08 19:11:03.587] [CrestBattleConvergenceLogic]   cap reached on Defender (5/5); Unthery's Party added to waiting list (size 7)
[2026-05-08 19:11:03.666] [CrestBattleConvergenceLogic] tick-status: now=112.5 pending=12 elapsed=0 closestRemaining=4.9s collectDef=0 collectAtt=0 reservedDef=0 reservedAtt=141
[2026-05-08 19:11:08.586] [CrestBattleConvergenceLogic]   cap reached on Defender (5/5); Arthamund's Party added to waiting list (size 8)
[2026-05-08 19:11:08.670] [CrestBattleConvergenceLogic] tick-status: now=117.5 pending=11 elapsed=0 closestRemaining=4.9s collectDef=0 collectAtt=0 reservedDef=0 reservedAtt=81
[2026-05-08 19:11:13.626] [CrestBattleConvergenceLogic]   cap reached on Defender (5/5); Calatild's Party added to waiting list (size 9)
[2026-05-08 19:11:13.709] [CrestBattleConvergenceLogic] tick-status: now=122.5 pending=10 elapsed=0 closestRemaining=4.9s collectDef=0 collectAtt=0 reservedDef=0 reservedAtt=21
[2026-05-08 19:11:18.621] [CrestBattleConvergenceLogic]   cap reached on Defender (5/5); Ospir's Party added to waiting list (size 10)
[2026-05-08 19:11:18.722] [CrestBattleConvergenceLogic] tick-status: now=127.5 pending=9 elapsed=0 closestRemaining=4.9s collectDef=0 collectAtt=0 reservedDef=0 reservedAtt=0
[2026-05-08 19:11:23.628] [CrestBattleConvergenceLogic]   cap reached on Defender (5/5); Berican's Party added to waiting list (size 11)
[2026-05-08 19:11:23.728] [CrestBattleConvergenceLogic] tick-status: now=132.5 pending=8 elapsed=0 closestRemaining=4.9s collectDef=0 collectAtt=0 reservedDef=0 reservedAtt=0
[2026-05-08 19:11:28.623] [CrestBattleConvergenceLogic]   cap reached on Defender (5/5); Ingalther's Party added to waiting list (size 12)
[2026-05-08 19:11:28.742] [CrestBattleConvergenceLogic] tick-status: now=137.5 pending=7 elapsed=0 closestRemaining=4.9s collectDef=0 collectAtt=0 reservedDef=0 reservedAtt=0
[2026-05-08 19:11:33.631] [CrestBattleConvergenceLogic]   cap reached on Defender (5/5); Amalgun's Party added to waiting list (size 13)
[2026-05-08 19:11:33.749] [CrestBattleConvergenceLogic] tick-status: now=142.5 pending=6 elapsed=0 closestRemaining=4.9s collectDef=0 collectAtt=0 reservedDef=0 reservedAtt=0
[2026-05-08 19:11:38.640] [CrestBattleConvergenceLogic] queued Apolanea's Party (Sturgia) team=0 side=Attacker dist=222.7 active=2/5
[2026-05-08 19:11:38.759] [CrestBattleConvergenceLogic] tick-status: now=147.5 pending=5 elapsed=0 closestRemaining=4.9s collectDef=0 collectAtt=1 reservedDef=0 reservedAtt=0
[2026-05-08 19:11:39.962] [CrestBattleConvergenceLogic] registered Apolanea's Party on Attacker: 107 agents queued (queue size now 107)
[2026-05-08 19:11:39.962] [CrestBattleConvergenceLogic] Y.30: pool[0] joined by Apolanea's Party (tactics=176); pool lead unchanged (176)
[2026-05-08 19:11:43.632] [CrestBattleConvergenceLogic] queued Raganvad's Party (Sturgia) team=0 side=Attacker dist=222.7 active=3/5
[2026-05-08 19:11:43.765] [CrestBattleConvergenceLogic] tick-status: now=152.5 pending=4 elapsed=0 closestRemaining=4.9s collectDef=0 collectAtt=1 reservedDef=0 reservedAtt=47
[2026-05-08 19:11:45.968] [CrestBattleConvergenceLogic] registered Raganvad's Party on Attacker: 251 agents queued (queue size now 298)
[2026-05-08 19:11:48.778] [CrestBattleConvergenceLogic] tick-status: now=157.5 pending=3 elapsed=0 closestRemaining=4.9s collectDef=0 collectAtt=0 reservedDef=0 reservedAtt=268
[2026-05-08 19:11:49.037] [CrestBattleConvergenceLogic] Y.30B: pool tier=3 delta=-166 variant=ShieldWall
[2026-05-08 19:11:49.037] [CrestBattleConvergenceLogic] Y.30: pool[0] lead=Raganvad's Party tactics=227 (escalated); LordCount=3
[2026-05-08 19:11:53.815] [CrestBattleConvergenceLogic] tick-status: now=162.5 pending=2 elapsed=0 closestRemaining=4.8s collectDef=0 collectAtt=0 reservedDef=0 reservedAtt=208
[2026-05-08 19:11:58.670] [CrestBattleConvergenceLogic] queued Vyldur's Party (Sturgia) team=0 side=Attacker dist=223.5 active=4/5
[2026-05-08 19:11:58.822] [CrestBattleConvergenceLogic] tick-status: now=167.5 pending=1 elapsed=0 closestRemaining=4.8s collectDef=0 collectAtt=1 reservedDef=0 reservedAtt=148
[2026-05-08 19:12:01.031] [CrestBattleConvergenceLogic] registered Vyldur's Party on Attacker: 112 agents queued (queue size now 260)
[2026-05-08 19:12:03.658] [CrestBattleConvergenceLogic] queued Gautgar's Party (Nord) team=0 side=Attacker dist=292.2 active=5/5
[2026-05-08 19:12:03.826] [CrestBattleConvergenceLogic] tick-status: now=172.5 pending=0 elapsed=0 closestRemaining=n/a collectDef=0 collectAtt=1 reservedDef=0 reservedAtt=230
[2026-05-08 19:12:04.022] [CrestBattleConvergenceLogic] Y.30B: pool tier=3 delta=-48 variant=Standard
[2026-05-08 19:12:04.033] [CrestBattleConvergenceLogic] registered Gautgar's Party on Attacker: 157 agents queued (queue size now 387)
[2026-05-08 19:12:08.837] [CrestBattleConvergenceLogic] tick-status: now=177.5 pending=0 elapsed=0 closestRemaining=n/a collectDef=0 collectAtt=0 reservedDef=0 reservedAtt=327
[2026-05-08 19:12:13.107] [CrestBattleConvergenceLogic] Y.30B: pool tier=2 delta=78 variant=Standard
[2026-05-08 19:12:13.107] [CrestBattleConvergenceLogic] Y.30: pool[1] lead=Vyldur's Party tactics=149 (first); LordCount=1
[2026-05-08 19:27:47.162] [CrestUnblock] processed 265 files in 13ms
[2026-05-08 19:27:47.173] [CrestQuickStart] patched VideoPlaybackState.OnVideoStarted
[2026-05-08 19:27:47.183] [CrestMessageStyle] patched TaleWorlds.Library.InformationManager.DisplayMessage(InformationMessage)
[2026-05-08 19:27:47.183] [CrestFasterTime] registered (master toggle gates per-tick work)
[2026-05-08 19:27:49.143] [CrestMessageStyle] first DisplayMessage probe -- Mission.Current=null, Campaign.Current=null (Game.Current=null, informational only)
[2026-05-08 19:27:50.262] [CrestFasterTime] API resolved: Campaign.SpeedUpMultiplier=ok, SetTimeSpeed(int)=ok, Input.IsKeyPressed=ok
[2026-05-08 19:27:53.909] [CrestPatchSelfTest] GetAllPatchedMethods returned 358 methods
[2026-05-08 19:27:53.927] [CrestPatchSelfTest] OK   UIExtenderEx.WidgetPrefab.LoadFrom (transpiler) — bound by Bannerlord.UIExtenderEx.Patches.WidgetPrefabPatch.WidgetPrefab_LoadFrom_Transpiler on LoadFrom
[2026-05-08 19:27:53.933] [CrestPatchSelfTest] HARD ButterLib.Module.SetInitialModuleScreenAsRootScreen (transpiler) — target method patched, but no patch from Bannerlord.ButterLib.Implementation.MBSubModuleBaseExtended.Patches.ModulePatch (owners: [MCM.UI.Adapter.MCMv5]; declaring types: [MCM.UI.MCMUIAdapterSubModule])
[2026-05-08 19:27:53.934] [CrestPatchSelfTest] HARD ButterLib.Module.FinalizeSubModules (postfix) — no patch found on TaleWorlds.MountAndBlade.Module.FinalizeSubModules (other patched methods on this type: LoadSubModules, InitializeSubModuleBases, ProcessApplicationArguments, SetInitialModuleScreenAsRootScreen)
[2026-05-08 19:27:53.936] [CrestPatchSelfTest] HARD BEW.Managed.ApplicationTick (finalizer) — no patch found on TaleWorlds.DotNet.Managed.ApplicationTick (no methods on this type are patched at all)
[2026-05-08 19:27:53.936] [CrestPatchSelfTest] HARD BEW.Module.OnApplicationTick (finalizer) — no patch found on TaleWorlds.MountAndBlade.Module.OnApplicationTick (other patched methods on this type: LoadSubModules, InitializeSubModuleBases, ProcessApplicationArguments, SetInitialModuleScreenAsRootScreen)
[2026-05-08 19:27:53.939] [CrestPatchSelfTest] HARD BEW.ScreenManager.Tick (finalizer) — no patch found on TaleWorlds.ScreenSystem.ScreenManager.Tick (no methods on this type are patched at all)
[2026-05-08 19:27:53.940] [CrestPatchSelfTest] HARD BEW.ManagedScriptHolder.TickComponents (finalizer) — no patch found on TaleWorlds.Engine.ManagedScriptHolder.TickComponents (no methods on this type are patched at all)
[2026-05-08 19:27:53.945] [CrestPatchSelfTest] HARD BEW.Mission.Tick (finalizer) — no patch found on TaleWorlds.MountAndBlade.Mission.Tick (other patched methods on this type: UpdateSceneTimeSpeed, OnTeamDeployed, OnDeploymentFinished, CanTakeControlOfAgent)
[2026-05-08 19:27:53.950] [CrestPatchSelfTest] SOFT UIExtenderEx.GauntletMovie.Load (conditional prefix) — no patch found on TaleWorlds.GauntletUI.Data.GauntletMovie.Load (other patched methods on this type: LoadMovie)
[2026-05-08 19:27:53.951] [CrestPatchSelfTest] OK   UIExtenderEx.WidgetFactory.GetCustomType (prefix) — bound by Bannerlord.UIExtenderEx.ResourceManager.WidgetFactoryManager.GetCustomTypePrefix on GetCustomType
[2026-05-08 19:27:53.958] [CrestPatchSelfTest] OK   UIExtenderEx.WidgetFactory.CreateBuiltinWidget (prefix) — bound by Bannerlord.UIExtenderEx.ResourceManager.WidgetFactoryManager.CreateBuiltinWidgetPrefix on CreateBuiltinWidget
[2026-05-08 19:27:53.961] [CrestPatchSelfTest] OK   UIExtenderEx.WidgetFactory.GetWidgetTypes (postfix) — bound by Bannerlord.UIExtenderEx.ResourceManager.WidgetFactoryManager.GetWidgetTypesPostfix on GetWidgetTypes
[2026-05-08 19:27:53.963] [CrestPatchSelfTest] OK   UIExtenderEx.WidgetFactory.IsCustomType (prefix) — bound by Bannerlord.UIExtenderEx.ResourceManager.WidgetFactoryManager.IsCustomTypePrefix on IsCustomType
[2026-05-08 19:27:53.973] [CrestPatchSelfTest] OK   UIExtenderEx.WidgetTemplate.CreateWidgets (transpiler, soft) — bound by Bannerlord.UIExtenderEx.ResourceManager.WidgetFactoryManager.BlankTranspiler on CreateWidgets
[2026-05-08 19:27:53.974] [CrestPatchSelfTest] OK   UIExtenderEx.GauntletMovie.LoadMovie (transpiler, soft) — bound by Bannerlord.UIExtenderEx.ResourceManager.WidgetFactoryManager.BlankTranspiler on LoadMovie
[2026-05-08 19:27:53.974] [CrestPatchSelfTest] summary: 7 bound, 7 hard miss, 1 soft miss (of 15 total)
[2026-05-08 19:27:53.983] [CrestCampaignLogFilter] patched CampaignInformationManager.NewLogEntryAdded — 39 classified entry types across 6 buckets
[2026-05-08 19:27:53.994] [CrestCutThroughEveryone] patched cut-through hooks (gated on EnableCutThroughEveryone master toggle)
[2026-05-08 19:27:53.997] [CrestPlayerInvincibleDamageClamp] patched Mission.RegisterBlow (damage clamp for player hero)
[2026-05-08 19:27:53.998] [CrestTacticPatch] patched TacticComponent.SetDefaultBehaviorWeights (skip for slot >= 10)
[2026-05-08 19:27:54.033] [CrestCampaignTweaks] FasterShips bound: TaleWorlds.CampaignSystem.Party.MobileParty.CalculateSpeed (postfix)
[2026-05-08 19:27:54.056] [CrestCampaignTweaks] AchievementsWithMods bound: SandBox.CampaignBehaviors.DumpIntegrityCampaignBehavior.IsGameIntegrityAchieved (postfix)
[2026-05-08 19:27:54.081] [CrestCampaignTweaks] AchievementsDeactivateBlock bound: StoryMode.GameComponents.CampaignBehaviors.AchievementsCampaignBehavior.DeactivateAchievements (prefix)
[2026-05-08 19:27:54.107] [CrestCampaignTweaks] RTSCameraNavalShim bound: RTSCamera.Patch.Naval.Patch_AgentNavalComponent.Prefix_OnTick (prefix)
[2026-05-08 19:27:54.124] [CrestCampaignTweaks] PreventClanDeath bound: TaleWorlds.CampaignSystem.CampaignBehaviors.AgingCampaignBehavior.IsItTimeOfDeath (prefix)
[2026-05-08 19:27:54.132] [CrestCampaignTweaks] PlayerNoFlinch bound: TaleWorlds.MountAndBlade.Mission.RegisterBlow (prefix)
[2026-05-08 19:27:54.144] [CrestCampaignTweaks] NoExecutionPenalty bound: TaleWorlds.CampaignSystem.CampaignBehaviors.CharacterRelationCampaignBehavior.OnHeroKilled (prefix)
[2026-05-08 19:27:54.158] [CrestCampaignTweaks] ClanTournamentExclusion bound: TaleWorlds.CampaignSystem.TournamentGames.FightTournamentGame.CanBeAParticipant (prefix)
[2026-05-08 19:27:54.173] [CrestCampaignTweaks] ClanPartySpeedBonus bound: TaleWorlds.CampaignSystem.Party.MobileParty.CalculateSpeed (postfix)
[2026-05-08 19:27:54.191] [CrestCampaignTweaks] StopPrisonerEscape (daily) bound: TaleWorlds.CampaignSystem.CampaignBehaviors.PrisonerReleaseCampaignBehavior.DailyHeroTick (prefix)
[2026-05-08 19:27:54.207] [CrestCampaignTweaks] StopPrisonerEscape (hourly) bound: TaleWorlds.CampaignSystem.CampaignBehaviors.PrisonerReleaseCampaignBehavior.HourlyPartyTick (prefix)
[2026-05-08 19:27:54.224] [CrestCampaignTweaks] LootCapturedHeroes bound: TaleWorlds.CampaignSystem.MapEvents.MapEvent.LootDefeatedPartyPrisoners (postfix)
[2026-05-08 19:27:54.238] [CrestCampaignTweaks] NoArrowsStuck bound: TaleWorlds.MountAndBlade.Mission.HandleMissileCollisionReaction (postfix)
[2026-05-08 19:27:54.253] [CrestCampaignTweaks] MarriageStaysInClan bound: TaleWorlds.CampaignSystem.GameComponents.DefaultMarriageModel.GetClanAfterMarriage (postfix)
[2026-05-08 19:27:54.268] [CrestCampaignTweaks] PregnancyChanceUncapped bound: TaleWorlds.CampaignSystem.GameComponents.DefaultPregnancyModel.GetDailyChanceOfPregnancyForHero (postfix)
[2026-05-08 19:27:54.282] [CrestCampaignTweaks] UnlockAllSmithingRecipes bound: TaleWorlds.CampaignSystem.CampaignBehaviors.CraftingCampaignBehavior.IsOpened (postfix)
[2026-05-08 19:27:54.297] [CrestCampaignTweaks] LifelongLearning bound: TaleWorlds.CampaignSystem.GameComponents.DefaultCharacterDevelopmentModel.CalculateLearningRate (postfix)
[2026-05-08 19:27:54.311] [CrestCampaignTweaks] TavernCompanions.DailyTick bound: TaleWorlds.CampaignSystem.CampaignBehaviors.CompanionsCampaignBehavior.DailyTick (postfix)
[2026-05-08 19:27:54.324] [CrestCampaignTweaks] TavernCompanions.DesiredCount bound: TaleWorlds.CampaignSystem.CampaignBehaviors.CompanionsCampaignBehavior.get__desiredTotalCompanionCount (postfix)
[2026-05-08 19:27:54.324] [CrestCampaignTweaks] patched campaign tweaks (legacy EnableCampaignTweaks group)
[2026-05-08 19:27:54.354] [CrestBattleSize] patched (always-on; preset count=7, agent cap=2040)
[2026-05-08 19:27:54.378] [CrestTierUnlocker] patched tier caps (gated on EnableTierUnlocker)
[2026-05-08 19:27:58.222] [CrestBattleConvergenceDialogueBehavior] registered rescue-thanks dialogue lines
[2026-05-08 19:27:58.222] [SubModule] Y.12d-feature#128: registered Battle Convergence rescue dialogue behavior
[2026-05-08 19:28:07.105] [CrestCampaignTweaks] AchievementsWithMods: blocked DeactivateAchievements call
[2026-05-08 19:28:38.662] [CrestUnblock] processed 265 files in 10ms
[2026-05-08 19:28:38.673] [CrestQuickStart] patched VideoPlaybackState.OnVideoStarted
[2026-05-08 19:28:38.682] [CrestMessageStyle] patched TaleWorlds.Library.InformationManager.DisplayMessage(InformationMessage)
[2026-05-08 19:28:38.682] [CrestFasterTime] registered (master toggle gates per-tick work)
[2026-05-08 19:28:40.600] [CrestMessageStyle] first DisplayMessage probe -- Mission.Current=null, Campaign.Current=null (Game.Current=null, informational only)
[2026-05-08 19:28:45.312] [CrestPatchSelfTest] GetAllPatchedMethods returned 358 methods
[2026-05-08 19:28:45.327] [CrestPatchSelfTest] OK   UIExtenderEx.WidgetPrefab.LoadFrom (transpiler) — bound by Bannerlord.UIExtenderEx.Patches.WidgetPrefabPatch.WidgetPrefab_LoadFrom_Transpiler on LoadFrom
[2026-05-08 19:28:45.334] [CrestPatchSelfTest] HARD ButterLib.Module.SetInitialModuleScreenAsRootScreen (transpiler) — target method patched, but no patch from Bannerlord.ButterLib.Implementation.MBSubModuleBaseExtended.Patches.ModulePatch (owners: [MCM.UI.Adapter.MCMv5]; declaring types: [MCM.UI.MCMUIAdapterSubModule])
[2026-05-08 19:28:45.335] [CrestPatchSelfTest] HARD ButterLib.Module.FinalizeSubModules (postfix) — no patch found on TaleWorlds.MountAndBlade.Module.FinalizeSubModules (other patched methods on this type: LoadSubModules, InitializeSubModuleBases, ProcessApplicationArguments, SetInitialModuleScreenAsRootScreen)
[2026-05-08 19:28:45.336] [CrestPatchSelfTest] HARD BEW.Managed.ApplicationTick (finalizer) — no patch found on TaleWorlds.DotNet.Managed.ApplicationTick (no methods on this type are patched at all)
[2026-05-08 19:28:45.338] [CrestPatchSelfTest] HARD BEW.Module.OnApplicationTick (finalizer) — no patch found on TaleWorlds.MountAndBlade.Module.OnApplicationTick (other patched methods on this type: LoadSubModules, InitializeSubModuleBases, ProcessApplicationArguments, SetInitialModuleScreenAsRootScreen)
[2026-05-08 19:28:45.340] [CrestPatchSelfTest] HARD BEW.ScreenManager.Tick (finalizer) — no patch found on TaleWorlds.ScreenSystem.ScreenManager.Tick (no methods on this type are patched at all)
[2026-05-08 19:28:45.341] [CrestPatchSelfTest] HARD BEW.ManagedScriptHolder.TickComponents (finalizer) — no patch found on TaleWorlds.Engine.ManagedScriptHolder.TickComponents (no methods on this type are patched at all)
[2026-05-08 19:28:45.342] [CrestPatchSelfTest] HARD BEW.Mission.Tick (finalizer) — no patch found on TaleWorlds.MountAndBlade.Mission.Tick (other patched methods on this type: UpdateSceneTimeSpeed, OnTeamDeployed, OnDeploymentFinished, CanTakeControlOfAgent)
[2026-05-08 19:28:45.348] [CrestPatchSelfTest] SOFT UIExtenderEx.GauntletMovie.Load (conditional prefix) — no patch found on TaleWorlds.GauntletUI.Data.GauntletMovie.Load (other patched methods on this type: LoadMovie)
[2026-05-08 19:28:45.353] [CrestPatchSelfTest] OK   UIExtenderEx.WidgetFactory.GetCustomType (prefix) — bound by Bannerlord.UIExtenderEx.ResourceManager.WidgetFactoryManager.GetCustomTypePrefix on GetCustomType
[2026-05-08 19:28:45.355] [CrestPatchSelfTest] OK   UIExtenderEx.WidgetFactory.CreateBuiltinWidget (prefix) — bound by Bannerlord.UIExtenderEx.ResourceManager.WidgetFactoryManager.CreateBuiltinWidgetPrefix on CreateBuiltinWidget
[2026-05-08 19:28:45.362] [CrestPatchSelfTest] OK   UIExtenderEx.WidgetFactory.GetWidgetTypes (postfix) — bound by Bannerlord.UIExtenderEx.ResourceManager.WidgetFactoryManager.GetWidgetTypesPostfix on GetWidgetTypes
[2026-05-08 19:28:45.365] [CrestPatchSelfTest] OK   UIExtenderEx.WidgetFactory.IsCustomType (prefix) — bound by Bannerlord.UIExtenderEx.ResourceManager.WidgetFactoryManager.IsCustomTypePrefix on IsCustomType
[2026-05-08 19:28:45.368] [CrestPatchSelfTest] OK   UIExtenderEx.WidgetTemplate.CreateWidgets (transpiler, soft) — bound by Bannerlord.UIExtenderEx.ResourceManager.WidgetFactoryManager.BlankTranspiler on CreateWidgets
[2026-05-08 19:28:45.376] [CrestPatchSelfTest] OK   UIExtenderEx.GauntletMovie.LoadMovie (transpiler, soft) — bound by Bannerlord.UIExtenderEx.ResourceManager.WidgetFactoryManager.BlankTranspiler on LoadMovie
[2026-05-08 19:28:45.376] [CrestPatchSelfTest] summary: 7 bound, 7 hard miss, 1 soft miss (of 15 total)
[2026-05-08 19:28:45.384] [CrestCampaignLogFilter] patched CampaignInformationManager.NewLogEntryAdded — 39 classified entry types across 6 buckets
[2026-05-08 19:28:45.385] [CrestCutThroughEveryone] master toggle OFF at startup -- not binding patches (toggle on + restart to enable)
[2026-05-08 19:28:45.390] [CrestPlayerInvincibleDamageClamp] patched Mission.RegisterBlow (damage clamp for player hero)
[2026-05-08 19:28:45.392] [CrestTacticPatch] patched TacticComponent.SetDefaultBehaviorWeights (skip for slot >= 10)
[2026-05-08 19:28:45.426] [CrestCampaignTweaks] FasterShips bound: TaleWorlds.CampaignSystem.Party.MobileParty.CalculateSpeed (postfix)
[2026-05-08 19:28:45.449] [CrestCampaignTweaks] AchievementsWithMods bound: SandBox.CampaignBehaviors.DumpIntegrityCampaignBehavior.IsGameIntegrityAchieved (postfix)
[2026-05-08 19:28:45.476] [CrestCampaignTweaks] AchievementsDeactivateBlock bound: StoryMode.GameComponents.CampaignBehaviors.AchievementsCampaignBehavior.DeactivateAchievements (prefix)
[2026-05-08 19:28:45.503] [CrestCampaignTweaks] RTSCameraNavalShim bound: RTSCamera.Patch.Naval.Patch_AgentNavalComponent.Prefix_OnTick (prefix)
[2026-05-08 19:28:45.503] [CrestCampaignTweaks] EnableCampaignTweaks OFF -- legacy tweaks not bound (standalone features still active)
[2026-05-08 19:28:45.536] [CrestBattleSize] patched (always-on; preset count=7, agent cap=2040)
[2026-05-08 19:28:45.536] [CrestTierUnlocker] master toggle OFF -- not binding tier-cap patches
[2026-05-08 19:28:58.360] [CrestCampaignTweaks] AchievementsWithMods: blocked DeactivateAchievements call
[2026-05-08 19:29:45.694] [CrestFasterTime] API resolved: Campaign.SpeedUpMultiplier=ok, SetTimeSpeed(int)=ok, Input.IsKeyPressed=ok
[2026-05-08 19:29:51.028] [CrestBattleConvergenceDialogueBehavior] registered rescue-thanks dialogue lines
[2026-05-08 19:29:51.028] [SubModule] Y.12d-feature#128: registered Battle Convergence rescue dialogue behavior
[2026-05-08 19:30:01.445] [CrestCompanionHotswap] added swap + select behaviors to mission
[2026-05-08 19:30:01.448] [CrestBattleConvergence] added convergence behavior to mission
[2026-05-08 19:30:01.464] [CrestBattleConvergenceLogic] flat radius (slider mode): 100
[2026-05-08 19:30:01.535] [CrestBattleConvergenceLogic] Y.12d AfterStart: reinforce=True debug=False radius=100 maxPerSide=6 timerset=1000 playerSide=Attacker isPlayerDefender=False missionAgentSpawnLogic=null
[2026-05-08 19:30:09.607] [CrestBattleConvergenceLogic] Y.30: ensured 2 ally pools (6 formations, indices 10..15)
[2026-05-08 19:30:09.615] [CrestBattleConvergenceLogic] Cinema-fix-C symmetric radius: bothSidesRadius=300 (mult x3.0) â€” distance-filtered 12
[2026-05-08 19:30:09.615] [CrestBattleConvergenceLogic] Y.12d-fix23 stagger: initial=45s cadence=5s -> first lord at +45s, last (idx 24) at +165s
[2026-05-08 19:30:09.615] [CrestBattleConvergenceLogic] Y.12d Stage1: defenderSpawnPositions=3 attackerSpawnPositions=3 partiesSeen=1489 eligibleCandidates=25 neutralRej=53
[2026-05-08 19:30:09.624] [CrestBattleConvergenceLogic] OnMissionTick first call after Stage1: candidates=25
[2026-05-08 19:30:15.982] [CrestBattleConvergenceLogic] tick-status: now=12.0 pending=25 elapsed=0 closestRemaining=40.0s collectDef=0 collectAtt=0 reservedDef=0 reservedAtt=0
[2026-05-08 19:30:20.985] [CrestBattleConvergenceLogic] tick-status: now=17.0 pending=25 elapsed=0 closestRemaining=35.0s collectDef=0 collectAtt=0 reservedDef=0 reservedAtt=0
[2026-05-08 19:30:25.997] [CrestBattleConvergenceLogic] tick-status: now=22.1 pending=25 elapsed=0 closestRemaining=30.0s collectDef=0 collectAtt=0 reservedDef=0 reservedAtt=0
[2026-05-08 19:30:31.009] [CrestBattleConvergenceLogic] tick-status: now=27.1 pending=25 elapsed=0 closestRemaining=25.0s collectDef=0 collectAtt=0 reservedDef=0 reservedAtt=0
[2026-05-08 19:30:36.020] [CrestBattleConvergenceLogic] tick-status: now=32.1 pending=25 elapsed=0 closestRemaining=20.0s collectDef=0 collectAtt=0 reservedDef=0 reservedAtt=0
[2026-05-08 19:30:41.032] [CrestBattleConvergenceLogic] tick-status: now=37.1 pending=25 elapsed=0 closestRemaining=15.0s collectDef=0 collectAtt=0 reservedDef=0 reservedAtt=0
[2026-05-08 19:30:46.040] [CrestBattleConvergenceLogic] tick-status: now=42.1 pending=25 elapsed=0 closestRemaining=10.0s collectDef=0 collectAtt=0 reservedDef=0 reservedAtt=0
[2026-05-08 19:30:50.110] [CrestBattleConvergenceLogic] tick-status: now=47.1 pending=25 elapsed=0 closestRemaining=4.9s collectDef=0 collectAtt=0 reservedDef=0 reservedAtt=0
[2026-05-08 19:30:52.697] [CrestBattleConvergenceLogic] queued Servic's Party (Vlandia) team=1 side=Defender dist=7.3 active=1/5
[2026-05-08 19:30:52.724] [CrestBattleConvergenceLogic] tick-status: now=52.1 pending=24 elapsed=0 closestRemaining=4.9s collectDef=1 collectAtt=0 reservedDef=0 reservedAtt=0
[2026-05-08 19:30:52.802] [CrestBattleConvergenceLogic] registered Servic's Party on Defender: 127 agents queued (queue size now 127)
[2026-05-08 19:30:52.805] [CrestBattleHornCue] GetEventIdFromString not found -- horn cue disabled
[2026-05-08 19:30:58.187] [CrestBattleConvergenceLogic] queued Adaltrud's Party (Vlandia) team=1 side=Defender dist=43.2 active=2/5
[2026-05-08 19:30:58.248] [CrestBattleConvergenceLogic] tick-status: now=57.1 pending=23 elapsed=0 closestRemaining=4.9s collectDef=1 collectAtt=0 reservedDef=0 reservedAtt=0
[2026-05-08 19:30:59.328] [CrestBattleConvergenceLogic] registered Adaltrud's Party on Defender: 72 agents queued (queue size now 72)
[2026-05-08 19:31:03.194] [CrestBattleConvergenceLogic] queued Ecarand's Party (Vlandia) team=1 side=Defender dist=57.4 active=3/5
[2026-05-08 19:31:03.262] [CrestBattleConvergenceLogic] tick-status: now=62.1 pending=22 elapsed=0 closestRemaining=4.9s collectDef=1 collectAtt=0 reservedDef=0 reservedAtt=0
[2026-05-08 19:31:05.352] [CrestBattleConvergenceLogic] registered Ecarand's Party on Defender: 74 agents queued (queue size now 74)
[2026-05-08 19:31:08.210] [CrestBattleConvergenceLogic] queued Furnhard's Party (Vlandia) team=1 side=Defender dist=70.9 active=4/5
[2026-05-08 19:31:08.277] [CrestBattleConvergenceLogic] tick-status: now=67.1 pending=21 elapsed=0 closestRemaining=4.9s collectDef=1 collectAtt=0 reservedDef=0 reservedAtt=0
[2026-05-08 19:31:08.363] [CrestBattleConvergenceLogic] registered Furnhard's Party on Defender: 53 agents queued (queue size now 53)
[2026-05-08 19:31:13.225] [CrestBattleConvergenceLogic] queued Belgir's Party (Vlandia) team=1 side=Defender dist=111.5 active=5/5
[2026-05-08 19:31:13.292] [CrestBattleConvergenceLogic] tick-status: now=72.1 pending=20 elapsed=0 closestRemaining=4.9s collectDef=1 collectAtt=0 reservedDef=0 reservedAtt=0
[2026-05-08 19:31:14.386] [CrestBattleConvergenceLogic] registered Belgir's Party on Defender: 135 agents queued (queue size now 135)
[2026-05-08 19:31:18.261] [CrestBattleConvergenceLogic]   cap reached on Defender (5/5); Hecard's Party added to waiting list (size 1)
[2026-05-08 19:31:18.336] [CrestBattleConvergenceLogic] tick-status: now=77.1 pending=19 elapsed=0 closestRemaining=4.9s collectDef=0 collectAtt=0 reservedDef=0 reservedAtt=0
[2026-05-08 19:31:23.266] [CrestBattleConvergenceLogic]   cap reached on Defender (5/5); Richelda's Party added to waiting list (size 2)
[2026-05-08 19:31:23.338] [CrestBattleConvergenceLogic] tick-status: now=82.1 pending=18 elapsed=0 closestRemaining=4.9s collectDef=0 collectAtt=0 reservedDef=0 reservedAtt=0
[2026-05-08 19:31:32.969] [CrestBattleConvergenceLogic]   cap reached on Defender (5/5); Vartin's Party added to waiting list (size 3)
[2026-05-08 19:31:33.054] [CrestBattleConvergenceLogic] tick-status: now=87.1 pending=17 elapsed=0 closestRemaining=4.9s collectDef=0 collectAtt=0 reservedDef=0 reservedAtt=0
[2026-05-08 19:31:37.969] [CrestBattleConvergenceLogic]   cap reached on Defender (5/5); Romund's Party added to waiting list (size 4)
[2026-05-08 19:31:38.067] [CrestBattleConvergenceLogic] tick-status: now=92.2 pending=16 elapsed=0 closestRemaining=4.9s collectDef=0 collectAtt=0 reservedDef=0 reservedAtt=0
[2026-05-08 19:31:42.962] [CrestBattleConvergenceLogic]   cap reached on Defender (5/5); Derthert's Party added to waiting list (size 5)
[2026-05-08 19:31:43.073] [CrestBattleConvergenceLogic] tick-status: now=97.2 pending=15 elapsed=0 closestRemaining=4.9s collectDef=0 collectAtt=0 reservedDef=0 reservedAtt=0
[2026-05-08 19:31:47.968] [CrestBattleConvergenceLogic]   cap reached on Defender (5/5); Morcon's Party added to waiting list (size 6)
[2026-05-08 19:31:48.081] [CrestBattleConvergenceLogic] tick-status: now=102.2 pending=14 elapsed=0 closestRemaining=4.9s collectDef=0 collectAtt=0 reservedDef=0 reservedAtt=0
[2026-05-08 19:31:52.973] [CrestBattleConvergenceLogic] queued Asgotha's Party (Nord) team=0 side=Attacker dist=146.7 active=1/5
[2026-05-08 19:31:53.093] [CrestBattleConvergenceLogic] tick-status: now=107.2 pending=13 elapsed=0 closestRemaining=4.9s collectDef=0 collectAtt=1 reservedDef=0 reservedAtt=0
[2026-05-08 19:31:55.226] [CrestBattleConvergenceLogic] registered Asgotha's Party on Attacker: 171 agents queued (queue size now 171)
[2026-05-08 19:31:55.236] [CrestBattleConvergenceLogic] Y.30B: pool tier=2 delta=-455 variant=ShieldWall
[2026-05-08 19:31:55.236] [CrestBattleConvergenceLogic] Y.30: pool[0] lead=Asgotha's Party tactics=176 (first); LordCount=1
[2026-05-08 19:31:58.015] [CrestBattleConvergenceLogic]   cap reached on Defender (5/5); Unthery's Party added to waiting list (size 7)
[2026-05-08 19:31:58.129] [CrestBattleConvergenceLogic] tick-status: now=112.2 pending=12 elapsed=0 closestRemaining=4.9s collectDef=0 collectAtt=0 reservedDef=0 reservedAtt=91
[2026-05-08 19:32:03.081] [CrestBattleConvergenceLogic]   cap reached on Defender (5/5); Arthamund's Party added to waiting list (size 8)
[2026-05-08 19:32:03.211] [CrestBattleConvergenceLogic] tick-status: now=117.2 pending=11 elapsed=0 closestRemaining=4.9s collectDef=0 collectAtt=0 reservedDef=0 reservedAtt=0
[2026-05-08 19:32:08.095] [CrestBattleConvergenceLogic]   cap reached on Defender (5/5); Calatild's Party added to waiting list (size 9)
[2026-05-08 19:32:08.214] [CrestBattleConvergenceLogic] tick-status: now=122.2 pending=10 elapsed=0 closestRemaining=4.9s collectDef=0 collectAtt=0 reservedDef=0 reservedAtt=0
[2026-05-08 19:32:13.084] [CrestBattleConvergenceLogic]   cap reached on Defender (5/5); Ospir's Party added to waiting list (size 10)
[2026-05-08 19:32:13.220] [CrestBattleConvergenceLogic] tick-status: now=127.2 pending=9 elapsed=0 closestRemaining=4.9s collectDef=0 collectAtt=0 reservedDef=0 reservedAtt=0
[2026-05-08 19:32:18.092] [CrestBattleConvergenceLogic]   cap reached on Defender (5/5); Berican's Party added to waiting list (size 11)
[2026-05-08 19:32:18.226] [CrestBattleConvergenceLogic] tick-status: now=132.2 pending=8 elapsed=0 closestRemaining=4.9s collectDef=0 collectAtt=0 reservedDef=0 reservedAtt=0
[2026-05-08 19:32:23.090] [CrestBattleConvergenceLogic]   cap reached on Defender (5/5); Ingalther's Party added to waiting list (size 12)
[2026-05-08 19:32:23.249] [CrestBattleConvergenceLogic] tick-status: now=137.2 pending=7 elapsed=0 closestRemaining=4.8s collectDef=0 collectAtt=0 reservedDef=0 reservedAtt=0
[2026-05-08 19:32:28.100] [CrestBattleConvergenceLogic]   cap reached on Defender (5/5); Amalgun's Party added to waiting list (size 13)
[2026-05-08 19:32:28.260] [CrestBattleConvergenceLogic] tick-status: now=142.2 pending=6 elapsed=0 closestRemaining=4.8s collectDef=0 collectAtt=0 reservedDef=0 reservedAtt=0
[2026-05-08 19:32:33.089] [CrestBattleConvergenceLogic] queued Apolanea's Party (Sturgia) team=0 side=Attacker dist=222.7 active=2/5
[2026-05-08 19:32:33.268] [CrestBattleConvergenceLogic] tick-status: now=147.2 pending=5 elapsed=0 closestRemaining=4.8s collectDef=0 collectAtt=1 reservedDef=0 reservedAtt=0
[2026-05-08 19:32:34.446] [CrestBattleConvergenceLogic] registered Apolanea's Party on Attacker: 107 agents queued (queue size now 107)
[2026-05-08 19:32:34.446] [CrestBattleConvergenceLogic] Y.30: pool[0] joined by Apolanea's Party (tactics=176); pool lead unchanged (176)
[2026-05-08 19:32:38.212] [CrestBattleConvergenceLogic] queued Raganvad's Party (Sturgia) team=0 side=Attacker dist=222.7 active=3/5
[2026-05-08 19:32:38.407] [CrestBattleConvergenceLogic] tick-status: now=152.2 pending=4 elapsed=0 closestRemaining=4.8s collectDef=0 collectAtt=1 reservedDef=0 reservedAtt=0
[2026-05-08 19:32:40.501] [CrestBattleConvergenceLogic] Y.30B: pool tier=2 delta=-150 variant=ShieldWall
[2026-05-08 19:32:40.586] [CrestBattleConvergenceLogic] registered Raganvad's Party on Attacker: 251 agents queued (queue size now 251)
[2026-05-08 19:32:40.587] [CrestBattleConvergenceLogic] Y.30B: pool tier=3 delta=-150 variant=ShieldWall
[2026-05-08 19:32:40.587] [CrestBattleConvergenceLogic] Y.30: pool[0] lead=Raganvad's Party tactics=227 (escalated); LordCount=3
[2026-05-08 19:32:43.462] [CrestBattleConvergenceLogic] tick-status: now=157.2 pending=3 elapsed=0 closestRemaining=4.8s collectDef=0 collectAtt=0 reservedDef=0 reservedAtt=171
[2026-05-08 19:32:48.550] [CrestBattleConvergenceLogic] tick-status: now=162.3 pending=2 elapsed=0 closestRemaining=4.8s collectDef=0 collectAtt=0 reservedDef=0 reservedAtt=11
[2026-05-08 19:32:53.346] [CrestBattleConvergenceLogic] queued Vyldur's Party (Sturgia) team=0 side=Attacker dist=223.5 active=4/5
[2026-05-08 19:32:53.551] [CrestBattleConvergenceLogic] tick-status: now=167.3 pending=1 elapsed=0 closestRemaining=4.8s collectDef=0 collectAtt=1 reservedDef=0 reservedAtt=0
[2026-05-08 19:32:55.731] [CrestBattleConvergenceLogic] Y.30B: pool tier=3 delta=116 variant=Standard
[2026-05-08 19:32:55.764] [CrestBattleConvergenceLogic] registered Vyldur's Party on Attacker: 112 agents queued (queue size now 112)
[2026-05-08 19:32:55.764] [CrestBattleConvergenceLogic] Y.30B: pool tier=2 delta=116 variant=Standard
[2026-05-08 19:32:55.764] [CrestBattleConvergenceLogic] Y.30: pool[1] lead=Vyldur's Party tactics=149 (first); LordCount=1
[2026-05-08 19:32:58.372] [CrestBattleConvergenceLogic] queued Gautgar's Party (Nord) team=0 side=Attacker dist=292.2 active=5/5
[2026-05-08 19:32:58.583] [CrestBattleConvergenceLogic] tick-status: now=172.3 pending=0 elapsed=0 closestRemaining=n/a collectDef=0 collectAtt=1 reservedDef=0 reservedAtt=32
[2026-05-08 19:32:58.791] [CrestBattleConvergenceLogic] registered Gautgar's Party on Attacker: 157 agents queued (queue size now 189)
[2026-05-08 19:32:58.828] [CrestBattleConvergenceLogic] Y.30B: pool tier=2 delta=233 variant=Standard
[2026-05-08 19:32:58.828] [CrestBattleConvergenceLogic] Y.30: pool[1] lead=Gautgar's Party tactics=157 (escalated); LordCount=2
[2026-05-08 19:33:03.666] [CrestBattleConvergenceLogic] tick-status: now=177.3 pending=0 elapsed=0 closestRemaining=n/a collectDef=0 collectAtt=0 reservedDef=0 reservedAtt=29
[2026-05-08 19:34:18.742] [CrestBattleConvergenceLogic] party eliminated: Asgotha's Party (Nord); defActive=5 attActive=4
[2026-05-08 19:35:54.429] [CrestBattleConvergenceLogic] party eliminated: Adaltrud's Party (Vlandia); defActive=4 attActive=4
[2026-05-08 19:35:59.896] [CrestBattleConvergenceLogic] party eliminated: Ecarand's Party (Vlandia); defActive=3 attActive=4
[2026-05-08 19:36:04.066] [CrestBattleConvergenceLogic] party eliminated: Servic's Party (Vlandia); defActive=2 attActive=4
[2026-05-08 19:36:42.218] [CrestBattleConvergenceLogic] party eliminated: Furnhard's Party (Vlandia); defActive=1 attActive=4
[2026-05-08 19:36:53.812] [CrestBattleConvergenceLogic] party eliminated: Belgir's Party (Vlandia); defActive=0 attActive=4
[2026-05-08 19:36:57.962] [CrestBattleConvergenceLogic] Y.30C-C: MapEventSide instance methods taking MobileParty: AddNearbyPartyToPlayerMapEvent, 
[2026-05-08 19:36:57.962] [CrestBattleConvergenceLogic] Y.30C-C: all MapEventSide instance methods (declared): AutoGeneratedInstanceCollectObjects, GetTroops, GetTotalHealthyHeroCountOfSide, CountTroops, GetTotalHealthyTroopCountOfSide, CacheLeaderSimulationModifier, AddPartyInternal, RemovePartyInternal, RecalculateMemberCountOfSide, RecalculateStrengthOfSide, IsMainPartyAmongParties, CalculateTotalContribution, CalculateRenownAndInfluenceValuesOnPartyInvolved, GetSideMorale, HandleMapEventEnd, HandleMapEventEndForPartyInternal, AllocateShips, AllocateSiegeEngines, CreateOrderedSimulationShipList, GetShipCombatScore, GetShipCombatImportance, AllocateTroops, AllocateTroop, GetAllTroops, GetAllocatedTroop, GetReadyTroop, GetAllocatedTroopParty, GetReadyTroopParty, OnTroopWounded, OnTroopKilled, OnTroopRouted, OnTroopScoreHit, OnShipScoreHit, OnShipDamaged, GetWeightedShipCombatFactor, GetMapEventParty, MakeReady, MakeReadyParty, CheckReadyTroopsTemporaryCache, MakeReadyForSimulation, MakeReadyForMission, EndSimulation, InvalidateSimulationSetup, DebugAssertSimulationConsistency, Clear, SelectRandomSimulationTroop, GetRandomSimulationSiegeEngine, GetRandomSimulationShip, RemoveSelectedTroopFromSimulationList, RemoveShipFromSimulationList, OnRoundEnd, ApplySimulationDamageToShip, ApplySimulationDamageToSelectedTroop, ApplySimulatedHitRewardToShip, ApplySimulatedHitRewardToSelectedTroop, Surrender, Route, AddNearbyPartyToPlayerMapEvent, RemoveNearbyPartiesFromPlayerMapEvent, CommitXpGains, CommitRenownChanges, CommitInfluenceChanges, CommitMoraleChanges, ...
[2026-05-08 19:36:57.964] [CrestBattleConvergenceLogic] Y.29: detached 0 joiner parties from mapEvent (23 failed)
[2026-05-08 19:36:57.964] [CrestBattleConvergenceLogic] Y.12d: OnEndMission cleanup done
[2026-05-08 20:27:39.335] [CrestUnblock] processed 265 files in 15ms
[2026-05-08 20:27:39.346] [CrestQuickStart] patched VideoPlaybackState.OnVideoStarted
[2026-05-08 20:27:39.354] [CrestMessageStyle] patched TaleWorlds.Library.InformationManager.DisplayMessage(InformationMessage)
[2026-05-08 20:27:39.354] [CrestFasterTime] registered (master toggle gates per-tick work)
[2026-05-08 20:27:41.326] [CrestMessageStyle] first DisplayMessage probe -- Mission.Current=null, Campaign.Current=null (Game.Current=null, informational only)
[2026-05-08 20:27:42.417] [CrestFasterTime] API resolved: Campaign.SpeedUpMultiplier=ok, SetTimeSpeed(int)=ok, Input.IsKeyPressed=ok
[2026-05-08 20:27:46.090] [CrestPatchSelfTest] GetAllPatchedMethods returned 358 methods
[2026-05-08 20:27:46.105] [CrestPatchSelfTest] OK   UIExtenderEx.WidgetPrefab.LoadFrom (transpiler) — bound by Bannerlord.UIExtenderEx.Patches.WidgetPrefabPatch.WidgetPrefab_LoadFrom_Transpiler on LoadFrom
[2026-05-08 20:27:46.111] [CrestPatchSelfTest] HARD ButterLib.Module.SetInitialModuleScreenAsRootScreen (transpiler) — target method patched, but no patch from Bannerlord.ButterLib.Implementation.MBSubModuleBaseExtended.Patches.ModulePatch (owners: [MCM.UI.Adapter.MCMv5]; declaring types: [MCM.UI.MCMUIAdapterSubModule])
[2026-05-08 20:27:46.112] [CrestPatchSelfTest] HARD ButterLib.Module.FinalizeSubModules (postfix) — no patch found on TaleWorlds.MountAndBlade.Module.FinalizeSubModules (other patched methods on this type: LoadSubModules, InitializeSubModuleBases, ProcessApplicationArguments, SetInitialModuleScreenAsRootScreen)
[2026-05-08 20:27:46.114] [CrestPatchSelfTest] HARD BEW.Managed.ApplicationTick (finalizer) — no patch found on TaleWorlds.DotNet.Managed.ApplicationTick (no methods on this type are patched at all)
[2026-05-08 20:27:46.114] [CrestPatchSelfTest] HARD BEW.Module.OnApplicationTick (finalizer) — no patch found on TaleWorlds.MountAndBlade.Module.OnApplicationTick (other patched methods on this type: LoadSubModules, InitializeSubModuleBases, ProcessApplicationArguments, SetInitialModuleScreenAsRootScreen)
[2026-05-08 20:27:46.117] [CrestPatchSelfTest] HARD BEW.ScreenManager.Tick (finalizer) — no patch found on TaleWorlds.ScreenSystem.ScreenManager.Tick (no methods on this type are patched at all)
[2026-05-08 20:27:46.118] [CrestPatchSelfTest] HARD BEW.ManagedScriptHolder.TickComponents (finalizer) — no patch found on TaleWorlds.Engine.ManagedScriptHolder.TickComponents (no methods on this type are patched at all)
[2026-05-08 20:27:46.118] [CrestPatchSelfTest] HARD BEW.Mission.Tick (finalizer) — no patch found on TaleWorlds.MountAndBlade.Mission.Tick (other patched methods on this type: UpdateSceneTimeSpeed, OnTeamDeployed, OnDeploymentFinished, CanTakeControlOfAgent)
[2026-05-08 20:27:46.127] [CrestPatchSelfTest] SOFT UIExtenderEx.GauntletMovie.Load (conditional prefix) — no patch found on TaleWorlds.GauntletUI.Data.GauntletMovie.Load (other patched methods on this type: LoadMovie)
[2026-05-08 20:27:46.131] [CrestPatchSelfTest] OK   UIExtenderEx.WidgetFactory.GetCustomType (prefix) — bound by Bannerlord.UIExtenderEx.ResourceManager.WidgetFactoryManager.GetCustomTypePrefix on GetCustomType
[2026-05-08 20:27:46.133] [CrestPatchSelfTest] OK   UIExtenderEx.WidgetFactory.CreateBuiltinWidget (prefix) — bound by Bannerlord.UIExtenderEx.ResourceManager.WidgetFactoryManager.CreateBuiltinWidgetPrefix on CreateBuiltinWidget
[2026-05-08 20:27:46.142] [CrestPatchSelfTest] OK   UIExtenderEx.WidgetFactory.GetWidgetTypes (postfix) — bound by Bannerlord.UIExtenderEx.ResourceManager.WidgetFactoryManager.GetWidgetTypesPostfix on GetWidgetTypes
[2026-05-08 20:27:46.144] [CrestPatchSelfTest] OK   UIExtenderEx.WidgetFactory.IsCustomType (prefix) — bound by Bannerlord.UIExtenderEx.ResourceManager.WidgetFactoryManager.IsCustomTypePrefix on IsCustomType
[2026-05-08 20:27:46.148] [CrestPatchSelfTest] OK   UIExtenderEx.WidgetTemplate.CreateWidgets (transpiler, soft) — bound by Bannerlord.UIExtenderEx.ResourceManager.WidgetFactoryManager.BlankTranspiler on CreateWidgets
[2026-05-08 20:27:46.154] [CrestPatchSelfTest] OK   UIExtenderEx.GauntletMovie.LoadMovie (transpiler, soft) — bound by Bannerlord.UIExtenderEx.ResourceManager.WidgetFactoryManager.BlankTranspiler on LoadMovie
[2026-05-08 20:27:46.154] [CrestPatchSelfTest] summary: 7 bound, 7 hard miss, 1 soft miss (of 15 total)
[2026-05-08 20:27:46.163] [CrestCampaignLogFilter] patched CampaignInformationManager.NewLogEntryAdded — 39 classified entry types across 6 buckets
[2026-05-08 20:27:46.172] [CrestCutThroughEveryone] patched cut-through hooks (gated on EnableCutThroughEveryone master toggle)
[2026-05-08 20:27:46.176] [CrestPlayerInvincibleDamageClamp] patched Mission.RegisterBlow (damage clamp for player hero)
[2026-05-08 20:27:46.178] [CrestTacticPatch] patched TacticComponent.SetDefaultBehaviorWeights (skip for slot >= 10)
[2026-05-08 20:27:46.211] [CrestCampaignTweaks] FasterShips bound: TaleWorlds.CampaignSystem.Party.MobileParty.CalculateSpeed (postfix)
[2026-05-08 20:27:46.235] [CrestCampaignTweaks] AchievementsWithMods bound: SandBox.CampaignBehaviors.DumpIntegrityCampaignBehavior.IsGameIntegrityAchieved (postfix)
[2026-05-08 20:27:46.262] [CrestCampaignTweaks] AchievementsDeactivateBlock bound: StoryMode.GameComponents.CampaignBehaviors.AchievementsCampaignBehavior.DeactivateAchievements (prefix)
[2026-05-08 20:27:46.289] [CrestCampaignTweaks] RTSCameraNavalShim bound: RTSCamera.Patch.Naval.Patch_AgentNavalComponent.Prefix_OnTick (prefix)
[2026-05-08 20:27:46.306] [CrestCampaignTweaks] PreventClanDeath bound: TaleWorlds.CampaignSystem.CampaignBehaviors.AgingCampaignBehavior.IsItTimeOfDeath (prefix)
[2026-05-08 20:27:46.314] [CrestCampaignTweaks] PlayerNoFlinch bound: TaleWorlds.MountAndBlade.Mission.RegisterBlow (prefix)
[2026-05-08 20:27:46.330] [CrestCampaignTweaks] NoExecutionPenalty bound: TaleWorlds.CampaignSystem.CampaignBehaviors.CharacterRelationCampaignBehavior.OnHeroKilled (prefix)
[2026-05-08 20:27:46.345] [CrestCampaignTweaks] ClanTournamentExclusion bound: TaleWorlds.CampaignSystem.TournamentGames.FightTournamentGame.CanBeAParticipant (prefix)
[2026-05-08 20:27:46.360] [CrestCampaignTweaks] ClanPartySpeedBonus bound: TaleWorlds.CampaignSystem.Party.MobileParty.CalculateSpeed (postfix)
[2026-05-08 20:27:46.378] [CrestCampaignTweaks] StopPrisonerEscape (daily) bound: TaleWorlds.CampaignSystem.CampaignBehaviors.PrisonerReleaseCampaignBehavior.DailyHeroTick (prefix)
[2026-05-08 20:27:46.394] [CrestCampaignTweaks] StopPrisonerEscape (hourly) bound: TaleWorlds.CampaignSystem.CampaignBehaviors.PrisonerReleaseCampaignBehavior.HourlyPartyTick (prefix)
[2026-05-08 20:27:46.413] [CrestCampaignTweaks] LootCapturedHeroes bound: TaleWorlds.CampaignSystem.MapEvents.MapEvent.LootDefeatedPartyPrisoners (postfix)
[2026-05-08 20:27:46.428] [CrestCampaignTweaks] NoArrowsStuck bound: TaleWorlds.MountAndBlade.Mission.HandleMissileCollisionReaction (postfix)
[2026-05-08 20:27:46.443] [CrestCampaignTweaks] MarriageStaysInClan bound: TaleWorlds.CampaignSystem.GameComponents.DefaultMarriageModel.GetClanAfterMarriage (postfix)
[2026-05-08 20:27:46.458] [CrestCampaignTweaks] PregnancyChanceUncapped bound: TaleWorlds.CampaignSystem.GameComponents.DefaultPregnancyModel.GetDailyChanceOfPregnancyForHero (postfix)
[2026-05-08 20:27:46.472] [CrestCampaignTweaks] UnlockAllSmithingRecipes bound: TaleWorlds.CampaignSystem.CampaignBehaviors.CraftingCampaignBehavior.IsOpened (postfix)
[2026-05-08 20:27:46.487] [CrestCampaignTweaks] LifelongLearning bound: TaleWorlds.CampaignSystem.GameComponents.DefaultCharacterDevelopmentModel.CalculateLearningRate (postfix)
[2026-05-08 20:27:46.502] [CrestCampaignTweaks] TavernCompanions.DailyTick bound: TaleWorlds.CampaignSystem.CampaignBehaviors.CompanionsCampaignBehavior.DailyTick (postfix)
[2026-05-08 20:27:46.515] [CrestCampaignTweaks] TavernCompanions.DesiredCount bound: TaleWorlds.CampaignSystem.CampaignBehaviors.CompanionsCampaignBehavior.get__desiredTotalCompanionCount (postfix)
[2026-05-08 20:27:46.515] [CrestCampaignTweaks] patched campaign tweaks (legacy EnableCampaignTweaks group)
[2026-05-08 20:27:46.543] [CrestBattleSize] patched (always-on; preset count=7, agent cap=2040)
[2026-05-08 20:27:46.566] [CrestTierUnlocker] patched tier caps (gated on EnableTierUnlocker)
[2026-05-08 20:28:21.962] [CrestCampaignTweaks] AchievementsWithMods: blocked DeactivateAchievements call
[2026-05-08 20:28:54.187] [CrestBattleConvergenceDialogueBehavior] registered rescue-thanks dialogue lines
[2026-05-08 20:28:54.187] [SubModule] Y.12d-feature#128: registered Battle Convergence rescue dialogue behavior
[2026-05-08 20:29:06.154] [CrestCompanionHotswap] added swap + select behaviors to mission
[2026-05-08 20:29:06.156] [CrestBattleConvergence] added convergence behavior to mission
[2026-05-08 20:29:06.170] [CrestBattleConvergenceLogic] flat radius (slider mode): 100
[2026-05-08 20:29:06.232] [CrestBattleConvergenceLogic] Y.12d AfterStart: reinforce=True debug=False radius=100 maxPerSide=6 timerset=1000 playerSide=Attacker isPlayerDefender=False missionAgentSpawnLogic=null
[2026-05-08 20:29:09.419] [CrestBattleConvergenceLogic] Y.30: ensured 2 ally pools (6 formations, indices 10..15)
[2026-05-08 20:29:09.423] [CrestBattleConvergenceLogic] Y.35: ensured 2 enemy pools (6 formations, indices 10..15)
[2026-05-08 20:29:09.431] [CrestBattleConvergenceLogic] Cinema-fix-C symmetric radius: bothSidesRadius=300 (mult x3.0) â€” distance-filtered 12
[2026-05-08 20:29:09.431] [CrestBattleConvergenceLogic] Y.12d-fix23 stagger: initial=45s cadence=5s -> first lord at +45s, last (idx 24) at +165s
[2026-05-08 20:29:09.431] [CrestBattleConvergenceLogic] Y.12d Stage1: defenderSpawnPositions=3 attackerSpawnPositions=3 partiesSeen=1489 eligibleCandidates=25 neutralRej=53
[2026-05-08 20:29:09.437] [CrestBattleConvergenceLogic] OnMissionTick first call after Stage1: candidates=25
[2026-05-08 20:29:15.581] [CrestBattleConvergenceLogic] tick-status: now=7.2 pending=25 elapsed=0 closestRemaining=40.0s collectDef=0 collectAtt=0 reservedDef=0 reservedAtt=0
[2026-05-08 20:29:22.013] [CrestBattleConvergenceLogic] tick-status: now=12.2 pending=25 elapsed=0 closestRemaining=35.0s collectDef=0 collectAtt=0 reservedDef=0 reservedAtt=0
[2026-05-08 20:29:27.015] [CrestBattleConvergenceLogic] tick-status: now=17.2 pending=25 elapsed=0 closestRemaining=30.0s collectDef=0 collectAtt=0 reservedDef=0 reservedAtt=0
[2026-05-08 20:29:32.017] [CrestBattleConvergenceLogic] tick-status: now=22.2 pending=25 elapsed=0 closestRemaining=25.0s collectDef=0 collectAtt=0 reservedDef=0 reservedAtt=0
[2026-05-08 20:29:37.031] [CrestBattleConvergenceLogic] tick-status: now=27.2 pending=25 elapsed=0 closestRemaining=20.0s collectDef=0 collectAtt=0 reservedDef=0 reservedAtt=0
[2026-05-08 20:29:42.041] [CrestBattleConvergenceLogic] tick-status: now=32.2 pending=25 elapsed=0 closestRemaining=15.0s collectDef=0 collectAtt=0 reservedDef=0 reservedAtt=0
[2026-05-08 20:29:47.041] [CrestBattleConvergenceLogic] tick-status: now=37.2 pending=25 elapsed=0 closestRemaining=10.0s collectDef=0 collectAtt=0 reservedDef=0 reservedAtt=0
[2026-05-08 20:29:59.759] [CrestBattleConvergenceLogic] tick-status: now=42.2 pending=25 elapsed=0 closestRemaining=5.0s collectDef=0 collectAtt=0 reservedDef=0 reservedAtt=0
[2026-05-08 20:30:07.629] [CrestBattleConvergenceLogic] queued Servic's Party (Vlandia) team=1 side=Defender dist=7.3 active=1/5
[2026-05-08 20:30:07.638] [CrestBattleConvergenceLogic] tick-status: now=47.2 pending=24 elapsed=0 closestRemaining=5.0s collectDef=1 collectAtt=0 reservedDef=0 reservedAtt=0
[2026-05-08 20:30:07.731] [CrestBattleConvergenceLogic] registered Servic's Party on Defender: 127 agents queued (queue size now 127)
[2026-05-08 20:30:07.733] [CrestBattleHornCue] GetEventIdFromString not found -- horn cue disabled
[2026-05-08 20:30:07.747] [CrestBattleConvergenceLogic] Y.30B: pool tier=2 delta=30 variant=Standard
[2026-05-08 20:30:07.751] [CrestBattleConvergenceLogic] Y.34: pool anchors set inf=(247.4,644.1) arch=(247.8,656.1) cav=(229.4,644.8)
[2026-05-08 20:30:07.751] [CrestBattleConvergenceLogic] Y.30: enemy pool[0] lead=Servic's Party tactics=145 (first); LordCount=1
[2026-05-08 20:30:12.707] [CrestBattleConvergenceLogic] queued Adaltrud's Party (Vlandia) team=1 side=Defender dist=43.2 active=2/5
[2026-05-08 20:30:12.751] [CrestBattleConvergenceLogic] tick-status: now=52.2 pending=23 elapsed=0 closestRemaining=4.9s collectDef=1 collectAtt=0 reservedDef=0 reservedAtt=0
[2026-05-08 20:30:13.835] [CrestBattleConvergenceLogic] registered Adaltrud's Party on Defender: 72 agents queued (queue size now 72)
[2026-05-08 20:30:13.837] [CrestBattleConvergenceLogic] Y.30B: pool tier=2 delta=-101 variant=ShieldWall
[2026-05-08 20:30:13.837] [CrestBattleConvergenceLogic] Y.30: enemy pool[0] lead=Adaltrud's Party tactics=196 (escalated); LordCount=2
[2026-05-08 20:30:17.711] [CrestBattleConvergenceLogic] queued Ecarand's Party (Vlandia) team=1 side=Defender dist=57.4 active=3/5
[2026-05-08 20:30:17.760] [CrestBattleConvergenceLogic] tick-status: now=57.2 pending=22 elapsed=0 closestRemaining=4.9s collectDef=1 collectAtt=0 reservedDef=0 reservedAtt=0
[2026-05-08 20:30:19.848] [CrestBattleConvergenceLogic] registered Ecarand's Party on Defender: 74 agents queued (queue size now 74)
[2026-05-08 20:30:19.848] [CrestBattleConvergenceLogic] Y.30: enemy pool[0] joined by Ecarand's Party (tactics=175); pool lead unchanged (196)
[2026-05-08 20:30:22.723] [CrestBattleConvergenceLogic] queued Furnhard's Party (Vlandia) team=1 side=Defender dist=70.9 active=4/5
[2026-05-08 20:30:22.772] [CrestBattleConvergenceLogic] tick-status: now=62.2 pending=21 elapsed=0 closestRemaining=4.9s collectDef=1 collectAtt=0 reservedDef=0 reservedAtt=0
[2026-05-08 20:30:22.874] [CrestBattleConvergenceLogic] registered Furnhard's Party on Defender: 53 agents queued (queue size now 53)
[2026-05-08 20:30:22.874] [CrestBattleConvergenceLogic] Y.30B: pool tier=2 delta=-254 variant=ShieldWall
[2026-05-08 20:30:22.874] [CrestBattleConvergenceLogic] Y.34: pool anchors set inf=(234.9,305.2) arch=(234.5,293.2) cav=(252.9,304.5)
[2026-05-08 20:30:22.874] [CrestBattleConvergenceLogic] Y.30: enemy pool[1] lead=Furnhard's Party tactics=176 (first); LordCount=1
[2026-05-08 20:30:27.730] [CrestBattleConvergenceLogic] queued Belgir's Party (Vlandia) team=1 side=Defender dist=111.5 active=5/5
[2026-05-08 20:30:27.797] [CrestBattleConvergenceLogic] tick-status: now=67.2 pending=20 elapsed=0 closestRemaining=4.9s collectDef=1 collectAtt=0 reservedDef=0 reservedAtt=0
[2026-05-08 20:30:28.886] [CrestBattleConvergenceLogic] Y.30B: pool tier=2 delta=-309 variant=ShieldWall
[2026-05-08 20:30:28.907] [CrestBattleConvergenceLogic] registered Belgir's Party on Defender: 135 agents queued (queue size now 135)
[2026-05-08 20:30:28.907] [CrestBattleConvergenceLogic] Y.30B: pool tier=2 delta=-309 variant=ShieldWall
[2026-05-08 20:30:28.907] [CrestBattleConvergenceLogic] Y.30: enemy pool[1] lead=Belgir's Party tactics=179 (escalated); LordCount=2
[2026-05-08 20:30:32.780] [CrestBattleConvergenceLogic]   cap reached on Defender (5/5); Hecard's Party added to waiting list (size 1)
[2026-05-08 20:30:32.843] [CrestBattleConvergenceLogic] tick-status: now=72.2 pending=19 elapsed=0 closestRemaining=4.9s collectDef=0 collectAtt=0 reservedDef=0 reservedAtt=0
[2026-05-08 20:30:37.784] [CrestBattleConvergenceLogic]   cap reached on Defender (5/5); Richelda's Party added to waiting list (size 2)
[2026-05-08 20:30:37.849] [CrestBattleConvergenceLogic] tick-status: now=77.2 pending=18 elapsed=0 closestRemaining=4.9s collectDef=0 collectAtt=0 reservedDef=0 reservedAtt=0
[2026-05-08 20:30:42.789] [CrestBattleConvergenceLogic]   cap reached on Defender (5/5); Vartin's Party added to waiting list (size 3)
[2026-05-08 20:30:42.854] [CrestBattleConvergenceLogic] tick-status: now=82.2 pending=17 elapsed=0 closestRemaining=4.9s collectDef=0 collectAtt=0 reservedDef=0 reservedAtt=0
[2026-05-08 20:30:47.794] [CrestBattleConvergenceLogic]   cap reached on Defender (5/5); Romund's Party added to waiting list (size 4)
[2026-05-08 20:30:47.854] [CrestBattleConvergenceLogic] tick-status: now=87.2 pending=16 elapsed=0 closestRemaining=4.9s collectDef=0 collectAtt=0 reservedDef=0 reservedAtt=0
[2026-05-08 20:30:52.784] [CrestBattleConvergenceLogic]   cap reached on Defender (5/5); Derthert's Party added to waiting list (size 5)
[2026-05-08 20:30:52.863] [CrestBattleConvergenceLogic] tick-status: now=92.2 pending=15 elapsed=0 closestRemaining=4.9s collectDef=0 collectAtt=0 reservedDef=0 reservedAtt=0
[2026-05-08 20:30:57.794] [CrestBattleConvergenceLogic]   cap reached on Defender (5/5); Morcon's Party added to waiting list (size 6)
[2026-05-08 20:30:57.877] [CrestBattleConvergenceLogic] tick-status: now=97.3 pending=14 elapsed=0 closestRemaining=4.9s collectDef=0 collectAtt=0 reservedDef=0 reservedAtt=0
[2026-05-08 20:31:02.798] [CrestBattleConvergenceLogic] queued Asgotha's Party (Nord) team=0 side=Attacker dist=146.7 active=1/5
[2026-05-08 20:31:02.885] [CrestBattleConvergenceLogic] tick-status: now=102.3 pending=13 elapsed=0 closestRemaining=4.9s collectDef=0 collectAtt=1 reservedDef=0 reservedAtt=0
[2026-05-08 20:31:05.036] [CrestBattleConvergenceLogic] registered Asgotha's Party on Attacker: 171 agents queued (queue size now 171)
[2026-05-08 20:31:05.036] [CrestBattleConvergenceLogic] Y.30B: pool tier=2 delta=-436 variant=ShieldWall
[2026-05-08 20:31:05.036] [CrestBattleConvergenceLogic] Y.34: pool anchors set inf=(247.4,644.1) arch=(247.8,656.1) cav=(229.4,644.8)
[2026-05-08 20:31:05.036] [CrestBattleConvergenceLogic] Y.30: ally pool[0] lead=Asgotha's Party tactics=176 (first); LordCount=1
[2026-05-08 20:31:07.939] [CrestBattleConvergenceLogic]   cap reached on Defender (5/5); Unthery's Party added to waiting list (size 7)
[2026-05-08 20:31:08.033] [CrestBattleConvergenceLogic] tick-status: now=107.3 pending=12 elapsed=0 closestRemaining=4.9s collectDef=0 collectAtt=0 reservedDef=0 reservedAtt=21
[2026-05-08 20:31:11.435] [CrestBattleConvergenceLogic] Y.30C-C: MapEventSide instance methods taking MobileParty: AddNearbyPartyToPlayerMapEvent, 
[2026-05-08 20:31:11.435] [CrestBattleConvergenceLogic] Y.30C-C: all MapEventSide instance methods (declared): AutoGeneratedInstanceCollectObjects, GetTroops, GetTotalHealthyHeroCountOfSide, CountTroops, GetTotalHealthyTroopCountOfSide, CacheLeaderSimulationModifier, AddPartyInternal, RemovePartyInternal, RecalculateMemberCountOfSide, RecalculateStrengthOfSide, IsMainPartyAmongParties, CalculateTotalContribution, CalculateRenownAndInfluenceValuesOnPartyInvolved, GetSideMorale, HandleMapEventEnd, HandleMapEventEndForPartyInternal, AllocateShips, AllocateSiegeEngines, CreateOrderedSimulationShipList, GetShipCombatScore, GetShipCombatImportance, AllocateTroops, AllocateTroop, GetAllTroops, GetAllocatedTroop, GetReadyTroop, GetAllocatedTroopParty, GetReadyTroopParty, OnTroopWounded, OnTroopKilled, OnTroopRouted, OnTroopScoreHit, OnShipScoreHit, OnShipDamaged, GetWeightedShipCombatFactor, GetMapEventParty, MakeReady, MakeReadyParty, CheckReadyTroopsTemporaryCache, MakeReadyForSimulation, MakeReadyForMission, EndSimulation, InvalidateSimulationSetup, DebugAssertSimulationConsistency, Clear, SelectRandomSimulationTroop, GetRandomSimulationSiegeEngine, GetRandomSimulationShip, RemoveSelectedTroopFromSimulationList, RemoveShipFromSimulationList, OnRoundEnd, ApplySimulationDamageToShip, ApplySimulationDamageToSelectedTroop, ApplySimulatedHitRewardToShip, ApplySimulatedHitRewardToSelectedTroop, Surrender, Route, AddNearbyPartyToPlayerMapEvent, RemoveNearbyPartiesFromPlayerMapEvent, CommitXpGains, CommitRenownChanges, CommitInfluenceChanges, CommitMoraleChanges, ...
[2026-05-08 20:31:11.435] [CrestBattleConvergenceLogic] Y.29: detached 0 joiner parties from mapEvent (13 failed)
[2026-05-08 20:31:11.435] [CrestBattleConvergenceLogic] Y.12d: OnEndMission cleanup done
[2026-05-08 20:57:46.530] [CrestUnblock] processed 265 files in 10ms
[2026-05-08 20:57:46.540] [CrestQuickStart] patched VideoPlaybackState.OnVideoStarted
[2026-05-08 20:57:46.551] [CrestMessageStyle] patched TaleWorlds.Library.InformationManager.DisplayMessage(InformationMessage)
[2026-05-08 20:57:46.551] [CrestFasterTime] registered (master toggle gates per-tick work)
[2026-05-08 20:57:48.490] [CrestMessageStyle] first DisplayMessage probe -- Mission.Current=null, Campaign.Current=null (Game.Current=null, informational only)
[2026-05-08 20:57:49.582] [CrestFasterTime] API resolved: Campaign.SpeedUpMultiplier=ok, SetTimeSpeed(int)=ok, Input.IsKeyPressed=ok
[2026-05-08 20:57:53.159] [CrestPatchSelfTest] GetAllPatchedMethods returned 358 methods
[2026-05-08 20:57:53.174] [CrestPatchSelfTest] OK   UIExtenderEx.WidgetPrefab.LoadFrom (transpiler) — bound by Bannerlord.UIExtenderEx.Patches.WidgetPrefabPatch.WidgetPrefab_LoadFrom_Transpiler on LoadFrom
[2026-05-08 20:57:53.180] [CrestPatchSelfTest] HARD ButterLib.Module.SetInitialModuleScreenAsRootScreen (transpiler) — target method patched, but no patch from Bannerlord.ButterLib.Implementation.MBSubModuleBaseExtended.Patches.ModulePatch (owners: [MCM.UI.Adapter.MCMv5]; declaring types: [MCM.UI.MCMUIAdapterSubModule])
[2026-05-08 20:57:53.181] [CrestPatchSelfTest] HARD ButterLib.Module.FinalizeSubModules (postfix) — no patch found on TaleWorlds.MountAndBlade.Module.FinalizeSubModules (other patched methods on this type: LoadSubModules, InitializeSubModuleBases, ProcessApplicationArguments, SetInitialModuleScreenAsRootScreen)
[2026-05-08 20:57:53.182] [CrestPatchSelfTest] HARD BEW.Managed.ApplicationTick (finalizer) — no patch found on TaleWorlds.DotNet.Managed.ApplicationTick (no methods on this type are patched at all)
[2026-05-08 20:57:53.183] [CrestPatchSelfTest] HARD BEW.Module.OnApplicationTick (finalizer) — no patch found on TaleWorlds.MountAndBlade.Module.OnApplicationTick (other patched methods on this type: LoadSubModules, InitializeSubModuleBases, ProcessApplicationArguments, SetInitialModuleScreenAsRootScreen)
[2026-05-08 20:57:53.186] [CrestPatchSelfTest] HARD BEW.ScreenManager.Tick (finalizer) — no patch found on TaleWorlds.ScreenSystem.ScreenManager.Tick (no methods on this type are patched at all)
[2026-05-08 20:57:53.192] [CrestPatchSelfTest] HARD BEW.ManagedScriptHolder.TickComponents (finalizer) — no patch found on TaleWorlds.Engine.ManagedScriptHolder.TickComponents (no methods on this type are patched at all)
[2026-05-08 20:57:53.193] [CrestPatchSelfTest] HARD BEW.Mission.Tick (finalizer) — no patch found on TaleWorlds.MountAndBlade.Mission.Tick (other patched methods on this type: UpdateSceneTimeSpeed, OnTeamDeployed, OnDeploymentFinished, CanTakeControlOfAgent)
[2026-05-08 20:57:53.196] [CrestPatchSelfTest] SOFT UIExtenderEx.GauntletMovie.Load (conditional prefix) — no patch found on TaleWorlds.GauntletUI.Data.GauntletMovie.Load (other patched methods on this type: LoadMovie)
[2026-05-08 20:57:53.202] [CrestPatchSelfTest] OK   UIExtenderEx.WidgetFactory.GetCustomType (prefix) — bound by Bannerlord.UIExtenderEx.ResourceManager.WidgetFactoryManager.GetCustomTypePrefix on GetCustomType
[2026-05-08 20:57:53.206] [CrestPatchSelfTest] OK   UIExtenderEx.WidgetFactory.CreateBuiltinWidget (prefix) — bound by Bannerlord.UIExtenderEx.ResourceManager.WidgetFactoryManager.CreateBuiltinWidgetPrefix on CreateBuiltinWidget
[2026-05-08 20:57:53.209] [CrestPatchSelfTest] OK   UIExtenderEx.WidgetFactory.GetWidgetTypes (postfix) — bound by Bannerlord.UIExtenderEx.ResourceManager.WidgetFactoryManager.GetWidgetTypesPostfix on GetWidgetTypes
[2026-05-08 20:57:53.216] [CrestPatchSelfTest] OK   UIExtenderEx.WidgetFactory.IsCustomType (prefix) — bound by Bannerlord.UIExtenderEx.ResourceManager.WidgetFactoryManager.IsCustomTypePrefix on IsCustomType
[2026-05-08 20:57:53.218] [CrestPatchSelfTest] OK   UIExtenderEx.WidgetTemplate.CreateWidgets (transpiler, soft) — bound by Bannerlord.UIExtenderEx.ResourceManager.WidgetFactoryManager.BlankTranspiler on CreateWidgets
[2026-05-08 20:57:53.220] [CrestPatchSelfTest] OK   UIExtenderEx.GauntletMovie.LoadMovie (transpiler, soft) — bound by Bannerlord.UIExtenderEx.ResourceManager.WidgetFactoryManager.BlankTranspiler on LoadMovie
[2026-05-08 20:57:53.220] [CrestPatchSelfTest] summary: 7 bound, 7 hard miss, 1 soft miss (of 15 total)
[2026-05-08 20:57:53.235] [CrestCampaignLogFilter] patched CampaignInformationManager.NewLogEntryAdded — 39 classified entry types across 6 buckets
[2026-05-08 20:57:53.246] [CrestCutThroughEveryone] patched cut-through hooks (gated on EnableCutThroughEveryone master toggle)
[2026-05-08 20:57:53.248] [CrestPlayerInvincibleDamageClamp] patched Mission.RegisterBlow (damage clamp for player hero)
[2026-05-08 20:57:53.250] [CrestTacticPatch] patched TacticComponent.SetDefaultBehaviorWeights (skip for slot >= 10)
[2026-05-08 20:57:53.285] [CrestCampaignTweaks] FasterShips bound: TaleWorlds.CampaignSystem.Party.MobileParty.CalculateSpeed (postfix)
[2026-05-08 20:57:53.306] [CrestCampaignTweaks] AchievementsWithMods bound: SandBox.CampaignBehaviors.DumpIntegrityCampaignBehavior.IsGameIntegrityAchieved (postfix)
[2026-05-08 20:57:53.332] [CrestCampaignTweaks] AchievementsDeactivateBlock bound: StoryMode.GameComponents.CampaignBehaviors.AchievementsCampaignBehavior.DeactivateAchievements (prefix)
[2026-05-08 20:57:53.356] [CrestCampaignTweaks] RTSCameraNavalShim bound: RTSCamera.Patch.Naval.Patch_AgentNavalComponent.Prefix_OnTick (prefix)
[2026-05-08 20:57:53.373] [CrestCampaignTweaks] PreventClanDeath bound: TaleWorlds.CampaignSystem.CampaignBehaviors.AgingCampaignBehavior.IsItTimeOfDeath (prefix)
[2026-05-08 20:57:53.381] [CrestCampaignTweaks] PlayerNoFlinch bound: TaleWorlds.MountAndBlade.Mission.RegisterBlow (prefix)
[2026-05-08 20:57:53.397] [CrestCampaignTweaks] NoExecutionPenalty bound: TaleWorlds.CampaignSystem.CampaignBehaviors.CharacterRelationCampaignBehavior.OnHeroKilled (prefix)
[2026-05-08 20:57:53.411] [CrestCampaignTweaks] ClanTournamentExclusion bound: TaleWorlds.CampaignSystem.TournamentGames.FightTournamentGame.CanBeAParticipant (prefix)
[2026-05-08 20:57:53.426] [CrestCampaignTweaks] ClanPartySpeedBonus bound: TaleWorlds.CampaignSystem.Party.MobileParty.CalculateSpeed (postfix)
[2026-05-08 20:57:53.443] [CrestCampaignTweaks] StopPrisonerEscape (daily) bound: TaleWorlds.CampaignSystem.CampaignBehaviors.PrisonerReleaseCampaignBehavior.DailyHeroTick (prefix)
[2026-05-08 20:57:53.458] [CrestCampaignTweaks] StopPrisonerEscape (hourly) bound: TaleWorlds.CampaignSystem.CampaignBehaviors.PrisonerReleaseCampaignBehavior.HourlyPartyTick (prefix)
[2026-05-08 20:57:53.475] [CrestCampaignTweaks] LootCapturedHeroes bound: TaleWorlds.CampaignSystem.MapEvents.MapEvent.LootDefeatedPartyPrisoners (postfix)
[2026-05-08 20:57:53.490] [CrestCampaignTweaks] NoArrowsStuck bound: TaleWorlds.MountAndBlade.Mission.HandleMissileCollisionReaction (postfix)
[2026-05-08 20:57:53.504] [CrestCampaignTweaks] MarriageStaysInClan bound: TaleWorlds.CampaignSystem.GameComponents.DefaultMarriageModel.GetClanAfterMarriage (postfix)
[2026-05-08 20:57:53.519] [CrestCampaignTweaks] PregnancyChanceUncapped bound: TaleWorlds.CampaignSystem.GameComponents.DefaultPregnancyModel.GetDailyChanceOfPregnancyForHero (postfix)
[2026-05-08 20:57:53.534] [CrestCampaignTweaks] UnlockAllSmithingRecipes bound: TaleWorlds.CampaignSystem.CampaignBehaviors.CraftingCampaignBehavior.IsOpened (postfix)
[2026-05-08 20:57:53.549] [CrestCampaignTweaks] LifelongLearning bound: TaleWorlds.CampaignSystem.GameComponents.DefaultCharacterDevelopmentModel.CalculateLearningRate (postfix)
[2026-05-08 20:57:53.563] [CrestCampaignTweaks] TavernCompanions.DailyTick bound: TaleWorlds.CampaignSystem.CampaignBehaviors.CompanionsCampaignBehavior.DailyTick (postfix)
[2026-05-08 20:57:53.575] [CrestCampaignTweaks] TavernCompanions.DesiredCount bound: TaleWorlds.CampaignSystem.CampaignBehaviors.CompanionsCampaignBehavior.get__desiredTotalCompanionCount (postfix)
[2026-05-08 20:57:53.575] [CrestCampaignTweaks] patched campaign tweaks (legacy EnableCampaignTweaks group)
[2026-05-08 20:57:53.604] [CrestBattleSize] patched (always-on; preset count=7, agent cap=2040)
[2026-05-08 20:57:53.627] [CrestTierUnlocker] patched tier caps (gated on EnableTierUnlocker)
[2026-05-08 20:58:08.923] [CrestBattleConvergenceDialogueBehavior] registered rescue-thanks dialogue lines
[2026-05-08 20:58:08.923] [SubModule] Y.12d-feature#128: registered Battle Convergence rescue dialogue behavior
[2026-05-08 20:58:17.542] [CrestCampaignTweaks] AchievementsWithMods: blocked DeactivateAchievements call
[2026-05-08 20:58:22.222] [CrestCompanionHotswap] added swap + select behaviors to mission
[2026-05-08 20:58:22.225] [CrestBattleConvergence] added convergence behavior to mission
[2026-05-08 20:58:22.299] [CrestBattleConvergenceLogic] flat radius (slider mode): 100
[2026-05-08 20:58:22.345] [CrestBattleConvergenceLogic] Y.12d AfterStart: reinforce=True debug=False radius=100 maxPerSide=6 timerset=1000 playerSide=Attacker isPlayerDefender=False missionAgentSpawnLogic=null
[2026-05-08 20:58:24.863] [CrestBattleConvergenceLogic] Y.30: ensured 2 ally pools (6 formations, indices 10..15)
[2026-05-08 20:58:24.867] [CrestBattleConvergenceLogic] Y.35: ensured 2 enemy pools (6 formations, indices 10..15)
[2026-05-08 20:58:24.875] [CrestBattleConvergenceLogic] Cinema-fix-C symmetric radius: bothSidesRadius=300 (mult x3.0) â€” distance-filtered 12
[2026-05-08 20:58:24.875] [CrestBattleConvergenceLogic] Y.12d-fix23 stagger: initial=45s cadence=5s -> first lord at +45s, last (idx 24) at +165s
[2026-05-08 20:58:24.875] [CrestBattleConvergenceLogic] Y.12d Stage1: defenderSpawnPositions=3 attackerSpawnPositions=3 partiesSeen=1489 eligibleCandidates=25 neutralRej=53
[2026-05-08 20:58:24.900] [CrestBattleConvergenceLogic] OnMissionTick first call after Stage1: candidates=25
[2026-05-08 20:58:30.716] [CrestBattleConvergenceLogic] tick-status: now=6.0 pending=25 elapsed=0 closestRemaining=40.0s collectDef=0 collectAtt=0 reservedDef=0 reservedAtt=0
[2026-05-08 20:58:35.732] [CrestBattleConvergenceLogic] tick-status: now=11.0 pending=25 elapsed=0 closestRemaining=35.0s collectDef=0 collectAtt=0 reservedDef=0 reservedAtt=0
[2026-05-08 20:58:40.737] [CrestBattleConvergenceLogic] tick-status: now=16.0 pending=25 elapsed=0 closestRemaining=30.0s collectDef=0 collectAtt=0 reservedDef=0 reservedAtt=0
[2026-05-08 20:58:45.751] [CrestBattleConvergenceLogic] tick-status: now=21.0 pending=25 elapsed=0 closestRemaining=25.0s collectDef=0 collectAtt=0 reservedDef=0 reservedAtt=0
[2026-05-08 20:58:50.639] [CrestBattleConvergenceLogic] tick-status: now=26.1 pending=25 elapsed=0 closestRemaining=19.9s collectDef=0 collectAtt=0 reservedDef=0 reservedAtt=0
[2026-05-08 20:58:52.319] [CrestBattleConvergenceLogic] tick-status: now=31.1 pending=25 elapsed=0 closestRemaining=14.9s collectDef=0 collectAtt=0 reservedDef=0 reservedAtt=0
[2026-05-08 20:58:53.991] [CrestBattleConvergenceLogic] tick-status: now=36.1 pending=25 elapsed=0 closestRemaining=9.9s collectDef=0 collectAtt=0 reservedDef=0 reservedAtt=0
[2026-05-08 20:58:55.660] [CrestBattleConvergenceLogic] tick-status: now=41.1 pending=25 elapsed=0 closestRemaining=4.9s collectDef=0 collectAtt=0 reservedDef=0 reservedAtt=0
[2026-05-08 20:59:00.529] [CrestBattleConvergenceLogic] queued Servic's Party (Vlandia) team=1 side=Defender dist=7.3 active=1/5
[2026-05-08 20:59:00.622] [CrestBattleConvergenceLogic] tick-status: now=46.1 pending=24 elapsed=0 closestRemaining=4.9s collectDef=1 collectAtt=0 reservedDef=0 reservedAtt=0
[2026-05-08 20:59:00.676] [CrestBattleConvergenceLogic] registered Servic's Party on Defender: 127 agents queued (queue size now 127)
[2026-05-08 20:59:00.678] [CrestBattleHornCue] GetEventIdFromString not found -- horn cue disabled
[2026-05-08 20:59:00.692] [CrestBattleConvergenceLogic] Y.30B: pool tier=2 delta=26 variant=Standard
[2026-05-08 20:59:00.696] [CrestBattleConvergenceLogic] Y.34: pool anchors set inf=(247.4,644.1) arch=(247.8,656.1) cav=(229.4,644.8)
[2026-05-08 20:59:00.696] [CrestBattleConvergenceLogic] Y.30: enemy pool[0] lead=Servic's Party tactics=145 (first); LordCount=1
[2026-05-08 21:22:20.134] [CrestUnblock] processed 265 files in 13ms
[2026-05-08 21:22:20.145] [CrestQuickStart] patched VideoPlaybackState.OnVideoStarted
[2026-05-08 21:22:20.154] [CrestMessageStyle] patched TaleWorlds.Library.InformationManager.DisplayMessage(InformationMessage)
[2026-05-08 21:22:20.154] [CrestFasterTime] registered (master toggle gates per-tick work)
[2026-05-08 21:22:22.262] [CrestMessageStyle] first DisplayMessage probe -- Mission.Current=null, Campaign.Current=null (Game.Current=null, informational only)
[2026-05-08 21:22:23.366] [CrestFasterTime] API resolved: Campaign.SpeedUpMultiplier=ok, SetTimeSpeed(int)=ok, Input.IsKeyPressed=ok
[2026-05-08 21:22:26.981] [CrestPatchSelfTest] GetAllPatchedMethods returned 358 methods
[2026-05-08 21:22:26.994] [CrestPatchSelfTest] OK   UIExtenderEx.WidgetPrefab.LoadFrom (transpiler) — bound by Bannerlord.UIExtenderEx.Patches.WidgetPrefabPatch.WidgetPrefab_LoadFrom_Transpiler on LoadFrom
[2026-05-08 21:22:27.001] [CrestPatchSelfTest] HARD ButterLib.Module.SetInitialModuleScreenAsRootScreen (transpiler) — target method patched, but no patch from Bannerlord.ButterLib.Implementation.MBSubModuleBaseExtended.Patches.ModulePatch (owners: [MCM.UI.Adapter.MCMv5]; declaring types: [MCM.UI.MCMUIAdapterSubModule])
[2026-05-08 21:22:27.002] [CrestPatchSelfTest] HARD ButterLib.Module.FinalizeSubModules (postfix) — no patch found on TaleWorlds.MountAndBlade.Module.FinalizeSubModules (other patched methods on this type: LoadSubModules, InitializeSubModuleBases, ProcessApplicationArguments, SetInitialModuleScreenAsRootScreen)
[2026-05-08 21:22:27.003] [CrestPatchSelfTest] HARD BEW.Managed.ApplicationTick (finalizer) — no patch found on TaleWorlds.DotNet.Managed.ApplicationTick (no methods on this type are patched at all)
[2026-05-08 21:22:27.005] [CrestPatchSelfTest] HARD BEW.Module.OnApplicationTick (finalizer) — no patch found on TaleWorlds.MountAndBlade.Module.OnApplicationTick (other patched methods on this type: LoadSubModules, InitializeSubModuleBases, ProcessApplicationArguments, SetInitialModuleScreenAsRootScreen)
[2026-05-08 21:22:27.007] [CrestPatchSelfTest] HARD BEW.ScreenManager.Tick (finalizer) — no patch found on TaleWorlds.ScreenSystem.ScreenManager.Tick (no methods on this type are patched at all)
[2026-05-08 21:22:27.008] [CrestPatchSelfTest] HARD BEW.ManagedScriptHolder.TickComponents (finalizer) — no patch found on TaleWorlds.Engine.ManagedScriptHolder.TickComponents (no methods on this type are patched at all)
[2026-05-08 21:22:27.009] [CrestPatchSelfTest] HARD BEW.Mission.Tick (finalizer) — no patch found on TaleWorlds.MountAndBlade.Mission.Tick (other patched methods on this type: UpdateSceneTimeSpeed, OnTeamDeployed, OnDeploymentFinished, CanTakeControlOfAgent)
[2026-05-08 21:22:27.015] [CrestPatchSelfTest] SOFT UIExtenderEx.GauntletMovie.Load (conditional prefix) — no patch found on TaleWorlds.GauntletUI.Data.GauntletMovie.Load (other patched methods on this type: LoadMovie)
[2026-05-08 21:22:27.020] [CrestPatchSelfTest] OK   UIExtenderEx.WidgetFactory.GetCustomType (prefix) — bound by Bannerlord.UIExtenderEx.ResourceManager.WidgetFactoryManager.GetCustomTypePrefix on GetCustomType
[2026-05-08 21:22:27.022] [CrestPatchSelfTest] OK   UIExtenderEx.WidgetFactory.CreateBuiltinWidget (prefix) — bound by Bannerlord.UIExtenderEx.ResourceManager.WidgetFactoryManager.CreateBuiltinWidgetPrefix on CreateBuiltinWidget
[2026-05-08 21:22:27.029] [CrestPatchSelfTest] OK   UIExtenderEx.WidgetFactory.GetWidgetTypes (postfix) — bound by Bannerlord.UIExtenderEx.ResourceManager.WidgetFactoryManager.GetWidgetTypesPostfix on GetWidgetTypes
[2026-05-08 21:22:27.032] [CrestPatchSelfTest] OK   UIExtenderEx.WidgetFactory.IsCustomType (prefix) — bound by Bannerlord.UIExtenderEx.ResourceManager.WidgetFactoryManager.IsCustomTypePrefix on IsCustomType
[2026-05-08 21:22:27.034] [CrestPatchSelfTest] OK   UIExtenderEx.WidgetTemplate.CreateWidgets (transpiler, soft) — bound by Bannerlord.UIExtenderEx.ResourceManager.WidgetFactoryManager.BlankTranspiler on CreateWidgets
[2026-05-08 21:22:27.042] [CrestPatchSelfTest] OK   UIExtenderEx.GauntletMovie.LoadMovie (transpiler, soft) — bound by Bannerlord.UIExtenderEx.ResourceManager.WidgetFactoryManager.BlankTranspiler on LoadMovie
[2026-05-08 21:22:27.042] [CrestPatchSelfTest] summary: 7 bound, 7 hard miss, 1 soft miss (of 15 total)
[2026-05-08 21:22:27.050] [CrestCampaignLogFilter] patched CampaignInformationManager.NewLogEntryAdded — 39 classified entry types across 6 buckets
[2026-05-08 21:22:27.060] [CrestCutThroughEveryone] patched cut-through hooks (gated on EnableCutThroughEveryone master toggle)
[2026-05-08 21:22:27.064] [CrestPlayerInvincibleDamageClamp] patched Mission.RegisterBlow (damage clamp for player hero)
[2026-05-08 21:22:27.065] [CrestTacticPatch] patched TacticComponent.SetDefaultBehaviorWeights (skip for slot >= 10)
[2026-05-08 21:22:27.098] [CrestCampaignTweaks] FasterShips bound: TaleWorlds.CampaignSystem.Party.MobileParty.CalculateSpeed (postfix)
[2026-05-08 21:22:27.122] [CrestCampaignTweaks] AchievementsWithMods bound: SandBox.CampaignBehaviors.DumpIntegrityCampaignBehavior.IsGameIntegrityAchieved (postfix)
[2026-05-08 21:22:27.149] [CrestCampaignTweaks] AchievementsDeactivateBlock bound: StoryMode.GameComponents.CampaignBehaviors.AchievementsCampaignBehavior.DeactivateAchievements (prefix)
[2026-05-08 21:22:27.176] [CrestCampaignTweaks] RTSCameraNavalShim bound: RTSCamera.Patch.Naval.Patch_AgentNavalComponent.Prefix_OnTick (prefix)
[2026-05-08 21:22:27.193] [CrestCampaignTweaks] PreventClanDeath bound: TaleWorlds.CampaignSystem.CampaignBehaviors.AgingCampaignBehavior.IsItTimeOfDeath (prefix)
[2026-05-08 21:22:27.200] [CrestCampaignTweaks] PlayerNoFlinch bound: TaleWorlds.MountAndBlade.Mission.RegisterBlow (prefix)
[2026-05-08 21:22:27.216] [CrestCampaignTweaks] NoExecutionPenalty bound: TaleWorlds.CampaignSystem.CampaignBehaviors.CharacterRelationCampaignBehavior.OnHeroKilled (prefix)
[2026-05-08 21:22:27.230] [CrestCampaignTweaks] ClanTournamentExclusion bound: TaleWorlds.CampaignSystem.TournamentGames.FightTournamentGame.CanBeAParticipant (prefix)
[2026-05-08 21:22:27.245] [CrestCampaignTweaks] ClanPartySpeedBonus bound: TaleWorlds.CampaignSystem.Party.MobileParty.CalculateSpeed (postfix)
[2026-05-08 21:22:27.263] [CrestCampaignTweaks] StopPrisonerEscape (daily) bound: TaleWorlds.CampaignSystem.CampaignBehaviors.PrisonerReleaseCampaignBehavior.DailyHeroTick (prefix)
[2026-05-08 21:22:27.278] [CrestCampaignTweaks] StopPrisonerEscape (hourly) bound: TaleWorlds.CampaignSystem.CampaignBehaviors.PrisonerReleaseCampaignBehavior.HourlyPartyTick (prefix)
[2026-05-08 21:22:27.296] [CrestCampaignTweaks] LootCapturedHeroes bound: TaleWorlds.CampaignSystem.MapEvents.MapEvent.LootDefeatedPartyPrisoners (postfix)
[2026-05-08 21:22:27.311] [CrestCampaignTweaks] NoArrowsStuck bound: TaleWorlds.MountAndBlade.Mission.HandleMissileCollisionReaction (postfix)
[2026-05-08 21:22:27.325] [CrestCampaignTweaks] MarriageStaysInClan bound: TaleWorlds.CampaignSystem.GameComponents.DefaultMarriageModel.GetClanAfterMarriage (postfix)
[2026-05-08 21:22:27.340] [CrestCampaignTweaks] PregnancyChanceUncapped bound: TaleWorlds.CampaignSystem.GameComponents.DefaultPregnancyModel.GetDailyChanceOfPregnancyForHero (postfix)
[2026-05-08 21:22:27.354] [CrestCampaignTweaks] UnlockAllSmithingRecipes bound: TaleWorlds.CampaignSystem.CampaignBehaviors.CraftingCampaignBehavior.IsOpened (postfix)
[2026-05-08 21:22:27.369] [CrestCampaignTweaks] LifelongLearning bound: TaleWorlds.CampaignSystem.GameComponents.DefaultCharacterDevelopmentModel.CalculateLearningRate (postfix)
[2026-05-08 21:22:27.382] [CrestCampaignTweaks] TavernCompanions.DailyTick bound: TaleWorlds.CampaignSystem.CampaignBehaviors.CompanionsCampaignBehavior.DailyTick (postfix)
[2026-05-08 21:22:27.396] [CrestCampaignTweaks] TavernCompanions.DesiredCount bound: TaleWorlds.CampaignSystem.CampaignBehaviors.CompanionsCampaignBehavior.get__desiredTotalCompanionCount (postfix)
[2026-05-08 21:22:27.396] [CrestCampaignTweaks] patched campaign tweaks (legacy EnableCampaignTweaks group)
[2026-05-08 21:22:27.425] [CrestBattleSize] patched (always-on; preset count=7, agent cap=2040)
[2026-05-08 21:22:27.447] [CrestTierUnlocker] patched tier caps (gated on EnableTierUnlocker)
[2026-05-08 21:22:58.437] [CrestBattleConvergenceDialogueBehavior] registered rescue-thanks dialogue lines
[2026-05-08 21:22:58.437] [SubModule] Y.12d-feature#128: registered Battle Convergence rescue dialogue behavior
[2026-05-08 21:23:07.331] [CrestCampaignTweaks] AchievementsWithMods: blocked DeactivateAchievements call
[2026-05-08 21:23:13.727] [CrestCompanionHotswap] added swap + select behaviors to mission
[2026-05-08 21:23:13.729] [CrestBattleConvergence] added convergence behavior to mission
[2026-05-08 21:23:13.802] [CrestBattleConvergenceLogic] flat radius (slider mode): 100
[2026-05-08 21:23:13.855] [CrestBattleConvergenceLogic] Y.12d AfterStart: reinforce=True debug=False radius=100 maxPerSide=6 timerset=1000 playerSide=Attacker isPlayerDefender=False missionAgentSpawnLogic=null
[2026-05-08 21:31:56.649] [CrestUnblock] processed 265 files in 12ms
[2026-05-08 21:31:56.660] [CrestQuickStart] patched VideoPlaybackState.OnVideoStarted
[2026-05-08 21:31:56.666] [CrestMessageStyle] patched TaleWorlds.Library.InformationManager.DisplayMessage(InformationMessage)
[2026-05-08 21:31:56.666] [CrestFasterTime] registered (master toggle gates per-tick work)
[2026-05-08 21:31:58.576] [CrestMessageStyle] first DisplayMessage probe -- Mission.Current=null, Campaign.Current=null (Game.Current=null, informational only)
[2026-05-08 21:31:59.697] [CrestFasterTime] API resolved: Campaign.SpeedUpMultiplier=ok, SetTimeSpeed(int)=ok, Input.IsKeyPressed=ok
[2026-05-08 21:32:03.316] [CrestPatchSelfTest] GetAllPatchedMethods returned 358 methods
[2026-05-08 21:32:03.331] [CrestPatchSelfTest] OK   UIExtenderEx.WidgetPrefab.LoadFrom (transpiler) — bound by Bannerlord.UIExtenderEx.Patches.WidgetPrefabPatch.WidgetPrefab_LoadFrom_Transpiler on LoadFrom
[2026-05-08 21:32:03.337] [CrestPatchSelfTest] HARD ButterLib.Module.SetInitialModuleScreenAsRootScreen (transpiler) — target method patched, but no patch from Bannerlord.ButterLib.Implementation.MBSubModuleBaseExtended.Patches.ModulePatch (owners: [MCM.UI.Adapter.MCMv5]; declaring types: [MCM.UI.MCMUIAdapterSubModule])
[2026-05-08 21:32:03.338] [CrestPatchSelfTest] HARD ButterLib.Module.FinalizeSubModules (postfix) — no patch found on TaleWorlds.MountAndBlade.Module.FinalizeSubModules (other patched methods on this type: LoadSubModules, InitializeSubModuleBases, ProcessApplicationArguments, SetInitialModuleScreenAsRootScreen)
[2026-05-08 21:32:03.339] [CrestPatchSelfTest] HARD BEW.Managed.ApplicationTick (finalizer) — no patch found on TaleWorlds.DotNet.Managed.ApplicationTick (no methods on this type are patched at all)
[2026-05-08 21:32:03.340] [CrestPatchSelfTest] HARD BEW.Module.OnApplicationTick (finalizer) — no patch found on TaleWorlds.MountAndBlade.Module.OnApplicationTick (other patched methods on this type: LoadSubModules, InitializeSubModuleBases, ProcessApplicationArguments, SetInitialModuleScreenAsRootScreen)
[2026-05-08 21:32:03.342] [CrestPatchSelfTest] HARD BEW.ScreenManager.Tick (finalizer) — no patch found on TaleWorlds.ScreenSystem.ScreenManager.Tick (no methods on this type are patched at all)
[2026-05-08 21:32:03.343] [CrestPatchSelfTest] HARD BEW.ManagedScriptHolder.TickComponents (finalizer) — no patch found on TaleWorlds.Engine.ManagedScriptHolder.TickComponents (no methods on this type are patched at all)
[2026-05-08 21:32:03.344] [CrestPatchSelfTest] HARD BEW.Mission.Tick (finalizer) — no patch found on TaleWorlds.MountAndBlade.Mission.Tick (other patched methods on this type: UpdateSceneTimeSpeed, OnTeamDeployed, OnDeploymentFinished, CanTakeControlOfAgent)
[2026-05-08 21:32:03.351] [CrestPatchSelfTest] SOFT UIExtenderEx.GauntletMovie.Load (conditional prefix) — no patch found on TaleWorlds.GauntletUI.Data.GauntletMovie.Load (other patched methods on this type: LoadMovie)
[2026-05-08 21:32:03.356] [CrestPatchSelfTest] OK   UIExtenderEx.WidgetFactory.GetCustomType (prefix) — bound by Bannerlord.UIExtenderEx.ResourceManager.WidgetFactoryManager.GetCustomTypePrefix on GetCustomType
[2026-05-08 21:32:03.358] [CrestPatchSelfTest] OK   UIExtenderEx.WidgetFactory.CreateBuiltinWidget (prefix) — bound by Bannerlord.UIExtenderEx.ResourceManager.WidgetFactoryManager.CreateBuiltinWidgetPrefix on CreateBuiltinWidget
[2026-05-08 21:32:03.364] [CrestPatchSelfTest] OK   UIExtenderEx.WidgetFactory.GetWidgetTypes (postfix) — bound by Bannerlord.UIExtenderEx.ResourceManager.WidgetFactoryManager.GetWidgetTypesPostfix on GetWidgetTypes
[2026-05-08 21:32:03.367] [CrestPatchSelfTest] OK   UIExtenderEx.WidgetFactory.IsCustomType (prefix) — bound by Bannerlord.UIExtenderEx.ResourceManager.WidgetFactoryManager.IsCustomTypePrefix on IsCustomType
[2026-05-08 21:32:03.369] [CrestPatchSelfTest] OK   UIExtenderEx.WidgetTemplate.CreateWidgets (transpiler, soft) — bound by Bannerlord.UIExtenderEx.ResourceManager.WidgetFactoryManager.BlankTranspiler on CreateWidgets
[2026-05-08 21:32:03.378] [CrestPatchSelfTest] OK   UIExtenderEx.GauntletMovie.LoadMovie (transpiler, soft) — bound by Bannerlord.UIExtenderEx.ResourceManager.WidgetFactoryManager.BlankTranspiler on LoadMovie
[2026-05-08 21:32:03.378] [CrestPatchSelfTest] summary: 7 bound, 7 hard miss, 1 soft miss (of 15 total)
[2026-05-08 21:32:03.386] [CrestCampaignLogFilter] patched CampaignInformationManager.NewLogEntryAdded — 39 classified entry types across 6 buckets
[2026-05-08 21:32:03.396] [CrestCutThroughEveryone] patched cut-through hooks (gated on EnableCutThroughEveryone master toggle)
[2026-05-08 21:32:03.400] [CrestPlayerInvincibleDamageClamp] patched Mission.RegisterBlow (damage clamp for player hero)
[2026-05-08 21:32:03.401] [CrestTacticPatch] patched TacticComponent.SetDefaultBehaviorWeights (skip for slot >= 10)
[2026-05-08 21:32:03.434] [CrestCampaignTweaks] FasterShips bound: TaleWorlds.CampaignSystem.Party.MobileParty.CalculateSpeed (postfix)
[2026-05-08 21:32:03.458] [CrestCampaignTweaks] AchievementsWithMods bound: SandBox.CampaignBehaviors.DumpIntegrityCampaignBehavior.IsGameIntegrityAchieved (postfix)
[2026-05-08 21:32:03.484] [CrestCampaignTweaks] AchievementsDeactivateBlock bound: StoryMode.GameComponents.CampaignBehaviors.AchievementsCampaignBehavior.DeactivateAchievements (prefix)
[2026-05-08 21:32:03.511] [CrestCampaignTweaks] RTSCameraNavalShim bound: RTSCamera.Patch.Naval.Patch_AgentNavalComponent.Prefix_OnTick (prefix)
[2026-05-08 21:32:03.528] [CrestCampaignTweaks] PreventClanDeath bound: TaleWorlds.CampaignSystem.CampaignBehaviors.AgingCampaignBehavior.IsItTimeOfDeath (prefix)
[2026-05-08 21:32:03.536] [CrestCampaignTweaks] PlayerNoFlinch bound: TaleWorlds.MountAndBlade.Mission.RegisterBlow (prefix)
[2026-05-08 21:32:03.552] [CrestCampaignTweaks] NoExecutionPenalty bound: TaleWorlds.CampaignSystem.CampaignBehaviors.CharacterRelationCampaignBehavior.OnHeroKilled (prefix)
[2026-05-08 21:32:03.567] [CrestCampaignTweaks] ClanTournamentExclusion bound: TaleWorlds.CampaignSystem.TournamentGames.FightTournamentGame.CanBeAParticipant (prefix)
[2026-05-08 21:32:03.581] [CrestCampaignTweaks] ClanPartySpeedBonus bound: TaleWorlds.CampaignSystem.Party.MobileParty.CalculateSpeed (postfix)
[2026-05-08 21:32:03.599] [CrestCampaignTweaks] StopPrisonerEscape (daily) bound: TaleWorlds.CampaignSystem.CampaignBehaviors.PrisonerReleaseCampaignBehavior.DailyHeroTick (prefix)
[2026-05-08 21:32:03.614] [CrestCampaignTweaks] StopPrisonerEscape (hourly) bound: TaleWorlds.CampaignSystem.CampaignBehaviors.PrisonerReleaseCampaignBehavior.HourlyPartyTick (prefix)
[2026-05-08 21:32:03.631] [CrestCampaignTweaks] LootCapturedHeroes bound: TaleWorlds.CampaignSystem.MapEvents.MapEvent.LootDefeatedPartyPrisoners (postfix)
[2026-05-08 21:32:03.648] [CrestCampaignTweaks] NoArrowsStuck bound: TaleWorlds.MountAndBlade.Mission.HandleMissileCollisionReaction (postfix)
[2026-05-08 21:32:03.662] [CrestCampaignTweaks] MarriageStaysInClan bound: TaleWorlds.CampaignSystem.GameComponents.DefaultMarriageModel.GetClanAfterMarriage (postfix)
[2026-05-08 21:32:03.678] [CrestCampaignTweaks] PregnancyChanceUncapped bound: TaleWorlds.CampaignSystem.GameComponents.DefaultPregnancyModel.GetDailyChanceOfPregnancyForHero (postfix)
[2026-05-08 21:32:03.692] [CrestCampaignTweaks] UnlockAllSmithingRecipes bound: TaleWorlds.CampaignSystem.CampaignBehaviors.CraftingCampaignBehavior.IsOpened (postfix)
[2026-05-08 21:32:03.707] [CrestCampaignTweaks] LifelongLearning bound: TaleWorlds.CampaignSystem.GameComponents.DefaultCharacterDevelopmentModel.CalculateLearningRate (postfix)
[2026-05-08 21:32:03.720] [CrestCampaignTweaks] TavernCompanions.DailyTick bound: TaleWorlds.CampaignSystem.CampaignBehaviors.CompanionsCampaignBehavior.DailyTick (postfix)
[2026-05-08 21:32:03.734] [CrestCampaignTweaks] TavernCompanions.DesiredCount bound: TaleWorlds.CampaignSystem.CampaignBehaviors.CompanionsCampaignBehavior.get__desiredTotalCompanionCount (postfix)
[2026-05-08 21:32:03.734] [CrestCampaignTweaks] patched campaign tweaks (legacy EnableCampaignTweaks group)
[2026-05-08 21:32:03.763] [CrestBattleSize] patched (always-on; preset count=7, agent cap=2040)
[2026-05-08 21:32:03.786] [CrestTierUnlocker] patched tier caps (gated on EnableTierUnlocker)
[2026-05-08 21:32:23.347] [CrestBattleConvergenceDialogueBehavior] registered rescue-thanks dialogue lines
[2026-05-08 21:32:23.347] [SubModule] Y.12d-feature#128: registered Battle Convergence rescue dialogue behavior
[2026-05-08 21:32:32.019] [CrestCampaignTweaks] AchievementsWithMods: blocked DeactivateAchievements call
[2026-05-08 21:32:35.597] [CrestCompanionHotswap] added swap + select behaviors to mission
[2026-05-08 21:32:35.599] [CrestBattleConvergence] added convergence behavior to mission
[2026-05-08 21:32:35.687] [CrestBattleConvergenceLogic] flat radius (slider mode): 100
[2026-05-08 21:32:35.738] [CrestBattleConvergenceLogic] Y.12d AfterStart: reinforce=True debug=False radius=100 maxPerSide=6 timerset=1000 playerSide=Attacker isPlayerDefender=False missionAgentSpawnLogic=null
[2026-05-08 21:32:39.438] [CrestBattleConvergenceLogic] Y.30: ensured 2 ally pools (6 formations, indices 10..15)
[2026-05-08 21:32:39.443] [CrestBattleConvergenceLogic] Y.35: ensured 2 enemy pools (6 formations, indices 10..15)
[2026-05-08 21:32:39.450] [CrestBattleConvergenceLogic] Cinema-fix-C symmetric radius: bothSidesRadius=300 (mult x3.0) â€” distance-filtered 12
[2026-05-08 21:32:39.450] [CrestBattleConvergenceLogic] Y.12d-fix23 stagger: initial=45s cadence=5s -> first lord at +45s, last (idx 24) at +165s
[2026-05-08 21:32:39.450] [CrestBattleConvergenceLogic] Y.12d Stage1: defenderSpawnPositions=3 attackerSpawnPositions=3 partiesSeen=1489 eligibleCandidates=25 neutralRej=53
[2026-05-08 21:32:39.476] [CrestBattleConvergenceLogic] OnMissionTick first call after Stage1: candidates=25
[2026-05-08 21:32:45.802] [CrestBattleConvergenceLogic] tick-status: now=6.9 pending=25 elapsed=0 closestRemaining=40.0s collectDef=0 collectAtt=0 reservedDef=0 reservedAtt=0
[2026-05-08 21:32:47.470] [CrestBattleConvergenceLogic] tick-status: now=11.9 pending=25 elapsed=0 closestRemaining=35.0s collectDef=0 collectAtt=0 reservedDef=0 reservedAtt=0
[2026-05-08 21:32:49.142] [CrestBattleConvergenceLogic] tick-status: now=16.9 pending=25 elapsed=0 closestRemaining=30.0s collectDef=0 collectAtt=0 reservedDef=0 reservedAtt=0
[2026-05-08 21:32:50.821] [CrestBattleConvergenceLogic] tick-status: now=21.9 pending=25 elapsed=0 closestRemaining=24.9s collectDef=0 collectAtt=0 reservedDef=0 reservedAtt=0
[2026-05-08 21:32:52.489] [CrestBattleConvergenceLogic] tick-status: now=26.9 pending=25 elapsed=0 closestRemaining=19.9s collectDef=0 collectAtt=0 reservedDef=0 reservedAtt=0
[2026-05-08 21:32:54.164] [CrestBattleConvergenceLogic] tick-status: now=32.0 pending=25 elapsed=0 closestRemaining=14.9s collectDef=0 collectAtt=0 reservedDef=0 reservedAtt=0
[2026-05-08 21:32:55.835] [CrestBattleConvergenceLogic] tick-status: now=37.0 pending=25 elapsed=0 closestRemaining=9.9s collectDef=0 collectAtt=0 reservedDef=0 reservedAtt=0
[2026-05-08 21:32:59.121] [CrestBattleConvergenceLogic] tick-status: now=42.0 pending=25 elapsed=0 closestRemaining=4.9s collectDef=0 collectAtt=0 reservedDef=0 reservedAtt=0
[2026-05-08 21:33:04.055] [CrestBattleConvergenceLogic] queued Servic's Party (Vlandia) team=1 side=Defender dist=7.3 active=1/5
[2026-05-08 21:33:04.129] [CrestBattleConvergenceLogic] tick-status: now=47.0 pending=24 elapsed=0 closestRemaining=4.9s collectDef=1 collectAtt=0 reservedDef=0 reservedAtt=0
[2026-05-08 21:33:04.251] [CrestBattleConvergenceLogic] registered Servic's Party on Defender: 127 agents queued (queue size now 127)
[2026-05-08 21:33:04.254] [CrestBattleHornCue] GetEventIdFromString not found -- horn cue disabled
[2026-05-08 21:33:04.268] [CrestBattleConvergenceLogic] Y.30B: pool tier=2 delta=26 variant=Standard
[2026-05-08 21:33:04.272] [CrestBattleConvergenceLogic] Y.34: pool anchors set inf=(247.4,644.1) arch=(247.8,656.1) cav=(229.4,644.8)
[2026-05-08 21:33:04.272] [CrestBattleConvergenceLogic] Y.30: enemy pool[0] lead=Servic's Party tactics=145 (first); LordCount=1
[2026-05-08 21:33:09.133] [CrestBattleConvergenceLogic] queued Adaltrud's Party (Vlandia) team=1 side=Defender dist=43.2 active=2/5
[2026-05-08 21:33:09.236] [CrestBattleConvergenceLogic] tick-status: now=52.0 pending=23 elapsed=0 closestRemaining=4.9s collectDef=1 collectAtt=0 reservedDef=0 reservedAtt=0
[2026-05-08 21:33:10.360] [CrestBattleConvergenceLogic] registered Adaltrud's Party on Defender: 72 agents queued (queue size now 72)
[2026-05-08 21:33:10.363] [CrestBattleConvergenceLogic] Y.30B: pool tier=2 delta=-105 variant=ShieldWall
[2026-05-08 21:33:10.363] [CrestBattleConvergenceLogic] Y.30: enemy pool[0] lead=Adaltrud's Party tactics=196 (escalated); LordCount=2
[2026-05-08 21:33:14.151] [CrestBattleConvergenceLogic] queued Ecarand's Party (Vlandia) team=1 side=Defender dist=57.4 active=3/5
[2026-05-08 21:33:14.250] [CrestBattleConvergenceLogic] tick-status: now=57.0 pending=22 elapsed=0 closestRemaining=4.9s collectDef=1 collectAtt=0 reservedDef=0 reservedAtt=0
[2026-05-08 21:33:16.389] [CrestBattleConvergenceLogic] registered Ecarand's Party on Defender: 74 agents queued (queue size now 74)
[2026-05-08 21:33:16.389] [CrestBattleConvergenceLogic] Y.30: enemy pool[0] joined by Ecarand's Party (tactics=175); pool lead unchanged (196)
[2026-05-08 21:33:19.155] [CrestBattleConvergenceLogic] queued Furnhard's Party (Vlandia) team=1 side=Defender dist=70.9 active=4/5
[2026-05-08 21:33:19.255] [CrestBattleConvergenceLogic] tick-status: now=62.0 pending=21 elapsed=0 closestRemaining=4.9s collectDef=1 collectAtt=0 reservedDef=0 reservedAtt=0
[2026-05-08 21:33:19.391] [CrestBattleConvergenceLogic] registered Furnhard's Party on Defender: 53 agents queued (queue size now 53)
[2026-05-08 21:33:19.391] [CrestBattleConvergenceLogic] Y.30B: pool tier=2 delta=-258 variant=ShieldWall
[2026-05-08 21:33:19.391] [CrestBattleConvergenceLogic] Y.34: pool anchors set inf=(234.9,305.2) arch=(234.5,293.2) cav=(252.9,304.5)
[2026-05-08 21:33:19.391] [CrestBattleConvergenceLogic] Y.30: enemy pool[1] lead=Furnhard's Party tactics=176 (first); LordCount=1
[2026-05-08 21:33:24.171] [CrestBattleConvergenceLogic] queued Belgir's Party (Vlandia) team=1 side=Defender dist=111.5 active=5/5
[2026-05-08 21:33:24.288] [CrestBattleConvergenceLogic] tick-status: now=67.0 pending=20 elapsed=0 closestRemaining=4.9s collectDef=1 collectAtt=0 reservedDef=0 reservedAtt=0
[2026-05-08 21:33:25.406] [CrestBattleConvergenceLogic] Y.30B: pool tier=2 delta=-312 variant=ShieldWall
[2026-05-08 21:33:25.432] [CrestBattleConvergenceLogic] registered Belgir's Party on Defender: 135 agents queued (queue size now 135)
[2026-05-08 21:33:25.432] [CrestBattleConvergenceLogic] Y.30B: pool tier=2 delta=-312 variant=ShieldWall
[2026-05-08 21:33:25.432] [CrestBattleConvergenceLogic] Y.30: enemy pool[1] lead=Belgir's Party tactics=179 (escalated); LordCount=2
[2026-05-08 21:33:29.229] [CrestBattleConvergenceLogic]   cap reached on Defender (5/5); Hecard's Party added to waiting list (size 1)
[2026-05-08 21:33:29.353] [CrestBattleConvergenceLogic] tick-status: now=72.0 pending=19 elapsed=0 closestRemaining=4.9s collectDef=0 collectAtt=0 reservedDef=0 reservedAtt=0
[2026-05-08 21:33:34.232] [CrestBattleConvergenceLogic]   cap reached on Defender (5/5); Richelda's Party added to waiting list (size 2)
[2026-05-08 21:33:34.359] [CrestBattleConvergenceLogic] tick-status: now=77.0 pending=18 elapsed=0 closestRemaining=4.9s collectDef=0 collectAtt=0 reservedDef=0 reservedAtt=0
[2026-05-08 21:33:37.585] [CrestBattleConvergenceLogic]   cap reached on Defender (5/5); Vartin's Party added to waiting list (size 3)
[2026-05-08 21:33:37.625] [CrestBattleConvergenceLogic] tick-status: now=82.0 pending=17 elapsed=0 closestRemaining=4.9s collectDef=0 collectAtt=0 reservedDef=0 reservedAtt=0
[2026-05-08 21:33:39.250] [CrestBattleConvergenceLogic]   cap reached on Defender (5/5); Romund's Party added to waiting list (size 4)
[2026-05-08 21:33:39.307] [CrestBattleConvergenceLogic] tick-status: now=87.1 pending=16 elapsed=0 closestRemaining=4.8s collectDef=0 collectAtt=0 reservedDef=0 reservedAtt=0
[2026-05-08 21:33:40.913] [CrestBattleConvergenceLogic]   cap reached on Defender (5/5); Derthert's Party added to waiting list (size 5)
[2026-05-08 21:33:40.976] [CrestBattleConvergenceLogic] tick-status: now=92.1 pending=15 elapsed=0 closestRemaining=4.8s collectDef=0 collectAtt=0 reservedDef=0 reservedAtt=0
[2026-05-08 21:33:42.587] [CrestBattleConvergenceLogic]   cap reached on Defender (5/5); Morcon's Party added to waiting list (size 6)
[2026-05-08 21:33:42.643] [CrestBattleConvergenceLogic] tick-status: now=97.1 pending=14 elapsed=0 closestRemaining=4.8s collectDef=0 collectAtt=0 reservedDef=0 reservedAtt=0
[2026-05-08 21:33:44.260] [CrestBattleConvergenceLogic] queued Asgotha's Party (Nord) team=0 side=Attacker dist=146.7 active=1/5
[2026-05-08 21:33:44.322] [CrestBattleConvergenceLogic] tick-status: now=102.1 pending=13 elapsed=0 closestRemaining=4.8s collectDef=0 collectAtt=1 reservedDef=0 reservedAtt=0
[2026-05-08 21:33:45.072] [CrestBattleConvergenceLogic] registered Asgotha's Party on Attacker: 171 agents queued (queue size now 171)
[2026-05-08 21:33:45.072] [CrestBattleConvergenceLogic] Y.30B: pool tier=2 delta=-431 variant=ShieldWall
[2026-05-08 21:33:45.072] [CrestBattleConvergenceLogic] Y.34: pool anchors set inf=(247.4,644.1) arch=(247.8,656.1) cav=(229.4,644.8)
[2026-05-08 21:33:45.072] [CrestBattleConvergenceLogic] Y.30: ally pool[0] lead=Asgotha's Party tactics=176 (first); LordCount=1
[2026-05-08 21:33:46.054] [CrestBattleConvergenceLogic]   cap reached on Defender (5/5); Unthery's Party added to waiting list (size 7)
[2026-05-08 21:33:46.131] [CrestBattleConvergenceLogic] tick-status: now=107.1 pending=12 elapsed=0 closestRemaining=4.8s collectDef=0 collectAtt=0 reservedDef=0 reservedAtt=21
[2026-05-08 21:33:47.731] [CrestBattleConvergenceLogic]   cap reached on Defender (5/5); Arthamund's Party added to waiting list (size 8)
[2026-05-08 21:33:47.804] [CrestBattleConvergenceLogic] tick-status: now=112.1 pending=11 elapsed=0 closestRemaining=4.7s collectDef=0 collectAtt=0 reservedDef=0 reservedAtt=0
[2026-05-08 21:33:49.385] [CrestBattleConvergenceLogic]   cap reached on Defender (5/5); Calatild's Party added to waiting list (size 9)
[2026-05-08 21:33:49.475] [CrestBattleConvergenceLogic] tick-status: now=117.1 pending=10 elapsed=0 closestRemaining=4.7s collectDef=0 collectAtt=0 reservedDef=0 reservedAtt=0
[2026-05-08 21:33:51.063] [CrestBattleConvergenceLogic]   cap reached on Defender (5/5); Ospir's Party added to waiting list (size 10)
[2026-05-08 21:33:51.151] [CrestBattleConvergenceLogic] tick-status: now=122.2 pending=9 elapsed=0 closestRemaining=4.7s collectDef=0 collectAtt=0 reservedDef=0 reservedAtt=0
[2026-05-08 21:33:52.726] [CrestBattleConvergenceLogic]   cap reached on Defender (5/5); Berican's Party added to waiting list (size 11)
[2026-05-08 21:33:52.818] [CrestBattleConvergenceLogic] tick-status: now=127.2 pending=8 elapsed=0 closestRemaining=4.7s collectDef=0 collectAtt=0 reservedDef=0 reservedAtt=0
[2026-05-08 21:33:54.524] [CrestBattleConvergenceLogic]   cap reached on Defender (5/5); Ingalther's Party added to waiting list (size 12)
[2026-05-08 21:33:54.829] [CrestBattleConvergenceLogic] tick-status: now=132.2 pending=7 elapsed=0 closestRemaining=4.7s collectDef=0 collectAtt=0 reservedDef=0 reservedAtt=0
[2026-05-08 21:33:59.536] [CrestBattleConvergenceLogic]   cap reached on Defender (5/5); Amalgun's Party added to waiting list (size 13)
[2026-05-08 21:33:59.840] [CrestBattleConvergenceLogic] tick-status: now=137.2 pending=6 elapsed=0 closestRemaining=4.7s collectDef=0 collectAtt=0 reservedDef=0 reservedAtt=0
[2026-05-08 21:34:04.530] [CrestBattleConvergenceLogic] queued Apolanea's Party (Sturgia) team=0 side=Attacker dist=222.7 active=2/5
[2026-05-08 21:34:04.842] [CrestBattleConvergenceLogic] tick-status: now=142.2 pending=5 elapsed=0 closestRemaining=4.7s collectDef=0 collectAtt=1 reservedDef=0 reservedAtt=0
[2026-05-08 21:34:06.156] [CrestBattleConvergenceLogic] registered Apolanea's Party on Attacker: 107 agents queued (queue size now 107)
[2026-05-08 21:34:06.156] [CrestBattleConvergenceLogic] Y.30: ally pool[0] joined by Apolanea's Party (tactics=176); pool lead unchanged (176)
[2026-05-08 21:34:09.706] [CrestBattleConvergenceLogic] queued Raganvad's Party (Sturgia) team=0 side=Attacker dist=222.7 active=3/5
[2026-05-08 21:34:10.019] [CrestBattleConvergenceLogic] tick-status: now=147.2 pending=4 elapsed=0 closestRemaining=4.7s collectDef=0 collectAtt=1 reservedDef=0 reservedAtt=0
[2026-05-08 21:34:12.245] [CrestBattleConvergenceLogic] Y.30B: pool tier=2 delta=-119 variant=ShieldWall
[2026-05-08 21:34:12.350] [CrestBattleConvergenceLogic] registered Raganvad's Party on Attacker: 251 agents queued (queue size now 251)
[2026-05-08 21:34:12.351] [CrestBattleConvergenceLogic] Y.30B: pool tier=3 delta=-118 variant=ShieldWall
[2026-05-08 21:34:12.351] [CrestBattleConvergenceLogic] Y.30: ally pool[0] lead=Raganvad's Party tactics=227 (escalated); LordCount=3
[2026-05-08 21:34:15.133] [CrestBattleConvergenceLogic] tick-status: now=152.2 pending=3 elapsed=0 closestRemaining=4.7s collectDef=0 collectAtt=0 reservedDef=0 reservedAtt=101
[2026-05-08 21:34:20.222] [CrestBattleConvergenceLogic] tick-status: now=157.2 pending=2 elapsed=0 closestRemaining=4.7s collectDef=0 collectAtt=0 reservedDef=0 reservedAtt=0
[2026-05-08 21:34:21.256] [CrestBattleConvergenceLogic] Y.30B: pool tier=2 delta=178 variant=Standard
[2026-05-08 21:34:21.258] [CrestBattleConvergenceLogic] Y.30B: pool tier=2 delta=178 variant=Standard
[2026-05-08 21:34:24.905] [CrestBattleConvergenceLogic] queued Vyldur's Party (Sturgia) team=0 side=Attacker dist=223.5 active=4/5
[2026-05-08 21:34:25.229] [CrestBattleConvergenceLogic] tick-status: now=162.2 pending=1 elapsed=0 closestRemaining=4.7s collectDef=0 collectAtt=1 reservedDef=0 reservedAtt=0
[2026-05-08 21:34:27.560] [CrestBattleConvergenceLogic] Y.30B: pool tier=3 delta=217 variant=Standard
[2026-05-08 21:34:27.584] [CrestBattleConvergenceLogic] registered Vyldur's Party on Attacker: 112 agents queued (queue size now 112)
[2026-05-08 21:34:27.585] [CrestBattleConvergenceLogic] Y.30B: pool tier=2 delta=218 variant=Standard
[2026-05-08 21:34:27.585] [CrestBattleConvergenceLogic] Y.34: pool anchors set inf=(642.8,421.3) arch=(654.7,419.8) cav=(645.2,439.2)
[2026-05-08 21:34:27.585] [CrestBattleConvergenceLogic] Y.30: ally pool[1] lead=Vyldur's Party tactics=149 (first); LordCount=1
[2026-05-08 21:34:29.961] [CrestBattleConvergenceLogic] queued Gautgar's Party (Nord) team=0 side=Attacker dist=292.2 active=5/5
[2026-05-08 21:34:30.291] [CrestBattleConvergenceLogic] tick-status: now=167.2 pending=0 elapsed=0 closestRemaining=n/a collectDef=0 collectAtt=1 reservedDef=0 reservedAtt=0
[2026-05-08 21:34:30.644] [CrestBattleConvergenceLogic] registered Gautgar's Party on Attacker: 157 agents queued (queue size now 157)
[2026-05-08 21:34:30.644] [CrestBattleConvergenceLogic] Y.30B: pool tier=2 delta=357 variant=Standard
[2026-05-08 21:34:30.644] [CrestBattleConvergenceLogic] Y.30: ally pool[1] lead=Gautgar's Party tactics=157 (escalated); LordCount=2
[2026-05-08 21:34:56.555] [CrestBattleConvergenceLogic] Y.30C-C: MapEventSide instance methods taking MobileParty: AddNearbyPartyToPlayerMapEvent, 
[2026-05-08 21:34:56.555] [CrestBattleConvergenceLogic] Y.30C-C: all MapEventSide instance methods (declared): AutoGeneratedInstanceCollectObjects, GetTroops, GetTotalHealthyHeroCountOfSide, CountTroops, GetTotalHealthyTroopCountOfSide, CacheLeaderSimulationModifier, AddPartyInternal, RemovePartyInternal, RecalculateMemberCountOfSide, RecalculateStrengthOfSide, IsMainPartyAmongParties, CalculateTotalContribution, CalculateRenownAndInfluenceValuesOnPartyInvolved, GetSideMorale, HandleMapEventEnd, HandleMapEventEndForPartyInternal, AllocateShips, AllocateSiegeEngines, CreateOrderedSimulationShipList, GetShipCombatScore, GetShipCombatImportance, AllocateTroops, AllocateTroop, GetAllTroops, GetAllocatedTroop, GetReadyTroop, GetAllocatedTroopParty, GetReadyTroopParty, OnTroopWounded, OnTroopKilled, OnTroopRouted, OnTroopScoreHit, OnShipScoreHit, OnShipDamaged, GetWeightedShipCombatFactor, GetMapEventParty, MakeReady, MakeReadyParty, CheckReadyTroopsTemporaryCache, MakeReadyForSimulation, MakeReadyForMission, EndSimulation, InvalidateSimulationSetup, DebugAssertSimulationConsistency, Clear, SelectRandomSimulationTroop, GetRandomSimulationSiegeEngine, GetRandomSimulationShip, RemoveSelectedTroopFromSimulationList, RemoveShipFromSimulationList, OnRoundEnd, ApplySimulationDamageToShip, ApplySimulationDamageToSelectedTroop, ApplySimulatedHitRewardToShip, ApplySimulatedHitRewardToSelectedTroop, Surrender, Route, AddNearbyPartyToPlayerMapEvent, RemoveNearbyPartiesFromPlayerMapEvent, CommitXpGains, CommitRenownChanges, CommitInfluenceChanges, CommitMoraleChanges, ...
[2026-05-08 21:34:56.555] [CrestBattleConvergenceLogic] Y.29: detached 0 joiner parties from mapEvent (23 failed)
[2026-05-08 21:34:56.555] [CrestBattleConvergenceLogic] Y.12d: OnEndMission cleanup done
[2026-05-08 21:34:57.233] [CrestCampaignLogFilter] scope-suppress: IssueQuestLogEntry hidden under scope='Party only'
[2026-05-08 21:42:47.226] [CrestUnblock] processed 265 files in 12ms
[2026-05-08 21:42:47.229] [CrestEnsureStubs] stub Bannerlord.Harmony not yet in LauncherData.xml -- launcher will add it on next refresh
[2026-05-08 21:42:47.229] [CrestEnsureStubs] stub Bannerlord.ButterLib not yet in LauncherData.xml -- launcher will add it on next refresh
[2026-05-08 21:42:47.229] [CrestEnsureStubs] stub Bannerlord.UIExtenderEx not yet in LauncherData.xml -- launcher will add it on next refresh
[2026-05-08 21:42:47.229] [CrestEnsureStubs] stub Bannerlord.MBOptionScreen not yet in LauncherData.xml -- launcher will add it on next refresh
[2026-05-08 21:42:47.238] [CrestQuickStart] patched VideoPlaybackState.OnVideoStarted
[2026-05-08 21:42:47.247] [CrestMessageStyle] patched TaleWorlds.Library.InformationManager.DisplayMessage(InformationMessage)
[2026-05-08 21:42:47.247] [CrestFasterTime] registered (master toggle gates per-tick work)
[2026-05-08 21:42:48.685] [CrestMessageStyle] first DisplayMessage probe -- Mission.Current=null, Campaign.Current=null (Game.Current=null, informational only)
[2026-05-08 21:42:49.551] [CrestFasterTime] API resolved: Campaign.SpeedUpMultiplier=ok, SetTimeSpeed(int)=ok, Input.IsKeyPressed=ok
[2026-05-08 21:42:53.173] [CrestPatchSelfTest] GetAllPatchedMethods returned 346 methods
[2026-05-08 21:42:53.190] [CrestPatchSelfTest] OK   UIExtenderEx.WidgetPrefab.LoadFrom (transpiler) — bound by Bannerlord.UIExtenderEx.Patches.WidgetPrefabPatch.WidgetPrefab_LoadFrom_Transpiler on LoadFrom
[2026-05-08 21:42:53.197] [CrestPatchSelfTest] HARD ButterLib.Module.SetInitialModuleScreenAsRootScreen (transpiler) — target method patched, but no patch from Bannerlord.ButterLib.Implementation.MBSubModuleBaseExtended.Patches.ModulePatch (owners: [MCM.UI.Adapter.MCMv5]; declaring types: [MCM.UI.MCMUIAdapterSubModule])
[2026-05-08 21:42:53.198] [CrestPatchSelfTest] HARD ButterLib.Module.FinalizeSubModules (postfix) — no patch found on TaleWorlds.MountAndBlade.Module.FinalizeSubModules (other patched methods on this type: LoadSubModules, InitializeSubModuleBases, ProcessApplicationArguments, SetInitialModuleScreenAsRootScreen)
[2026-05-08 21:42:53.199] [CrestPatchSelfTest] HARD BEW.Managed.ApplicationTick (finalizer) — no patch found on TaleWorlds.DotNet.Managed.ApplicationTick (no methods on this type are patched at all)
[2026-05-08 21:42:53.204] [CrestPatchSelfTest] HARD BEW.Module.OnApplicationTick (finalizer) — no patch found on TaleWorlds.MountAndBlade.Module.OnApplicationTick (other patched methods on this type: LoadSubModules, InitializeSubModuleBases, ProcessApplicationArguments, SetInitialModuleScreenAsRootScreen)
[2026-05-08 21:42:53.208] [CrestPatchSelfTest] HARD BEW.ScreenManager.Tick (finalizer) — no patch found on TaleWorlds.ScreenSystem.ScreenManager.Tick (no methods on this type are patched at all)
[2026-05-08 21:42:53.209] [CrestPatchSelfTest] HARD BEW.ManagedScriptHolder.TickComponents (finalizer) — no patch found on TaleWorlds.Engine.ManagedScriptHolder.TickComponents (no methods on this type are patched at all)
[2026-05-08 21:42:53.209] [CrestPatchSelfTest] HARD BEW.Mission.Tick (finalizer) — no patch found on TaleWorlds.MountAndBlade.Mission.Tick (other patched methods on this type: UpdateSceneTimeSpeed, OnTeamDeployed, OnDeploymentFinished, CanTakeControlOfAgent)
[2026-05-08 21:42:53.213] [CrestPatchSelfTest] SOFT UIExtenderEx.GauntletMovie.Load (conditional prefix) — no patch found on TaleWorlds.GauntletUI.Data.GauntletMovie.Load (other patched methods on this type: LoadMovie)
[2026-05-08 21:42:53.223] [CrestPatchSelfTest] OK   UIExtenderEx.WidgetFactory.GetCustomType (prefix) — bound by Bannerlord.UIExtenderEx.ResourceManager.WidgetFactoryManager.GetCustomTypePrefix on GetCustomType
[2026-05-08 21:42:53.224] [CrestPatchSelfTest] OK   UIExtenderEx.WidgetFactory.CreateBuiltinWidget (prefix) — bound by Bannerlord.UIExtenderEx.ResourceManager.WidgetFactoryManager.CreateBuiltinWidgetPrefix on CreateBuiltinWidget
[2026-05-08 21:42:53.228] [CrestPatchSelfTest] OK   UIExtenderEx.WidgetFactory.GetWidgetTypes (postfix) — bound by Bannerlord.UIExtenderEx.ResourceManager.WidgetFactoryManager.GetWidgetTypesPostfix on GetWidgetTypes
[2026-05-08 21:42:53.234] [CrestPatchSelfTest] OK   UIExtenderEx.WidgetFactory.IsCustomType (prefix) — bound by Bannerlord.UIExtenderEx.ResourceManager.WidgetFactoryManager.IsCustomTypePrefix on IsCustomType
[2026-05-08 21:42:53.235] [CrestPatchSelfTest] OK   UIExtenderEx.WidgetTemplate.CreateWidgets (transpiler, soft) — bound by Bannerlord.UIExtenderEx.ResourceManager.WidgetFactoryManager.BlankTranspiler on CreateWidgets
[2026-05-08 21:42:53.243] [CrestPatchSelfTest] OK   UIExtenderEx.GauntletMovie.LoadMovie (transpiler, soft) — bound by Bannerlord.UIExtenderEx.ResourceManager.WidgetFactoryManager.BlankTranspiler on LoadMovie
[2026-05-08 21:42:53.243] [CrestPatchSelfTest] summary: 7 bound, 7 hard miss, 1 soft miss (of 15 total)
[2026-05-08 21:42:53.252] [CrestCampaignLogFilter] patched CampaignInformationManager.NewLogEntryAdded — 39 classified entry types across 6 buckets
[2026-05-08 21:42:53.262] [CrestCutThroughEveryone] patched cut-through hooks (gated on EnableCutThroughEveryone master toggle)
[2026-05-08 21:42:53.266] [CrestPlayerInvincibleDamageClamp] patched Mission.RegisterBlow (damage clamp for player hero)
[2026-05-08 21:42:53.267] [CrestTacticPatch] patched TacticComponent.SetDefaultBehaviorWeights (skip for slot >= 10)
[2026-05-08 21:42:53.299] [CrestCampaignTweaks] FasterShips bound: TaleWorlds.CampaignSystem.Party.MobileParty.CalculateSpeed (postfix)
[2026-05-08 21:42:53.321] [CrestCampaignTweaks] AchievementsWithMods bound: SandBox.CampaignBehaviors.DumpIntegrityCampaignBehavior.IsGameIntegrityAchieved (postfix)
[2026-05-08 21:42:53.346] [CrestCampaignTweaks] AchievementsDeactivateBlock bound: StoryMode.GameComponents.CampaignBehaviors.AchievementsCampaignBehavior.DeactivateAchievements (prefix)
[2026-05-08 21:42:53.373] [CrestCampaignTweaks] RTSCameraNavalShim bound: RTSCamera.Patch.Naval.Patch_AgentNavalComponent.Prefix_OnTick (prefix)
[2026-05-08 21:42:53.389] [CrestCampaignTweaks] PreventClanDeath bound: TaleWorlds.CampaignSystem.CampaignBehaviors.AgingCampaignBehavior.IsItTimeOfDeath (prefix)
[2026-05-08 21:42:53.398] [CrestCampaignTweaks] PlayerNoFlinch bound: TaleWorlds.MountAndBlade.Mission.RegisterBlow (prefix)
[2026-05-08 21:42:53.413] [CrestCampaignTweaks] NoExecutionPenalty bound: TaleWorlds.CampaignSystem.CampaignBehaviors.CharacterRelationCampaignBehavior.OnHeroKilled (prefix)
[2026-05-08 21:42:53.428] [CrestCampaignTweaks] ClanTournamentExclusion bound: TaleWorlds.CampaignSystem.TournamentGames.FightTournamentGame.CanBeAParticipant (prefix)
[2026-05-08 21:42:53.444] [CrestCampaignTweaks] ClanPartySpeedBonus bound: TaleWorlds.CampaignSystem.Party.MobileParty.CalculateSpeed (postfix)
[2026-05-08 21:42:53.460] [CrestCampaignTweaks] StopPrisonerEscape (daily) bound: TaleWorlds.CampaignSystem.CampaignBehaviors.PrisonerReleaseCampaignBehavior.DailyHeroTick (prefix)
[2026-05-08 21:42:53.477] [CrestCampaignTweaks] StopPrisonerEscape (hourly) bound: TaleWorlds.CampaignSystem.CampaignBehaviors.PrisonerReleaseCampaignBehavior.HourlyPartyTick (prefix)
[2026-05-08 21:42:53.494] [CrestCampaignTweaks] LootCapturedHeroes bound: TaleWorlds.CampaignSystem.MapEvents.MapEvent.LootDefeatedPartyPrisoners (postfix)
[2026-05-08 21:42:53.510] [CrestCampaignTweaks] NoArrowsStuck bound: TaleWorlds.MountAndBlade.Mission.HandleMissileCollisionReaction (postfix)
[2026-05-08 21:42:53.524] [CrestCampaignTweaks] MarriageStaysInClan bound: TaleWorlds.CampaignSystem.GameComponents.DefaultMarriageModel.GetClanAfterMarriage (postfix)
[2026-05-08 21:42:53.539] [CrestCampaignTweaks] PregnancyChanceUncapped bound: TaleWorlds.CampaignSystem.GameComponents.DefaultPregnancyModel.GetDailyChanceOfPregnancyForHero (postfix)
[2026-05-08 21:42:53.554] [CrestCampaignTweaks] UnlockAllSmithingRecipes bound: TaleWorlds.CampaignSystem.CampaignBehaviors.CraftingCampaignBehavior.IsOpened (postfix)
[2026-05-08 21:42:53.569] [CrestCampaignTweaks] LifelongLearning bound: TaleWorlds.CampaignSystem.GameComponents.DefaultCharacterDevelopmentModel.CalculateLearningRate (postfix)
[2026-05-08 21:42:53.582] [CrestCampaignTweaks] TavernCompanions.DailyTick bound: TaleWorlds.CampaignSystem.CampaignBehaviors.CompanionsCampaignBehavior.DailyTick (postfix)
[2026-05-08 21:42:53.597] [CrestCampaignTweaks] TavernCompanions.DesiredCount bound: TaleWorlds.CampaignSystem.CampaignBehaviors.CompanionsCampaignBehavior.get__desiredTotalCompanionCount (postfix)
[2026-05-08 21:42:53.597] [CrestCampaignTweaks] patched campaign tweaks (legacy EnableCampaignTweaks group)
[2026-05-08 21:42:53.625] [CrestBattleSize] patched (always-on; preset count=7, agent cap=2040)
[2026-05-08 21:42:53.650] [CrestTierUnlocker] patched tier caps (gated on EnableTierUnlocker)
[2026-05-08 21:43:43.400] [CrestBattleConvergenceDialogueBehavior] registered rescue-thanks dialogue lines
[2026-05-08 21:43:43.400] [SubModule] Y.12d-feature#128: registered Battle Convergence rescue dialogue behavior
[2026-05-08 21:43:52.018] [CrestCampaignTweaks] AchievementsWithMods: blocked DeactivateAchievements call
[2026-05-08 21:44:00.969] [CrestCompanionHotswap] added swap + select behaviors to mission
[2026-05-08 21:44:00.970] [CrestBattleConvergence] added convergence behavior to mission
[2026-05-08 21:44:01.041] [CrestBattleConvergenceLogic] flat radius (slider mode): 100
[2026-05-08 21:44:01.098] [CrestBattleConvergenceLogic] Y.12d AfterStart: reinforce=True debug=False radius=100 maxPerSide=6 timerset=1000 playerSide=Attacker isPlayerDefender=False missionAgentSpawnLogic=null
[2026-05-08 21:44:05.723] [CrestBattleConvergenceLogic] Y.30: ensured 2 ally pools (6 formations, indices 10..15)
[2026-05-08 21:44:05.728] [CrestBattleConvergenceLogic] Y.35: ensured 2 enemy pools (6 formations, indices 10..15)
[2026-05-08 21:44:05.737] [CrestBattleConvergenceLogic] Cinema-fix-C symmetric radius: bothSidesRadius=300 (mult x3.0) â€” distance-filtered 12
[2026-05-08 21:44:05.738] [CrestBattleConvergenceLogic] Y.12d-fix23 stagger: initial=45s cadence=5s -> first lord at +45s, last (idx 27) at +180s
[2026-05-08 21:44:05.738] [CrestBattleConvergenceLogic] Y.12d Stage1: defenderSpawnPositions=3 attackerSpawnPositions=3 partiesSeen=1489 eligibleCandidates=28 neutralRej=75
[2026-05-08 21:44:05.753] [CrestBattleConvergenceLogic] OnMissionTick first call after Stage1: candidates=28
[2026-05-08 21:44:11.161] [CrestBattleConvergenceLogic] tick-status: now=8.0 pending=28 elapsed=0 closestRemaining=40.0s collectDef=0 collectAtt=0 reservedDef=0 reservedAtt=0
[2026-05-08 21:44:16.166] [CrestBattleConvergenceLogic] tick-status: now=13.0 pending=28 elapsed=0 closestRemaining=35.0s collectDef=0 collectAtt=0 reservedDef=0 reservedAtt=0
[2026-05-08 21:44:21.174] [CrestBattleConvergenceLogic] tick-status: now=18.0 pending=28 elapsed=0 closestRemaining=30.0s collectDef=0 collectAtt=0 reservedDef=0 reservedAtt=0
[2026-05-08 21:44:26.182] [CrestBattleConvergenceLogic] tick-status: now=23.0 pending=28 elapsed=0 closestRemaining=25.0s collectDef=0 collectAtt=0 reservedDef=0 reservedAtt=0
[2026-05-08 21:44:36.123] [CrestBattleConvergenceLogic] tick-status: now=28.0 pending=28 elapsed=0 closestRemaining=20.0s collectDef=0 collectAtt=0 reservedDef=0 reservedAtt=0
[2026-05-08 21:44:41.135] [CrestBattleConvergenceLogic] tick-status: now=33.0 pending=28 elapsed=0 closestRemaining=15.0s collectDef=0 collectAtt=0 reservedDef=0 reservedAtt=0
[2026-05-08 21:44:46.138] [CrestBattleConvergenceLogic] tick-status: now=38.0 pending=28 elapsed=0 closestRemaining=10.0s collectDef=0 collectAtt=0 reservedDef=0 reservedAtt=0
[2026-05-08 21:44:51.148] [CrestBattleConvergenceLogic] tick-status: now=43.0 pending=28 elapsed=0 closestRemaining=4.9s collectDef=0 collectAtt=0 reservedDef=0 reservedAtt=0
[2026-05-08 21:44:56.125] [CrestBattleConvergenceLogic] queued Servic's Party (Vlandia) team=1 side=Defender dist=7.3 active=1/5
[2026-05-08 21:44:56.156] [CrestBattleConvergenceLogic] tick-status: now=48.1 pending=27 elapsed=0 closestRemaining=4.9s collectDef=1 collectAtt=0 reservedDef=0 reservedAtt=0
[2026-05-08 21:44:56.211] [CrestBattleConvergenceLogic] registered Servic's Party on Defender: 127 agents queued (queue size now 127)
[2026-05-08 21:44:56.214] [CrestBattleHornCue] GetEventIdFromString not found -- horn cue disabled
[2026-05-08 21:44:56.228] [CrestBattleConvergenceLogic] Y.30B: pool tier=2 delta=-24 variant=Standard
[2026-05-08 21:44:56.233] [CrestBattleConvergenceLogic] Y.34: pool anchors set inf=(247.4,644.1) arch=(247.8,656.1) cav=(229.4,644.8)
[2026-05-08 21:44:56.233] [CrestBattleConvergenceLogic] Y.30: enemy pool[0] lead=Servic's Party tactics=145 (first); LordCount=1
[2026-05-08 21:45:01.210] [CrestBattleConvergenceLogic] queued Adaltrud's Party (Vlandia) team=1 side=Defender dist=43.2 active=2/5
[2026-05-08 21:45:01.270] [CrestBattleConvergenceLogic] tick-status: now=53.1 pending=26 elapsed=0 closestRemaining=4.9s collectDef=1 collectAtt=0 reservedDef=0 reservedAtt=0
[2026-05-08 21:45:02.916] [CrestBattleConvergenceLogic] registered Adaltrud's Party on Defender: 72 agents queued (queue size now 72)
[2026-05-08 21:45:02.916] [CrestBattleConvergenceLogic] Y.30B: pool tier=2 delta=103 variant=Standard
[2026-05-08 21:45:02.916] [CrestBattleConvergenceLogic] Y.30: enemy pool[0] lead=Adaltrud's Party tactics=196 (escalated); LordCount=2
[2026-05-08 21:45:06.812] [CrestBattleConvergenceLogic] queued Ecarand's Party (Vlandia) team=1 side=Defender dist=57.4 active=3/5
[2026-05-08 21:45:06.880] [CrestBattleConvergenceLogic] tick-status: now=58.1 pending=25 elapsed=0 closestRemaining=4.9s collectDef=1 collectAtt=0 reservedDef=0 reservedAtt=0
[2026-05-08 21:45:08.946] [CrestBattleConvergenceLogic] registered Ecarand's Party on Defender: 74 agents queued (queue size now 74)
[2026-05-08 21:45:08.946] [CrestBattleConvergenceLogic] Y.30: enemy pool[0] joined by Ecarand's Party (tactics=175); pool lead unchanged (196)
[2026-05-08 21:45:11.806] [CrestBattleConvergenceLogic] queued Furnhard's Party (Vlandia) team=1 side=Defender dist=70.9 active=4/5
[2026-05-08 21:45:11.885] [CrestBattleConvergenceLogic] tick-status: now=63.1 pending=24 elapsed=0 closestRemaining=4.9s collectDef=1 collectAtt=0 reservedDef=0 reservedAtt=0
[2026-05-08 21:45:11.951] [CrestBattleConvergenceLogic] registered Furnhard's Party on Defender: 53 agents queued (queue size now 53)
[2026-05-08 21:45:11.952] [CrestBattleConvergenceLogic] Y.30B: pool tier=2 delta=249 variant=Standard
[2026-05-08 21:45:11.952] [CrestBattleConvergenceLogic] Y.34: pool anchors set inf=(234.9,305.2) arch=(234.5,293.2) cav=(252.9,304.5)
[2026-05-08 21:45:11.952] [CrestBattleConvergenceLogic] Y.30: enemy pool[1] lead=Furnhard's Party tactics=176 (first); LordCount=1
[2026-05-08 21:45:16.809] [CrestBattleConvergenceLogic] queued Bothero of the Brotherhood's Party (Brotherhood of the Woods) team=0 side=Attacker dist=75.9 active=1/5
[2026-05-08 21:45:16.894] [CrestBattleConvergenceLogic] tick-status: now=68.1 pending=23 elapsed=0 closestRemaining=4.9s collectDef=0 collectAtt=1 reservedDef=0 reservedAtt=0
[2026-05-08 21:45:17.963] [CrestBattleConvergenceLogic] registered Bothero of the Brotherhood's Party on Attacker: 89 agents queued (queue size now 89)
[2026-05-08 21:45:17.964] [CrestBattleConvergenceLogic] Y.30B: pool tier=2 delta=-301 variant=ShieldWall
[2026-05-08 21:45:17.964] [CrestBattleConvergenceLogic] Y.34: pool anchors set inf=(231.4,308.5) arch=(230.7,296.5) cav=(249.3,307.4)
[2026-05-08 21:45:17.964] [CrestBattleConvergenceLogic] Y.30: ally pool[0] lead=Bothero of the Brotherhood's Party tactics=114 (first); LordCount=1
[2026-05-08 21:45:21.812] [CrestBattleConvergenceLogic] queued Origand of the Brotherhood's Party (Brotherhood of the Woods) team=0 side=Attacker dist=77.5 active=2/5
[2026-05-08 21:45:21.912] [CrestBattleConvergenceLogic] tick-status: now=73.1 pending=22 elapsed=0 closestRemaining=4.9s collectDef=0 collectAtt=1 reservedDef=0 reservedAtt=0
[2026-05-08 21:45:23.980] [CrestBattleConvergenceLogic] registered Origand of the Brotherhood's Party on Attacker: 135 agents queued (queue size now 135)
[2026-05-08 21:45:23.980] [CrestBattleConvergenceLogic] Y.30B: pool tier=2 delta=-216 variant=ShieldWall
[2026-05-08 21:45:23.980] [CrestBattleConvergenceLogic] Y.30: ally pool[0] lead=Origand of the Brotherhood's Party tactics=132 (escalated); LordCount=2
[2026-05-08 21:45:26.847] [CrestBattleConvergenceLogic] queued Turvald of the Brotherhood's Party (Brotherhood of the Woods) team=0 side=Attacker dist=77.9 active=3/5
[2026-05-08 21:45:26.953] [CrestBattleConvergenceLogic] tick-status: now=78.1 pending=21 elapsed=0 closestRemaining=4.9s collectDef=0 collectAtt=1 reservedDef=0 reservedAtt=0
[2026-05-08 21:45:27.034] [CrestBattleConvergenceLogic] registered Turvald of the Brotherhood's Party on Attacker: 111 agents queued (queue size now 111)
[2026-05-08 21:45:27.034] [CrestBattleConvergenceLogic] Y.30: ally pool[0] joined by Turvald of the Brotherhood's Party (tactics=132); pool lead unchanged (132)
[2026-05-08 21:45:31.925] [CrestBattleConvergenceLogic] queued Belgir's Party (Vlandia) team=1 side=Defender dist=111.5 active=5/5
[2026-05-08 21:45:32.026] [CrestBattleConvergenceLogic] tick-status: now=83.1 pending=20 elapsed=0 closestRemaining=4.9s collectDef=1 collectAtt=0 reservedDef=0 reservedAtt=0
[2026-05-08 21:45:33.063] [CrestBattleConvergenceLogic] Y.30B: pool tier=2 delta=-37 variant=Standard
[2026-05-08 21:45:33.118] [CrestBattleConvergenceLogic] registered Belgir's Party on Defender: 135 agents queued (queue size now 135)
[2026-05-08 21:45:33.118] [CrestBattleConvergenceLogic] Y.30B: pool tier=2 delta=-37 variant=Standard
[2026-05-08 21:45:33.118] [CrestBattleConvergenceLogic] Y.30: enemy pool[1] lead=Belgir's Party tactics=179 (escalated); LordCount=2
[2026-05-08 21:45:36.976] [CrestBattleConvergenceLogic]   cap reached on Defender (5/5); Hecard's Party added to waiting list (size 1)
[2026-05-08 21:45:37.084] [CrestBattleConvergenceLogic] tick-status: now=88.1 pending=19 elapsed=0 closestRemaining=4.9s collectDef=0 collectAtt=0 reservedDef=0 reservedAtt=0
[2026-05-08 21:45:39.148] [CrestBattleConvergenceLogic] Y.30B: pool tier=2 delta=-84 variant=Standard
[2026-05-08 21:45:41.976] [CrestBattleConvergenceLogic]   cap reached on Defender (5/5); Richelda's Party added to waiting list (size 2)
[2026-05-08 21:45:42.094] [CrestBattleConvergenceLogic] tick-status: now=93.1 pending=18 elapsed=0 closestRemaining=4.9s collectDef=0 collectAtt=0 reservedDef=0 reservedAtt=0
[2026-05-08 21:45:46.980] [CrestBattleConvergenceLogic]   cap reached on Defender (5/5); Vartin's Party added to waiting list (size 3)
[2026-05-08 21:45:47.099] [CrestBattleConvergenceLogic] tick-status: now=98.1 pending=17 elapsed=0 closestRemaining=4.9s collectDef=0 collectAtt=0 reservedDef=0 reservedAtt=0
[2026-05-08 21:45:51.983] [CrestBattleConvergenceLogic]   cap reached on Defender (5/5); Romund's Party added to waiting list (size 4)
[2026-05-08 21:45:52.101] [CrestBattleConvergenceLogic] tick-status: now=103.1 pending=16 elapsed=0 closestRemaining=4.9s collectDef=0 collectAtt=0 reservedDef=0 reservedAtt=0
[2026-05-08 21:45:56.983] [CrestBattleConvergenceLogic]   cap reached on Defender (5/5); Derthert's Party added to waiting list (size 5)
[2026-05-08 21:45:57.108] [CrestBattleConvergenceLogic] tick-status: now=108.1 pending=15 elapsed=0 closestRemaining=4.9s collectDef=0 collectAtt=0 reservedDef=0 reservedAtt=0
[2026-05-08 21:46:01.983] [CrestBattleConvergenceLogic]   cap reached on Defender (5/5); Morcon's Party added to waiting list (size 6)
[2026-05-08 21:46:02.124] [CrestBattleConvergenceLogic] tick-status: now=113.1 pending=14 elapsed=0 closestRemaining=4.9s collectDef=0 collectAtt=0 reservedDef=0 reservedAtt=0
[2026-05-08 21:46:06.989] [CrestBattleConvergenceLogic] queued Asgotha's Party (Nord) team=0 side=Attacker dist=146.7 active=4/5
[2026-05-08 21:46:07.127] [CrestBattleConvergenceLogic] tick-status: now=118.1 pending=13 elapsed=0 closestRemaining=4.8s collectDef=0 collectAtt=1 reservedDef=0 reservedAtt=0
[2026-05-08 21:46:09.276] [CrestBattleConvergenceLogic] registered Asgotha's Party on Attacker: 171 agents queued (queue size now 171)
[2026-05-08 21:46:09.280] [CrestBattleConvergenceLogic] Y.30B: pool tier=2 delta=17 variant=Standard
[2026-05-08 21:46:09.280] [CrestBattleConvergenceLogic] Y.34: pool anchors set inf=(247.4,644.1) arch=(247.8,656.1) cav=(229.4,644.8)
[2026-05-08 21:46:09.280] [CrestBattleConvergenceLogic] Y.30: ally pool[1] lead=Asgotha's Party tactics=176 (first); LordCount=1
[2026-05-08 21:46:12.136] [CrestBattleConvergenceLogic]   cap reached on Defender (5/5); Unthery's Party added to waiting list (size 7)
[2026-05-08 21:46:12.286] [CrestBattleConvergenceLogic] tick-status: now=123.1 pending=12 elapsed=0 closestRemaining=4.8s collectDef=0 collectAtt=0 reservedDef=0 reservedAtt=21
[2026-05-08 21:46:17.139] [CrestBattleConvergenceLogic]   cap reached on Defender (5/5); Arthamund's Party added to waiting list (size 8)
[2026-05-08 21:46:17.290] [CrestBattleConvergenceLogic] tick-status: now=128.2 pending=11 elapsed=0 closestRemaining=4.8s collectDef=0 collectAtt=0 reservedDef=0 reservedAtt=0
[2026-05-08 21:46:17.662] [CrestBattleConvergenceLogic] party eliminated: Furnhard's Party (Vlandia); defActive=4 attActive=4
[2026-05-08 21:46:18.325] [CrestBattleConvergenceLogic] Y.30B: pool tier=2 delta=-207 variant=ShieldWall
[2026-05-08 21:46:18.376] [CrestBattleConvergenceLogic] Y.30B: pool tier=2 delta=-207 variant=ShieldWall
[2026-05-08 21:46:19.786] [CrestBattleConvergenceLogic] party eliminated: Belgir's Party (Vlandia); defActive=3 attActive=4
[2026-05-08 21:46:22.144] [CrestBattleConvergenceLogic] queued Calatild's Party (Vlandia) team=1 side=Defender dist=173.8 active=4/5
[2026-05-08 21:46:22.305] [CrestBattleConvergenceLogic] tick-status: now=133.2 pending=10 elapsed=0 closestRemaining=4.8s collectDef=1 collectAtt=0 reservedDef=0 reservedAtt=0
[2026-05-08 21:46:24.345] [CrestBattleConvergenceLogic] Y.30B: pool tier=2 delta=209 variant=Standard
[2026-05-08 21:46:24.448] [CrestBattleConvergenceLogic] Y.30B: pool tier=2 delta=210 variant=Standard
[2026-05-08 21:46:24.464] [CrestBattleConvergenceLogic] registered Calatild's Party on Defender: 109 agents queued (queue size now 109)
[2026-05-08 21:46:24.464] [CrestBattleConvergenceLogic] Y.30: enemy pool[1] joined by Calatild's Party (tactics=90); pool lead unchanged (179)
[2026-05-08 21:46:27.177] [CrestBattleConvergenceLogic] queued Ospir's Party (Vlandia) team=1 side=Defender dist=185.5 active=5/5
[2026-05-08 21:46:27.346] [CrestBattleConvergenceLogic] tick-status: now=138.2 pending=9 elapsed=0 closestRemaining=4.8s collectDef=1 collectAtt=0 reservedDef=0 reservedAtt=0
[2026-05-08 21:46:27.498] [CrestBattleConvergenceLogic] registered Ospir's Party on Defender: 60 agents queued (queue size now 60)
[2026-05-08 21:46:32.178] [CrestBattleConvergenceLogic]   cap reached on Defender (5/5); Berican's Party added to waiting list (size 1)
[2026-05-08 21:46:32.347] [CrestBattleConvergenceLogic] tick-status: now=143.2 pending=8 elapsed=0 closestRemaining=4.8s collectDef=0 collectAtt=0 reservedDef=0 reservedAtt=0
[2026-05-08 21:46:33.374] [CrestBattleConvergenceLogic] Y.30B: pool tier=2 delta=-53 variant=Standard
[2026-05-08 21:46:33.414] [CrestBattleConvergenceLogic] Y.30B: pool tier=2 delta=-52 variant=Standard
[2026-05-08 21:46:37.184] [CrestBattleConvergenceLogic]   cap reached on Defender (5/5); Ingalther's Party added to waiting list (size 2)
[2026-05-08 21:46:37.354] [CrestBattleConvergenceLogic] tick-status: now=148.2 pending=7 elapsed=0 closestRemaining=4.8s collectDef=0 collectAtt=0 reservedDef=0 reservedAtt=0
[2026-05-08 21:46:42.181] [CrestBattleConvergenceLogic]   cap reached on Defender (5/5); Amalgun's Party added to waiting list (size 3)
[2026-05-08 21:46:42.357] [CrestBattleConvergenceLogic] tick-status: now=153.2 pending=6 elapsed=0 closestRemaining=4.8s collectDef=0 collectAtt=0 reservedDef=0 reservedAtt=0
[2026-05-08 21:46:47.190] [CrestBattleConvergenceLogic] queued Raganvad's Party (Sturgia) team=0 side=Attacker dist=222.7 active=5/5
[2026-05-08 21:46:47.364] [CrestBattleConvergenceLogic] tick-status: now=158.2 pending=5 elapsed=0 closestRemaining=4.8s collectDef=0 collectAtt=1 reservedDef=0 reservedAtt=0
[2026-05-08 21:46:48.542] [CrestBattleConvergenceLogic] registered Raganvad's Party on Attacker: 251 agents queued (queue size now 251)
[2026-05-08 21:46:48.542] [CrestBattleConvergenceLogic] Y.30B: pool tier=3 delta=52 variant=Standard
[2026-05-08 21:46:48.542] [CrestBattleConvergenceLogic] Y.30: ally pool[1] lead=Raganvad's Party tactics=227 (escalated); LordCount=2
[2026-05-08 21:46:52.618] [CrestBattleConvergenceLogic] tick-status: now=163.2 pending=4 elapsed=0 closestRemaining=4.8s collectDef=0 collectAtt=0 reservedDef=0 reservedAtt=0
[2026-05-08 21:46:57.637] [CrestBattleConvergenceLogic] tick-status: now=168.2 pending=3 elapsed=0 closestRemaining=4.8s collectDef=0 collectAtt=0 reservedDef=0 reservedAtt=0
[2026-05-08 21:47:02.651] [CrestBattleConvergenceLogic] tick-status: now=173.2 pending=2 elapsed=0 closestRemaining=4.8s collectDef=0 collectAtt=0 reservedDef=0 reservedAtt=0
[2026-05-08 21:47:03.642] [CrestBattleConvergenceLogic] Y.30B: pool tier=2 delta=-316 variant=ShieldWall
[2026-05-08 21:47:03.680] [CrestBattleConvergenceLogic] Y.30B: pool tier=2 delta=-316 variant=ShieldWall
[2026-05-08 21:47:07.450] [CrestBattleConvergenceLogic]   cap reached on Attacker (5/5); Vyldur's Party added to waiting list (size 1)
[2026-05-08 21:47:07.652] [CrestBattleConvergenceLogic] tick-status: now=178.2 pending=1 elapsed=0 closestRemaining=4.8s collectDef=0 collectAtt=0 reservedDef=0 reservedAtt=0
[2026-05-08 21:47:12.448] [CrestBattleConvergenceLogic]   cap reached on Attacker (5/5); Gautgar's Party added to waiting list (size 2)
[2026-05-08 21:47:12.661] [CrestBattleConvergenceLogic] tick-status: now=183.2 pending=0 elapsed=0 closestRemaining=n/a collectDef=0 collectAtt=0 reservedDef=0 reservedAtt=0
[2026-05-08 21:48:18.172] [CrestBattleConvergenceLogic] Y.30C-C: MapEventSide instance methods taking MobileParty: AddNearbyPartyToPlayerMapEvent, 
[2026-05-08 21:48:18.172] [CrestBattleConvergenceLogic] Y.30C-C: all MapEventSide instance methods (declared): AutoGeneratedInstanceCollectObjects, GetTroops, GetTotalHealthyHeroCountOfSide, CountTroops, GetTotalHealthyTroopCountOfSide, CacheLeaderSimulationModifier, AddPartyInternal, RemovePartyInternal, RecalculateMemberCountOfSide, RecalculateStrengthOfSide, IsMainPartyAmongParties, CalculateTotalContribution, CalculateRenownAndInfluenceValuesOnPartyInvolved, GetSideMorale, HandleMapEventEnd, HandleMapEventEndForPartyInternal, AllocateShips, AllocateSiegeEngines, CreateOrderedSimulationShipList, GetShipCombatScore, GetShipCombatImportance, AllocateTroops, AllocateTroop, GetAllTroops, GetAllocatedTroop, GetReadyTroop, GetAllocatedTroopParty, GetReadyTroopParty, OnTroopWounded, OnTroopKilled, OnTroopRouted, OnTroopScoreHit, OnShipScoreHit, OnShipDamaged, GetWeightedShipCombatFactor, GetMapEventParty, MakeReady, MakeReadyParty, CheckReadyTroopsTemporaryCache, MakeReadyForSimulation, MakeReadyForMission, EndSimulation, InvalidateSimulationSetup, DebugAssertSimulationConsistency, Clear, SelectRandomSimulationTroop, GetRandomSimulationSiegeEngine, GetRandomSimulationShip, RemoveSelectedTroopFromSimulationList, RemoveShipFromSimulationList, OnRoundEnd, ApplySimulationDamageToShip, ApplySimulationDamageToSelectedTroop, ApplySimulatedHitRewardToShip, ApplySimulatedHitRewardToSelectedTroop, Surrender, Route, AddNearbyPartyToPlayerMapEvent, RemoveNearbyPartiesFromPlayerMapEvent, CommitXpGains, CommitRenownChanges, CommitInfluenceChanges, CommitMoraleChanges, ...
[2026-05-08 21:48:18.172] [CrestBattleConvergenceLogic] Y.29: detached 0 joiner parties from mapEvent (25 failed)
[2026-05-08 21:48:18.172] [CrestBattleConvergenceLogic] Y.12d: OnEndMission cleanup done
[2026-05-08 21:56:09.585] [CrestUnblock] processed 265 files in 13ms
[2026-05-08 21:56:09.589] [CrestEnsureStubs] self-heal: recreated 0 stub folder(s), re-enabled 3 in LauncherData.xml
[2026-05-08 21:56:09.597] [CrestQuickStart] patched VideoPlaybackState.OnVideoStarted
[2026-05-08 21:56:09.606] [CrestMessageStyle] patched TaleWorlds.Library.InformationManager.DisplayMessage(InformationMessage)
[2026-05-08 21:56:09.606] [CrestFasterTime] registered (master toggle gates per-tick work)
[2026-05-08 21:56:11.031] [CrestMessageStyle] first DisplayMessage probe -- Mission.Current=null, Campaign.Current=null (Game.Current=null, informational only)
[2026-05-08 21:56:11.905] [CrestFasterTime] API resolved: Campaign.SpeedUpMultiplier=ok, SetTimeSpeed(int)=ok, Input.IsKeyPressed=ok
[2026-05-08 21:56:15.527] [CrestPatchSelfTest] GetAllPatchedMethods returned 346 methods
[2026-05-08 21:56:15.544] [CrestPatchSelfTest] OK   UIExtenderEx.WidgetPrefab.LoadFrom (transpiler) — bound by Bannerlord.UIExtenderEx.Patches.WidgetPrefabPatch.WidgetPrefab_LoadFrom_Transpiler on LoadFrom
[2026-05-08 21:56:15.551] [CrestPatchSelfTest] HARD ButterLib.Module.SetInitialModuleScreenAsRootScreen (transpiler) — target method patched, but no patch from Bannerlord.ButterLib.Implementation.MBSubModuleBaseExtended.Patches.ModulePatch (owners: [MCM.UI.Adapter.MCMv5]; declaring types: [MCM.UI.MCMUIAdapterSubModule])
[2026-05-08 21:56:15.552] [CrestPatchSelfTest] HARD ButterLib.Module.FinalizeSubModules (postfix) — no patch found on TaleWorlds.MountAndBlade.Module.FinalizeSubModules (other patched methods on this type: LoadSubModules, InitializeSubModuleBases, ProcessApplicationArguments, SetInitialModuleScreenAsRootScreen)
[2026-05-08 21:56:15.553] [CrestPatchSelfTest] HARD BEW.Managed.ApplicationTick (finalizer) — no patch found on TaleWorlds.DotNet.Managed.ApplicationTick (no methods on this type are patched at all)
[2026-05-08 21:56:15.555] [CrestPatchSelfTest] HARD BEW.Module.OnApplicationTick (finalizer) — no patch found on TaleWorlds.MountAndBlade.Module.OnApplicationTick (other patched methods on this type: LoadSubModules, InitializeSubModuleBases, ProcessApplicationArguments, SetInitialModuleScreenAsRootScreen)
[2026-05-08 21:56:15.557] [CrestPatchSelfTest] HARD BEW.ScreenManager.Tick (finalizer) — no patch found on TaleWorlds.ScreenSystem.ScreenManager.Tick (no methods on this type are patched at all)
[2026-05-08 21:56:15.558] [CrestPatchSelfTest] HARD BEW.ManagedScriptHolder.TickComponents (finalizer) — no patch found on TaleWorlds.Engine.ManagedScriptHolder.TickComponents (no methods on this type are patched at all)
[2026-05-08 21:56:15.559] [CrestPatchSelfTest] HARD BEW.Mission.Tick (finalizer) — no patch found on TaleWorlds.MountAndBlade.Mission.Tick (other patched methods on this type: UpdateSceneTimeSpeed, OnTeamDeployed, OnDeploymentFinished, CanTakeControlOfAgent)
[2026-05-08 21:56:15.568] [CrestPatchSelfTest] SOFT UIExtenderEx.GauntletMovie.Load (conditional prefix) — no patch found on TaleWorlds.GauntletUI.Data.GauntletMovie.Load (other patched methods on this type: LoadMovie)
[2026-05-08 21:56:15.569] [CrestPatchSelfTest] OK   UIExtenderEx.WidgetFactory.GetCustomType (prefix) — bound by Bannerlord.UIExtenderEx.ResourceManager.WidgetFactoryManager.GetCustomTypePrefix on GetCustomType
[2026-05-08 21:56:15.572] [CrestPatchSelfTest] OK   UIExtenderEx.WidgetFactory.CreateBuiltinWidget (prefix) — bound by Bannerlord.UIExtenderEx.ResourceManager.WidgetFactoryManager.CreateBuiltinWidgetPrefix on CreateBuiltinWidget
[2026-05-08 21:56:15.579] [CrestPatchSelfTest] OK   UIExtenderEx.WidgetFactory.GetWidgetTypes (postfix) — bound by Bannerlord.UIExtenderEx.ResourceManager.WidgetFactoryManager.GetWidgetTypesPostfix on GetWidgetTypes
[2026-05-08 21:56:15.581] [CrestPatchSelfTest] OK   UIExtenderEx.WidgetFactory.IsCustomType (prefix) — bound by Bannerlord.UIExtenderEx.ResourceManager.WidgetFactoryManager.IsCustomTypePrefix on IsCustomType
[2026-05-08 21:56:15.586] [CrestPatchSelfTest] OK   UIExtenderEx.WidgetTemplate.CreateWidgets (transpiler, soft) — bound by Bannerlord.UIExtenderEx.ResourceManager.WidgetFactoryManager.BlankTranspiler on CreateWidgets
[2026-05-08 21:56:15.591] [CrestPatchSelfTest] OK   UIExtenderEx.GauntletMovie.LoadMovie (transpiler, soft) — bound by Bannerlord.UIExtenderEx.ResourceManager.WidgetFactoryManager.BlankTranspiler on LoadMovie
[2026-05-08 21:56:15.591] [CrestPatchSelfTest] summary: 7 bound, 7 hard miss, 1 soft miss (of 15 total)
[2026-05-08 21:56:15.599] [CrestCampaignLogFilter] patched CampaignInformationManager.NewLogEntryAdded — 39 classified entry types across 6 buckets
[2026-05-08 21:56:15.608] [CrestCutThroughEveryone] patched cut-through hooks (gated on EnableCutThroughEveryone master toggle)
[2026-05-08 21:56:15.613] [CrestPlayerInvincibleDamageClamp] patched Mission.RegisterBlow (damage clamp for player hero)
[2026-05-08 21:56:15.613] [CrestTacticPatch] patched TacticComponent.SetDefaultBehaviorWeights (skip for slot >= 10)
[2026-05-08 21:56:15.648] [CrestCampaignTweaks] FasterShips bound: TaleWorlds.CampaignSystem.Party.MobileParty.CalculateSpeed (postfix)
[2026-05-08 21:56:15.670] [CrestCampaignTweaks] AchievementsWithMods bound: SandBox.CampaignBehaviors.DumpIntegrityCampaignBehavior.IsGameIntegrityAchieved (postfix)
[2026-05-08 21:56:15.697] [CrestCampaignTweaks] AchievementsDeactivateBlock bound: StoryMode.GameComponents.CampaignBehaviors.AchievementsCampaignBehavior.DeactivateAchievements (prefix)
[2026-05-08 21:56:15.725] [CrestCampaignTweaks] RTSCameraNavalShim bound: RTSCamera.Patch.Naval.Patch_AgentNavalComponent.Prefix_OnTick (prefix)
[2026-05-08 21:56:15.741] [CrestCampaignTweaks] PreventClanDeath bound: TaleWorlds.CampaignSystem.CampaignBehaviors.AgingCampaignBehavior.IsItTimeOfDeath (prefix)
[2026-05-08 21:56:15.750] [CrestCampaignTweaks] PlayerNoFlinch bound: TaleWorlds.MountAndBlade.Mission.RegisterBlow (prefix)
[2026-05-08 21:56:15.766] [CrestCampaignTweaks] NoExecutionPenalty bound: TaleWorlds.CampaignSystem.CampaignBehaviors.CharacterRelationCampaignBehavior.OnHeroKilled (prefix)
[2026-05-08 21:56:15.781] [CrestCampaignTweaks] ClanTournamentExclusion bound: TaleWorlds.CampaignSystem.TournamentGames.FightTournamentGame.CanBeAParticipant (prefix)
[2026-05-08 21:56:15.796] [CrestCampaignTweaks] ClanPartySpeedBonus bound: TaleWorlds.CampaignSystem.Party.MobileParty.CalculateSpeed (postfix)
[2026-05-08 21:56:15.814] [CrestCampaignTweaks] StopPrisonerEscape (daily) bound: TaleWorlds.CampaignSystem.CampaignBehaviors.PrisonerReleaseCampaignBehavior.DailyHeroTick (prefix)
[2026-05-08 21:56:15.829] [CrestCampaignTweaks] StopPrisonerEscape (hourly) bound: TaleWorlds.CampaignSystem.CampaignBehaviors.PrisonerReleaseCampaignBehavior.HourlyPartyTick (prefix)
[2026-05-08 21:56:15.847] [CrestCampaignTweaks] LootCapturedHeroes bound: TaleWorlds.CampaignSystem.MapEvents.MapEvent.LootDefeatedPartyPrisoners (postfix)
[2026-05-08 21:56:15.863] [CrestCampaignTweaks] NoArrowsStuck bound: TaleWorlds.MountAndBlade.Mission.HandleMissileCollisionReaction (postfix)
[2026-05-08 21:56:15.877] [CrestCampaignTweaks] MarriageStaysInClan bound: TaleWorlds.CampaignSystem.GameComponents.DefaultMarriageModel.GetClanAfterMarriage (postfix)
[2026-05-08 21:56:15.892] [CrestCampaignTweaks] PregnancyChanceUncapped bound: TaleWorlds.CampaignSystem.GameComponents.DefaultPregnancyModel.GetDailyChanceOfPregnancyForHero (postfix)
[2026-05-08 21:56:15.909] [CrestCampaignTweaks] UnlockAllSmithingRecipes bound: TaleWorlds.CampaignSystem.CampaignBehaviors.CraftingCampaignBehavior.IsOpened (postfix)
[2026-05-08 21:56:15.926] [CrestCampaignTweaks] LifelongLearning bound: TaleWorlds.CampaignSystem.GameComponents.DefaultCharacterDevelopmentModel.CalculateLearningRate (postfix)
[2026-05-08 21:56:15.941] [CrestCampaignTweaks] TavernCompanions.DailyTick bound: TaleWorlds.CampaignSystem.CampaignBehaviors.CompanionsCampaignBehavior.DailyTick (postfix)
[2026-05-08 21:56:15.955] [CrestCampaignTweaks] TavernCompanions.DesiredCount bound: TaleWorlds.CampaignSystem.CampaignBehaviors.CompanionsCampaignBehavior.get__desiredTotalCompanionCount (postfix)
[2026-05-08 21:56:15.955] [CrestCampaignTweaks] patched campaign tweaks (legacy EnableCampaignTweaks group)
[2026-05-08 21:56:15.985] [CrestBattleSize] patched (always-on; preset count=7, agent cap=2040)
[2026-05-08 21:56:16.008] [CrestTierUnlocker] patched tier caps (gated on EnableTierUnlocker)
[2026-05-08 21:56:20.732] [CrestBattleConvergenceDialogueBehavior] registered rescue-thanks dialogue lines
[2026-05-08 21:56:20.732] [SubModule] Y.12d-feature#128: registered Battle Convergence rescue dialogue behavior
[2026-05-08 21:56:29.365] [CrestCampaignTweaks] AchievementsWithMods: blocked DeactivateAchievements call
[2026-05-08 21:56:54.231] [CrestCompanionHotswap] added swap + select behaviors to mission
[2026-05-08 21:56:54.233] [CrestBattleConvergence] added convergence behavior to mission
[2026-05-08 21:56:54.305] [CrestBattleConvergenceLogic] flat radius (slider mode): 100
[2026-05-08 21:56:54.359] [CrestBattleConvergenceLogic] Y.12d AfterStart: reinforce=True debug=False radius=100 maxPerSide=6 timerset=1000 playerSide=Attacker isPlayerDefender=False missionAgentSpawnLogic=null
[2026-05-08 21:56:59.170] [CrestBattleConvergenceLogic] Y.30: ensured 2 ally pools (6 formations, indices 10..15)
[2026-05-08 21:56:59.174] [CrestBattleConvergenceLogic] Y.35: ensured 2 enemy pools (6 formations, indices 10..15)
[2026-05-08 21:56:59.183] [CrestBattleConvergenceLogic] Cinema-fix-C symmetric radius: bothSidesRadius=300 (mult x3.0) â€” distance-filtered 12
[2026-05-08 21:56:59.184] [CrestBattleConvergenceLogic] Y.12d-fix23 stagger: initial=45s cadence=5s -> first lord at +45s, last (idx 27) at +180s
[2026-05-08 21:56:59.184] [CrestBattleConvergenceLogic] Y.12d Stage1: defenderSpawnPositions=3 attackerSpawnPositions=3 partiesSeen=1489 eligibleCandidates=28 neutralRej=75
[2026-05-08 21:56:59.199] [CrestBattleConvergenceLogic] OnMissionTick first call after Stage1: candidates=28
[2026-05-08 21:57:06.247] [CrestBattleConvergenceLogic] tick-status: now=8.2 pending=28 elapsed=0 closestRemaining=40.0s collectDef=0 collectAtt=0 reservedDef=0 reservedAtt=0
[2026-05-08 21:57:11.263] [CrestBattleConvergenceLogic] tick-status: now=13.2 pending=28 elapsed=0 closestRemaining=35.0s collectDef=0 collectAtt=0 reservedDef=0 reservedAtt=0
[2026-05-08 21:57:16.275] [CrestBattleConvergenceLogic] tick-status: now=18.2 pending=28 elapsed=0 closestRemaining=30.0s collectDef=0 collectAtt=0 reservedDef=0 reservedAtt=0
[2026-05-08 21:57:21.288] [CrestBattleConvergenceLogic] tick-status: now=23.2 pending=28 elapsed=0 closestRemaining=25.0s collectDef=0 collectAtt=0 reservedDef=0 reservedAtt=0
[2026-05-08 21:57:26.291] [CrestBattleConvergenceLogic] tick-status: now=28.2 pending=28 elapsed=0 closestRemaining=20.0s collectDef=0 collectAtt=0 reservedDef=0 reservedAtt=0
[2026-05-08 21:57:31.292] [CrestBattleConvergenceLogic] tick-status: now=33.2 pending=28 elapsed=0 closestRemaining=15.0s collectDef=0 collectAtt=0 reservedDef=0 reservedAtt=0
[2026-05-08 21:57:36.308] [CrestBattleConvergenceLogic] tick-status: now=38.2 pending=28 elapsed=0 closestRemaining=9.9s collectDef=0 collectAtt=0 reservedDef=0 reservedAtt=0
[2026-05-08 21:57:41.308] [CrestBattleConvergenceLogic] tick-status: now=43.2 pending=28 elapsed=0 closestRemaining=4.9s collectDef=0 collectAtt=0 reservedDef=0 reservedAtt=0
[2026-05-08 21:57:46.283] [CrestBattleConvergenceLogic] queued Servic's Party (Vlandia) team=1 side=Defender dist=7.3 active=1/5
[2026-05-08 21:57:46.312] [CrestBattleConvergenceLogic] tick-status: now=48.2 pending=27 elapsed=0 closestRemaining=4.9s collectDef=1 collectAtt=0 reservedDef=0 reservedAtt=0
[2026-05-08 21:57:46.362] [CrestBattleConvergenceLogic] registered Servic's Party on Defender: 127 agents queued (queue size now 127)
[2026-05-08 21:57:46.364] [CrestBattleHornCue] GetEventIdFromString not found -- horn cue disabled
[2026-05-08 21:57:46.379] [CrestBattleConvergenceLogic] Y.30B: pool tier=2 delta=-27 variant=Standard
[2026-05-08 21:57:46.383] [CrestBattleConvergenceLogic] Y.34: pool anchors set inf=(247.4,644.1) arch=(247.8,656.1) cav=(229.4,644.8)
[2026-05-08 21:57:46.384] [CrestBattleConvergenceLogic] Y.30: enemy pool[0] lead=Servic's Party tactics=145 (first); LordCount=1
[2026-05-08 21:57:46.528] [CrestBattleConvergenceLogic] Y.42 [enemy.0] lead=Servic's Party tier=2 parity=-27 variant=Standard units=127
[2026-05-08 21:57:46.535] [CrestBattleConvergenceLogic] Y.42 [enemy.0] inf: units=74 pos=(0.0,0.0) anchorD=690.0 enemyD=-1.0 engineMove=n/a engineArr=TaleWorlds.MountAndBlade.ArrangementOrder wantMove=TaleWorlds.MountAndBlade.MovementOrder wantArr=TaleWorlds.MountAndBlade.ArrangementOrder beh=(unset)
[2026-05-08 21:57:46.535] [CrestBattleConvergenceLogic] Y.42 [enemy.0] arch: units=14 pos=(0.0,0.0) anchorD=701.4 enemyD=-1.0 engineMove=n/a engineArr=TaleWorlds.MountAndBlade.ArrangementOrder wantMove=TaleWorlds.MountAndBlade.MovementOrder wantArr=TaleWorlds.MountAndBlade.ArrangementOrder beh=(unset)
[2026-05-08 21:57:46.535] [CrestBattleConvergenceLogic] Y.42 [enemy.0] cav: units=39 pos=(0.0,0.0) anchorD=684.4 enemyD=-1.0 engineMove=n/a engineArr=TaleWorlds.MountAndBlade.ArrangementOrder wantMove=TaleWorlds.MountAndBlade.MovementOrder wantArr=TaleWorlds.MountAndBlade.ArrangementOrder beh=(unset)
[2026-05-08 21:57:51.358] [CrestBattleConvergenceLogic] queued Adaltrud's Party (Vlandia) team=1 side=Defender dist=43.2 active=2/5
[2026-05-08 21:57:51.421] [CrestBattleConvergenceLogic] tick-status: now=53.2 pending=26 elapsed=0 closestRemaining=4.9s collectDef=1 collectAtt=0 reservedDef=0 reservedAtt=0
[2026-05-08 21:57:51.532] [CrestBattleConvergenceLogic] Y.42 [enemy.0] lead=Servic's Party tier=2 parity=-27 variant=Standard units=127
[2026-05-08 21:57:51.532] [CrestBattleConvergenceLogic] Y.42 [enemy.0] inf: units=74 pos=(0.0,0.0) anchorD=690.0 enemyD=-1.0 engineMove=n/a engineArr=TaleWorlds.MountAndBlade.ArrangementOrder wantMove=TaleWorlds.MountAndBlade.MovementOrder wantArr=TaleWorlds.MountAndBlade.ArrangementOrder beh=(unset)
[2026-05-08 21:57:51.532] [CrestBattleConvergenceLogic] Y.42 [enemy.0] arch: units=14 pos=(0.0,0.0) anchorD=701.4 enemyD=-1.0 engineMove=n/a engineArr=TaleWorlds.MountAndBlade.ArrangementOrder wantMove=TaleWorlds.MountAndBlade.MovementOrder wantArr=TaleWorlds.MountAndBlade.ArrangementOrder beh=(unset)
[2026-05-08 21:57:51.532] [CrestBattleConvergenceLogic] Y.42 [enemy.0] cav: units=39 pos=(0.0,0.0) anchorD=684.4 enemyD=-1.0 engineMove=n/a engineArr=TaleWorlds.MountAndBlade.ArrangementOrder wantMove=TaleWorlds.MountAndBlade.MovementOrder wantArr=TaleWorlds.MountAndBlade.ArrangementOrder beh=(unset)
[2026-05-08 21:57:52.467] [CrestBattleConvergenceLogic] registered Adaltrud's Party on Defender: 72 agents queued (queue size now 72)
[2026-05-08 21:57:52.467] [CrestBattleConvergenceLogic] Y.30B: pool tier=2 delta=99 variant=Standard
[2026-05-08 21:57:52.467] [CrestBattleConvergenceLogic] Y.30: enemy pool[0] lead=Adaltrud's Party tactics=196 (escalated); LordCount=2
[2026-05-08 21:57:56.362] [CrestBattleConvergenceLogic] queued Ecarand's Party (Vlandia) team=1 side=Defender dist=57.4 active=3/5
[2026-05-08 21:57:56.429] [CrestBattleConvergenceLogic] tick-status: now=58.2 pending=25 elapsed=0 closestRemaining=4.9s collectDef=1 collectAtt=0 reservedDef=0 reservedAtt=0
[2026-05-08 21:57:56.544] [CrestBattleConvergenceLogic] Y.42 [enemy.0] lead=Adaltrud's Party tier=2 parity=99 variant=Standard units=199
[2026-05-08 21:57:56.544] [CrestBattleConvergenceLogic] Y.42 [enemy.0] inf: units=119 pos=(0.0,0.0) anchorD=690.0 enemyD=-1.0 engineMove=n/a engineArr=TaleWorlds.MountAndBlade.ArrangementOrder wantMove=TaleWorlds.MountAndBlade.MovementOrder wantArr=TaleWorlds.MountAndBlade.ArrangementOrder beh=(unset)
[2026-05-08 21:57:56.544] [CrestBattleConvergenceLogic] Y.42 [enemy.0] arch: units=24 pos=(0.0,0.0) anchorD=701.4 enemyD=-1.0 engineMove=n/a engineArr=TaleWorlds.MountAndBlade.ArrangementOrder wantMove=TaleWorlds.MountAndBlade.MovementOrder wantArr=TaleWorlds.MountAndBlade.ArrangementOrder beh=(unset)
[2026-05-08 21:57:56.544] [CrestBattleConvergenceLogic] Y.42 [enemy.0] cav: units=56 pos=(0.0,0.0) anchorD=684.4 enemyD=-1.0 engineMove=n/a engineArr=TaleWorlds.MountAndBlade.ArrangementOrder wantMove=TaleWorlds.MountAndBlade.MovementOrder wantArr=TaleWorlds.MountAndBlade.ArrangementOrder beh=(unset)
[2026-05-08 21:57:58.471] [CrestBattleConvergenceLogic] registered Ecarand's Party on Defender: 74 agents queued (queue size now 74)
[2026-05-08 21:57:58.471] [CrestBattleConvergenceLogic] Y.30: enemy pool[0] joined by Ecarand's Party (tactics=175); pool lead unchanged (196)
[2026-05-08 21:58:01.374] [CrestBattleConvergenceLogic] queued Furnhard's Party (Vlandia) team=1 side=Defender dist=70.9 active=4/5
[2026-05-08 21:58:01.440] [CrestBattleConvergenceLogic] tick-status: now=63.2 pending=24 elapsed=0 closestRemaining=4.9s collectDef=1 collectAtt=0 reservedDef=0 reservedAtt=0
[2026-05-08 21:58:01.474] [CrestBattleConvergenceLogic] registered Furnhard's Party on Defender: 53 agents queued (queue size now 53)
[2026-05-08 21:58:01.474] [CrestBattleConvergenceLogic] Y.30B: pool tier=2 delta=244 variant=Standard
[2026-05-08 21:58:01.474] [CrestBattleConvergenceLogic] Y.34: pool anchors set inf=(234.9,305.2) arch=(234.5,293.2) cav=(252.9,304.5)
[2026-05-08 21:58:01.474] [CrestBattleConvergenceLogic] Y.30: enemy pool[1] lead=Furnhard's Party tactics=176 (first); LordCount=1
[2026-05-08 21:58:01.557] [CrestBattleConvergenceLogic] Y.42 [enemy.0] lead=Adaltrud's Party tier=2 parity=99 variant=Standard units=273
[2026-05-08 21:58:01.557] [CrestBattleConvergenceLogic] Y.42 [enemy.0] inf: units=165 pos=(0.0,0.0) anchorD=690.0 enemyD=-1.0 engineMove=n/a engineArr=TaleWorlds.MountAndBlade.ArrangementOrder wantMove=TaleWorlds.MountAndBlade.MovementOrder wantArr=TaleWorlds.MountAndBlade.ArrangementOrder beh=(unset)
[2026-05-08 21:58:01.557] [CrestBattleConvergenceLogic] Y.42 [enemy.0] arch: units=32 pos=(0.0,0.0) anchorD=701.4 enemyD=-1.0 engineMove=n/a engineArr=TaleWorlds.MountAndBlade.ArrangementOrder wantMove=TaleWorlds.MountAndBlade.MovementOrder wantArr=TaleWorlds.MountAndBlade.ArrangementOrder beh=(unset)
[2026-05-08 21:58:01.557] [CrestBattleConvergenceLogic] Y.42 [enemy.0] cav: units=76 pos=(0.0,0.0) anchorD=684.4 enemyD=-1.0 engineMove=n/a engineArr=TaleWorlds.MountAndBlade.ArrangementOrder wantMove=TaleWorlds.MountAndBlade.MovementOrder wantArr=TaleWorlds.MountAndBlade.ArrangementOrder beh=(unset)
[2026-05-08 21:58:01.557] [CrestBattleConvergenceLogic] Y.42 [enemy.1] lead=Furnhard's Party tier=2 parity=244 variant=Standard units=53
[2026-05-08 21:58:01.557] [CrestBattleConvergenceLogic] Y.42 [enemy.1] inf: units=26 pos=(0.0,0.0) anchorD=385.1 enemyD=-1.0 engineMove=n/a engineArr=TaleWorlds.MountAndBlade.ArrangementOrder wantMove=TaleWorlds.MountAndBlade.MovementOrder wantArr=TaleWorlds.MountAndBlade.ArrangementOrder beh=(unset)
[2026-05-08 21:58:01.557] [CrestBattleConvergenceLogic] Y.42 [enemy.1] arch: units=8 pos=(0.0,0.0) anchorD=375.4 enemyD=-1.0 engineMove=n/a engineArr=TaleWorlds.MountAndBlade.ArrangementOrder wantMove=TaleWorlds.MountAndBlade.MovementOrder wantArr=TaleWorlds.MountAndBlade.ArrangementOrder beh=(unset)
[2026-05-08 21:58:01.557] [CrestBattleConvergenceLogic] Y.42 [enemy.1] cav: units=19 pos=(0.0,0.0) anchorD=395.9 enemyD=-1.0 engineMove=n/a engineArr=TaleWorlds.MountAndBlade.ArrangementOrder wantMove=TaleWorlds.MountAndBlade.MovementOrder wantArr=TaleWorlds.MountAndBlade.ArrangementOrder beh=(unset)
[2026-05-08 21:58:06.971] [CrestBattleConvergenceLogic] queued Bothero of the Brotherhood's Party (Brotherhood of the Woods) team=0 side=Attacker dist=75.9 active=1/5
[2026-05-08 21:58:07.055] [CrestBattleConvergenceLogic] tick-status: now=68.3 pending=23 elapsed=0 closestRemaining=4.9s collectDef=0 collectAtt=1 reservedDef=0 reservedAtt=0
[2026-05-08 21:58:07.164] [CrestBattleConvergenceLogic] Y.42 [enemy.0] lead=Adaltrud's Party tier=2 parity=99 variant=Standard units=273
[2026-05-08 21:58:07.164] [CrestBattleConvergenceLogic] Y.42 [enemy.0] inf: units=165 pos=(0.0,0.0) anchorD=690.0 enemyD=-1.0 engineMove=n/a engineArr=TaleWorlds.MountAndBlade.ArrangementOrder wantMove=TaleWorlds.MountAndBlade.MovementOrder wantArr=TaleWorlds.MountAndBlade.ArrangementOrder beh=(unset)
[2026-05-08 21:58:07.164] [CrestBattleConvergenceLogic] Y.42 [enemy.0] arch: units=32 pos=(0.0,0.0) anchorD=701.4 enemyD=-1.0 engineMove=n/a engineArr=TaleWorlds.MountAndBlade.ArrangementOrder wantMove=TaleWorlds.MountAndBlade.MovementOrder wantArr=TaleWorlds.MountAndBlade.ArrangementOrder beh=(unset)
[2026-05-08 21:58:07.164] [CrestBattleConvergenceLogic] Y.42 [enemy.0] cav: units=76 pos=(0.0,0.0) anchorD=684.4 enemyD=-1.0 engineMove=n/a engineArr=TaleWorlds.MountAndBlade.ArrangementOrder wantMove=TaleWorlds.MountAndBlade.MovementOrder wantArr=TaleWorlds.MountAndBlade.ArrangementOrder beh=(unset)
[2026-05-08 21:58:07.164] [CrestBattleConvergenceLogic] Y.42 [enemy.1] lead=Furnhard's Party tier=2 parity=244 variant=Standard units=53
[2026-05-08 21:58:07.164] [CrestBattleConvergenceLogic] Y.42 [enemy.1] inf: units=26 pos=(0.0,0.0) anchorD=385.1 enemyD=-1.0 engineMove=n/a engineArr=TaleWorlds.MountAndBlade.ArrangementOrder wantMove=TaleWorlds.MountAndBlade.MovementOrder wantArr=TaleWorlds.MountAndBlade.ArrangementOrder beh=(unset)
[2026-05-08 21:58:07.164] [CrestBattleConvergenceLogic] Y.42 [enemy.1] arch: units=8 pos=(0.0,0.0) anchorD=375.4 enemyD=-1.0 engineMove=n/a engineArr=TaleWorlds.MountAndBlade.ArrangementOrder wantMove=TaleWorlds.MountAndBlade.MovementOrder wantArr=TaleWorlds.MountAndBlade.ArrangementOrder beh=(unset)
[2026-05-08 21:58:07.164] [CrestBattleConvergenceLogic] Y.42 [enemy.1] cav: units=19 pos=(0.0,0.0) anchorD=395.9 enemyD=-1.0 engineMove=n/a engineArr=TaleWorlds.MountAndBlade.ArrangementOrder wantMove=TaleWorlds.MountAndBlade.MovementOrder wantArr=TaleWorlds.MountAndBlade.ArrangementOrder beh=(unset)
[2026-05-08 21:58:08.086] [CrestBattleConvergenceLogic] registered Bothero of the Brotherhood's Party on Attacker: 89 agents queued (queue size now 89)
[2026-05-08 21:58:08.090] [CrestBattleConvergenceLogic] Y.30B: pool tier=2 delta=-297 variant=ShieldWall
[2026-05-08 21:58:08.090] [CrestBattleConvergenceLogic] Y.34: pool anchors set inf=(231.4,308.5) arch=(230.7,296.5) cav=(249.3,307.4)
[2026-05-08 21:58:08.090] [CrestBattleConvergenceLogic] Y.30: ally pool[0] lead=Bothero of the Brotherhood's Party tactics=114 (first); LordCount=1
[2026-05-08 21:58:12.001] [CrestBattleConvergenceLogic] queued Origand of the Brotherhood's Party (Brotherhood of the Woods) team=0 side=Attacker dist=77.5 active=2/5
[2026-05-08 21:58:12.089] [CrestBattleConvergenceLogic] tick-status: now=73.3 pending=22 elapsed=0 closestRemaining=4.9s collectDef=0 collectAtt=1 reservedDef=0 reservedAtt=0
[2026-05-08 21:58:12.199] [CrestBattleConvergenceLogic] Y.42 [ally.0] lead=Bothero of the Brotherhood's Party tier=2 parity=-297 variant=ShieldWall units=88
[2026-05-08 21:58:12.199] [CrestBattleConvergenceLogic] Y.42 [ally.0] inf: units=1 pos=(0.0,0.0) anchorD=385.6 enemyD=-1.0 engineMove=n/a engineArr=TaleWorlds.MountAndBlade.ArrangementOrder wantMove=TaleWorlds.MountAndBlade.MovementOrder wantArr=TaleWorlds.MountAndBlade.ArrangementOrder beh=Charge
[2026-05-08 21:58:12.199] [CrestBattleConvergenceLogic] Y.42 [ally.0] arch: units=87 pos=(0.0,0.0) anchorD=375.7 enemyD=-1.0 engineMove=n/a engineArr=TaleWorlds.MountAndBlade.ArrangementOrder wantMove=TaleWorlds.MountAndBlade.MovementOrder wantArr=TaleWorlds.MountAndBlade.ArrangementOrder beh=Charge
[2026-05-08 21:58:12.199] [CrestBattleConvergenceLogic] Y.42 [ally.0] cav: units=0 (empty)
[2026-05-08 21:58:12.199] [CrestBattleConvergenceLogic] Y.42 [enemy.0] lead=Adaltrud's Party tier=2 parity=297 variant=Standard units=273
[2026-05-08 21:58:12.199] [CrestBattleConvergenceLogic] Y.42 [enemy.0] inf: units=165 pos=(0.0,0.0) anchorD=690.0 enemyD=-1.0 engineMove=n/a engineArr=TaleWorlds.MountAndBlade.ArrangementOrder wantMove=TaleWorlds.MountAndBlade.MovementOrder wantArr=TaleWorlds.MountAndBlade.ArrangementOrder beh=(unset)
[2026-05-08 21:58:12.199] [CrestBattleConvergenceLogic] Y.42 [enemy.0] arch: units=32 pos=(0.0,0.0) anchorD=701.4 enemyD=-1.0 engineMove=n/a engineArr=TaleWorlds.MountAndBlade.ArrangementOrder wantMove=TaleWorlds.MountAndBlade.MovementOrder wantArr=TaleWorlds.MountAndBlade.ArrangementOrder beh=(unset)
[2026-05-08 21:58:12.199] [CrestBattleConvergenceLogic] Y.42 [enemy.0] cav: units=76 pos=(0.0,0.0) anchorD=684.4 enemyD=-1.0 engineMove=n/a engineArr=TaleWorlds.MountAndBlade.ArrangementOrder wantMove=TaleWorlds.MountAndBlade.MovementOrder wantArr=TaleWorlds.MountAndBlade.ArrangementOrder beh=(unset)
[2026-05-08 21:58:12.199] [CrestBattleConvergenceLogic] Y.42 [enemy.1] lead=Furnhard's Party tier=2 parity=244 variant=Standard units=49
[2026-05-08 21:58:12.199] [CrestBattleConvergenceLogic] Y.42 [enemy.1] inf: units=22 pos=(0.0,0.0) anchorD=385.1 enemyD=-1.0 engineMove=n/a engineArr=TaleWorlds.MountAndBlade.ArrangementOrder wantMove=TaleWorlds.MountAndBlade.MovementOrder wantArr=TaleWorlds.MountAndBlade.ArrangementOrder beh=(unset)
[2026-05-08 21:58:12.199] [CrestBattleConvergenceLogic] Y.42 [enemy.1] arch: units=8 pos=(0.0,0.0) anchorD=375.4 enemyD=-1.0 engineMove=n/a engineArr=TaleWorlds.MountAndBlade.ArrangementOrder wantMove=TaleWorlds.MountAndBlade.MovementOrder wantArr=TaleWorlds.MountAndBlade.ArrangementOrder beh=(unset)
[2026-05-08 21:58:12.199] [CrestBattleConvergenceLogic] Y.42 [enemy.1] cav: units=19 pos=(0.0,0.0) anchorD=395.9 enemyD=-1.0 engineMove=n/a engineArr=TaleWorlds.MountAndBlade.ArrangementOrder wantMove=TaleWorlds.MountAndBlade.MovementOrder wantArr=TaleWorlds.MountAndBlade.ArrangementOrder beh=(unset)
[2026-05-08 21:58:14.129] [CrestBattleConvergenceLogic] registered Origand of the Brotherhood's Party on Attacker: 135 agents queued (queue size now 135)
[2026-05-08 21:58:14.131] [CrestBattleConvergenceLogic] Y.30B: pool tier=2 delta=-205 variant=ShieldWall
[2026-05-08 21:58:14.131] [CrestBattleConvergenceLogic] Y.30: ally pool[0] lead=Origand of the Brotherhood's Party tactics=132 (escalated); LordCount=2
[2026-05-08 21:58:17.035] [CrestBattleConvergenceLogic] queued Turvald of the Brotherhood's Party (Brotherhood of the Woods) team=0 side=Attacker dist=77.9 active=3/5
[2026-05-08 21:58:17.129] [CrestBattleConvergenceLogic] tick-status: now=78.3 pending=21 elapsed=0 closestRemaining=4.9s collectDef=0 collectAtt=1 reservedDef=0 reservedAtt=0
[2026-05-08 21:58:17.178] [CrestBattleConvergenceLogic] registered Turvald of the Brotherhood's Party on Attacker: 111 agents queued (queue size now 111)
[2026-05-08 21:58:17.178] [CrestBattleConvergenceLogic] Y.30: ally pool[0] joined by Turvald of the Brotherhood's Party (tactics=132); pool lead unchanged (132)
[2026-05-08 21:58:17.314] [CrestBattleConvergenceLogic] Y.42 [ally.0] lead=Origand of the Brotherhood's Party tier=2 parity=-205 variant=ShieldWall units=332
[2026-05-08 21:58:17.314] [CrestBattleConvergenceLogic] Y.42 [ally.0] inf: units=3 pos=(0.0,0.0) anchorD=385.6 enemyD=-1.0 engineMove=n/a engineArr=TaleWorlds.MountAndBlade.ArrangementOrder wantMove=TaleWorlds.MountAndBlade.MovementOrder wantArr=TaleWorlds.MountAndBlade.ArrangementOrder beh=Charge
[2026-05-08 21:58:17.314] [CrestBattleConvergenceLogic] Y.42 [ally.0] arch: units=329 pos=(0.0,0.0) anchorD=375.7 enemyD=-1.0 engineMove=n/a engineArr=TaleWorlds.MountAndBlade.ArrangementOrder wantMove=TaleWorlds.MountAndBlade.MovementOrder wantArr=TaleWorlds.MountAndBlade.ArrangementOrder beh=Charge
[2026-05-08 21:58:17.314] [CrestBattleConvergenceLogic] Y.42 [ally.0] cav: units=0 (empty)
[2026-05-08 21:58:17.314] [CrestBattleConvergenceLogic] Y.42 [enemy.0] lead=Adaltrud's Party tier=2 parity=297 variant=Standard units=272
[2026-05-08 21:58:17.314] [CrestBattleConvergenceLogic] Y.42 [enemy.0] inf: units=164 pos=(0.0,0.0) anchorD=690.0 enemyD=-1.0 engineMove=n/a engineArr=TaleWorlds.MountAndBlade.ArrangementOrder wantMove=TaleWorlds.MountAndBlade.MovementOrder wantArr=TaleWorlds.MountAndBlade.ArrangementOrder beh=(unset)
[2026-05-08 21:58:17.314] [CrestBattleConvergenceLogic] Y.42 [enemy.0] arch: units=32 pos=(0.0,0.0) anchorD=701.4 enemyD=-1.0 engineMove=n/a engineArr=TaleWorlds.MountAndBlade.ArrangementOrder wantMove=TaleWorlds.MountAndBlade.MovementOrder wantArr=TaleWorlds.MountAndBlade.ArrangementOrder beh=(unset)
[2026-05-08 21:58:17.314] [CrestBattleConvergenceLogic] Y.42 [enemy.0] cav: units=76 pos=(0.0,0.0) anchorD=684.4 enemyD=-1.0 engineMove=n/a engineArr=TaleWorlds.MountAndBlade.ArrangementOrder wantMove=TaleWorlds.MountAndBlade.MovementOrder wantArr=TaleWorlds.MountAndBlade.ArrangementOrder beh=(unset)
[2026-05-08 21:58:17.314] [CrestBattleConvergenceLogic] Y.42 [enemy.1] lead=Furnhard's Party tier=2 parity=67 variant=Standard units=44
[2026-05-08 21:58:17.314] [CrestBattleConvergenceLogic] Y.42 [enemy.1] inf: units=17 pos=(0.0,0.0) anchorD=385.1 enemyD=-1.0 engineMove=n/a engineArr=TaleWorlds.MountAndBlade.ArrangementOrder wantMove=TaleWorlds.MountAndBlade.MovementOrder wantArr=TaleWorlds.MountAndBlade.ArrangementOrder beh=(unset)
[2026-05-08 21:58:17.314] [CrestBattleConvergenceLogic] Y.42 [enemy.1] arch: units=8 pos=(0.0,0.0) anchorD=375.4 enemyD=-1.0 engineMove=n/a engineArr=TaleWorlds.MountAndBlade.ArrangementOrder wantMove=TaleWorlds.MountAndBlade.MovementOrder wantArr=TaleWorlds.MountAndBlade.ArrangementOrder beh=(unset)
[2026-05-08 21:58:17.314] [CrestBattleConvergenceLogic] Y.42 [enemy.1] cav: units=19 pos=(0.0,0.0) anchorD=395.9 enemyD=-1.0 engineMove=n/a engineArr=TaleWorlds.MountAndBlade.ArrangementOrder wantMove=TaleWorlds.MountAndBlade.MovementOrder wantArr=TaleWorlds.MountAndBlade.ArrangementOrder beh=(unset)
[2026-05-08 21:58:22.102] [CrestBattleConvergenceLogic] queued Belgir's Party (Vlandia) team=1 side=Defender dist=111.5 active=5/5
[2026-05-08 21:58:22.203] [CrestBattleConvergenceLogic] tick-status: now=83.3 pending=20 elapsed=0 closestRemaining=4.9s collectDef=1 collectAtt=0 reservedDef=0 reservedAtt=0
[2026-05-08 21:58:22.316] [CrestBattleConvergenceLogic] Y.42 [ally.0] lead=Origand of the Brotherhood's Party tier=2 parity=-205 variant=ShieldWall units=327
[2026-05-08 21:58:22.316] [CrestBattleConvergenceLogic] Y.42 [ally.0] inf: units=3 pos=(0.0,0.0) anchorD=385.6 enemyD=-1.0 engineMove=n/a engineArr=TaleWorlds.MountAndBlade.ArrangementOrder wantMove=TaleWorlds.MountAndBlade.MovementOrder wantArr=TaleWorlds.MountAndBlade.ArrangementOrder beh=Charge
[2026-05-08 21:58:22.316] [CrestBattleConvergenceLogic] Y.42 [ally.0] arch: units=324 pos=(0.0,0.0) anchorD=375.7 enemyD=-1.0 engineMove=n/a engineArr=TaleWorlds.MountAndBlade.ArrangementOrder wantMove=TaleWorlds.MountAndBlade.MovementOrder wantArr=TaleWorlds.MountAndBlade.ArrangementOrder beh=Charge
[2026-05-08 21:58:22.316] [CrestBattleConvergenceLogic] Y.42 [ally.0] cav: units=0 (empty)
[2026-05-08 21:58:22.316] [CrestBattleConvergenceLogic] Y.42 [enemy.0] lead=Adaltrud's Party tier=2 parity=297 variant=Standard units=271
[2026-05-08 21:58:22.316] [CrestBattleConvergenceLogic] Y.42 [enemy.0] inf: units=164 pos=(0.0,0.0) anchorD=690.0 enemyD=-1.0 engineMove=n/a engineArr=TaleWorlds.MountAndBlade.ArrangementOrder wantMove=TaleWorlds.MountAndBlade.MovementOrder wantArr=TaleWorlds.MountAndBlade.ArrangementOrder beh=(unset)
[2026-05-08 21:58:22.316] [CrestBattleConvergenceLogic] Y.42 [enemy.0] arch: units=32 pos=(0.0,0.0) anchorD=701.4 enemyD=-1.0 engineMove=n/a engineArr=TaleWorlds.MountAndBlade.ArrangementOrder wantMove=TaleWorlds.MountAndBlade.MovementOrder wantArr=TaleWorlds.MountAndBlade.ArrangementOrder beh=(unset)
[2026-05-08 21:58:22.316] [CrestBattleConvergenceLogic] Y.42 [enemy.0] cav: units=75 pos=(0.0,0.0) anchorD=684.4 enemyD=-1.0 engineMove=n/a engineArr=TaleWorlds.MountAndBlade.ArrangementOrder wantMove=TaleWorlds.MountAndBlade.MovementOrder wantArr=TaleWorlds.MountAndBlade.ArrangementOrder beh=(unset)
[2026-05-08 21:58:22.316] [CrestBattleConvergenceLogic] Y.42 [enemy.1] lead=Furnhard's Party tier=2 parity=67 variant=Standard units=37
[2026-05-08 21:58:22.316] [CrestBattleConvergenceLogic] Y.42 [enemy.1] inf: units=12 pos=(0.0,0.0) anchorD=385.1 enemyD=-1.0 engineMove=n/a engineArr=TaleWorlds.MountAndBlade.ArrangementOrder wantMove=TaleWorlds.MountAndBlade.MovementOrder wantArr=TaleWorlds.MountAndBlade.ArrangementOrder beh=(unset)
[2026-05-08 21:58:22.316] [CrestBattleConvergenceLogic] Y.42 [enemy.1] arch: units=7 pos=(0.0,0.0) anchorD=375.4 enemyD=-1.0 engineMove=n/a engineArr=TaleWorlds.MountAndBlade.ArrangementOrder wantMove=TaleWorlds.MountAndBlade.MovementOrder wantArr=TaleWorlds.MountAndBlade.ArrangementOrder beh=(unset)
[2026-05-08 21:58:22.316] [CrestBattleConvergenceLogic] Y.42 [enemy.1] cav: units=18 pos=(0.0,0.0) anchorD=395.9 enemyD=-1.0 engineMove=n/a engineArr=TaleWorlds.MountAndBlade.ArrangementOrder wantMove=TaleWorlds.MountAndBlade.MovementOrder wantArr=TaleWorlds.MountAndBlade.ArrangementOrder beh=(unset)
[2026-05-08 21:58:23.228] [CrestBattleConvergenceLogic] Y.30B: pool tier=2 delta=-50 variant=Standard
[2026-05-08 21:58:23.253] [CrestBattleConvergenceLogic] registered Belgir's Party on Defender: 135 agents queued (queue size now 135)
[2026-05-08 21:58:23.253] [CrestBattleConvergenceLogic] Y.30B: pool tier=2 delta=-50 variant=Standard
[2026-05-08 21:58:23.253] [CrestBattleConvergenceLogic] Y.30: enemy pool[1] lead=Belgir's Party tactics=179 (escalated); LordCount=2
[2026-05-08 21:58:27.154] [CrestBattleConvergenceLogic]   cap reached on Defender (5/5); Hecard's Party added to waiting list (size 1)
[2026-05-08 21:58:27.249] [CrestBattleConvergenceLogic] tick-status: now=88.3 pending=19 elapsed=0 closestRemaining=4.9s collectDef=0 collectAtt=0 reservedDef=0 reservedAtt=0
[2026-05-08 21:58:27.369] [CrestBattleConvergenceLogic] Y.42 [ally.0] lead=Origand of the Brotherhood's Party tier=2 parity=-205 variant=ShieldWall units=321
[2026-05-08 21:58:27.369] [CrestBattleConvergenceLogic] Y.42 [ally.0] inf: units=3 pos=(0.0,0.0) anchorD=385.6 enemyD=-1.0 engineMove=n/a engineArr=TaleWorlds.MountAndBlade.ArrangementOrder wantMove=TaleWorlds.MountAndBlade.MovementOrder wantArr=TaleWorlds.MountAndBlade.ArrangementOrder beh=Charge
[2026-05-08 21:58:27.369] [CrestBattleConvergenceLogic] Y.42 [ally.0] arch: units=318 pos=(0.0,0.0) anchorD=375.7 enemyD=-1.0 engineMove=n/a engineArr=TaleWorlds.MountAndBlade.ArrangementOrder wantMove=TaleWorlds.MountAndBlade.MovementOrder wantArr=TaleWorlds.MountAndBlade.ArrangementOrder beh=Charge
[2026-05-08 21:58:27.369] [CrestBattleConvergenceLogic] Y.42 [ally.0] cav: units=0 (empty)
[2026-05-08 21:58:27.369] [CrestBattleConvergenceLogic] Y.42 [enemy.0] lead=Adaltrud's Party tier=2 parity=-50 variant=Standard units=270
[2026-05-08 21:58:27.369] [CrestBattleConvergenceLogic] Y.42 [enemy.0] inf: units=164 pos=(0.0,0.0) anchorD=690.0 enemyD=-1.0 engineMove=n/a engineArr=TaleWorlds.MountAndBlade.ArrangementOrder wantMove=TaleWorlds.MountAndBlade.MovementOrder wantArr=TaleWorlds.MountAndBlade.ArrangementOrder beh=(unset)
[2026-05-08 21:58:27.369] [CrestBattleConvergenceLogic] Y.42 [enemy.0] arch: units=32 pos=(0.0,0.0) anchorD=701.4 enemyD=-1.0 engineMove=n/a engineArr=TaleWorlds.MountAndBlade.ArrangementOrder wantMove=TaleWorlds.MountAndBlade.MovementOrder wantArr=TaleWorlds.MountAndBlade.ArrangementOrder beh=(unset)
[2026-05-08 21:58:27.369] [CrestBattleConvergenceLogic] Y.42 [enemy.0] cav: units=74 pos=(0.0,0.0) anchorD=684.4 enemyD=-1.0 engineMove=n/a engineArr=TaleWorlds.MountAndBlade.ArrangementOrder wantMove=TaleWorlds.MountAndBlade.MovementOrder wantArr=TaleWorlds.MountAndBlade.ArrangementOrder beh=(unset)
[2026-05-08 21:58:27.369] [CrestBattleConvergenceLogic] Y.42 [enemy.1] lead=Belgir's Party tier=2 parity=-50 variant=Standard units=149
[2026-05-08 21:58:27.369] [CrestBattleConvergenceLogic] Y.42 [enemy.1] inf: units=82 pos=(0.0,0.0) anchorD=385.1 enemyD=-1.0 engineMove=n/a engineArr=TaleWorlds.MountAndBlade.ArrangementOrder wantMove=TaleWorlds.MountAndBlade.MovementOrder wantArr=TaleWorlds.MountAndBlade.ArrangementOrder beh=(unset)
[2026-05-08 21:58:27.369] [CrestBattleConvergenceLogic] Y.42 [enemy.1] arch: units=23 pos=(0.0,0.0) anchorD=375.4 enemyD=-1.0 engineMove=n/a engineArr=TaleWorlds.MountAndBlade.ArrangementOrder wantMove=TaleWorlds.MountAndBlade.MovementOrder wantArr=TaleWorlds.MountAndBlade.ArrangementOrder beh=(unset)
[2026-05-08 21:58:27.369] [CrestBattleConvergenceLogic] Y.42 [enemy.1] cav: units=44 pos=(0.0,0.0) anchorD=395.9 enemyD=-1.0 engineMove=n/a engineArr=TaleWorlds.MountAndBlade.ArrangementOrder wantMove=TaleWorlds.MountAndBlade.MovementOrder wantArr=TaleWorlds.MountAndBlade.ArrangementOrder beh=(unset)
[2026-05-08 21:58:29.292] [CrestBattleConvergenceLogic] Y.30B: pool tier=2 delta=-60 variant=Standard
[2026-05-08 21:58:32.163] [CrestBattleConvergenceLogic]   cap reached on Defender (5/5); Richelda's Party added to waiting list (size 2)
[2026-05-08 21:58:32.263] [CrestBattleConvergenceLogic] tick-status: now=93.3 pending=18 elapsed=0 closestRemaining=4.9s collectDef=0 collectAtt=0 reservedDef=0 reservedAtt=0
[2026-05-08 21:58:32.382] [CrestBattleConvergenceLogic] Y.42 [ally.0] lead=Origand of the Brotherhood's Party tier=2 parity=-60 variant=Standard units=306
[2026-05-08 21:58:32.382] [CrestBattleConvergenceLogic] Y.42 [ally.0] inf: units=2 pos=(0.0,0.0) anchorD=385.6 enemyD=-1.0 engineMove=n/a engineArr=TaleWorlds.MountAndBlade.ArrangementOrder wantMove=TaleWorlds.MountAndBlade.MovementOrder wantArr=TaleWorlds.MountAndBlade.ArrangementOrder beh=Charge
[2026-05-08 21:58:32.382] [CrestBattleConvergenceLogic] Y.42 [ally.0] arch: units=304 pos=(0.0,0.0) anchorD=375.7 enemyD=-1.0 engineMove=n/a engineArr=TaleWorlds.MountAndBlade.ArrangementOrder wantMove=TaleWorlds.MountAndBlade.MovementOrder wantArr=TaleWorlds.MountAndBlade.ArrangementOrder beh=Charge
[2026-05-08 21:58:32.382] [CrestBattleConvergenceLogic] Y.42 [ally.0] cav: units=0 (empty)
[2026-05-08 21:58:32.382] [CrestBattleConvergenceLogic] Y.42 [enemy.0] lead=Adaltrud's Party tier=2 parity=-50 variant=Standard units=269
[2026-05-08 21:58:32.382] [CrestBattleConvergenceLogic] Y.42 [enemy.0] inf: units=164 pos=(0.0,0.0) anchorD=690.0 enemyD=-1.0 engineMove=n/a engineArr=TaleWorlds.MountAndBlade.ArrangementOrder wantMove=TaleWorlds.MountAndBlade.MovementOrder wantArr=TaleWorlds.MountAndBlade.ArrangementOrder beh=(unset)
[2026-05-08 21:58:32.382] [CrestBattleConvergenceLogic] Y.42 [enemy.0] arch: units=32 pos=(0.0,0.0) anchorD=701.4 enemyD=-1.0 engineMove=n/a engineArr=TaleWorlds.MountAndBlade.ArrangementOrder wantMove=TaleWorlds.MountAndBlade.MovementOrder wantArr=TaleWorlds.MountAndBlade.ArrangementOrder beh=(unset)
[2026-05-08 21:58:32.382] [CrestBattleConvergenceLogic] Y.42 [enemy.0] cav: units=73 pos=(0.0,0.0) anchorD=684.4 enemyD=-1.0 engineMove=n/a engineArr=TaleWorlds.MountAndBlade.ArrangementOrder wantMove=TaleWorlds.MountAndBlade.MovementOrder wantArr=TaleWorlds.MountAndBlade.ArrangementOrder beh=(unset)
[2026-05-08 21:58:32.382] [CrestBattleConvergenceLogic] Y.42 [enemy.1] lead=Belgir's Party tier=2 parity=-50 variant=Standard units=121
[2026-05-08 21:58:32.382] [CrestBattleConvergenceLogic] Y.42 [enemy.1] inf: units=69 pos=(0.0,0.0) anchorD=385.1 enemyD=-1.0 engineMove=n/a engineArr=TaleWorlds.MountAndBlade.ArrangementOrder wantMove=TaleWorlds.MountAndBlade.MovementOrder wantArr=TaleWorlds.MountAndBlade.ArrangementOrder beh=(unset)
[2026-05-08 21:58:32.382] [CrestBattleConvergenceLogic] Y.42 [enemy.1] arch: units=11 pos=(0.0,0.0) anchorD=375.4 enemyD=-1.0 engineMove=n/a engineArr=TaleWorlds.MountAndBlade.ArrangementOrder wantMove=TaleWorlds.MountAndBlade.MovementOrder wantArr=TaleWorlds.MountAndBlade.ArrangementOrder beh=(unset)
[2026-05-08 21:58:32.382] [CrestBattleConvergenceLogic] Y.42 [enemy.1] cav: units=41 pos=(0.0,0.0) anchorD=395.9 enemyD=-1.0 engineMove=n/a engineArr=TaleWorlds.MountAndBlade.ArrangementOrder wantMove=TaleWorlds.MountAndBlade.MovementOrder wantArr=TaleWorlds.MountAndBlade.ArrangementOrder beh=(unset)
[2026-05-08 21:58:37.169] [CrestBattleConvergenceLogic]   cap reached on Defender (5/5); Vartin's Party added to waiting list (size 3)
[2026-05-08 21:58:37.271] [CrestBattleConvergenceLogic] tick-status: now=98.3 pending=17 elapsed=0 closestRemaining=4.9s collectDef=0 collectAtt=0 reservedDef=0 reservedAtt=0
[2026-05-08 21:58:37.389] [CrestBattleConvergenceLogic] Y.42 [ally.0] lead=Origand of the Brotherhood's Party tier=2 parity=-60 variant=Standard units=298
[2026-05-08 21:58:37.389] [CrestBattleConvergenceLogic] Y.42 [ally.0] inf: units=0 (empty)
[2026-05-08 21:58:37.389] [CrestBattleConvergenceLogic] Y.42 [ally.0] arch: units=298 pos=(0.0,0.0) anchorD=375.7 enemyD=-1.0 engineMove=n/a engineArr=TaleWorlds.MountAndBlade.ArrangementOrder wantMove=TaleWorlds.MountAndBlade.MovementOrder wantArr=TaleWorlds.MountAndBlade.ArrangementOrder beh=Charge
[2026-05-08 21:58:37.389] [CrestBattleConvergenceLogic] Y.42 [ally.0] cav: units=0 (empty)
[2026-05-08 21:58:37.389] [CrestBattleConvergenceLogic] Y.42 [enemy.0] lead=Adaltrud's Party tier=2 parity=-50 variant=Standard units=267
[2026-05-08 21:58:37.389] [CrestBattleConvergenceLogic] Y.42 [enemy.0] inf: units=163 pos=(0.0,0.0) anchorD=690.0 enemyD=-1.0 engineMove=n/a engineArr=TaleWorlds.MountAndBlade.ArrangementOrder wantMove=TaleWorlds.MountAndBlade.MovementOrder wantArr=TaleWorlds.MountAndBlade.ArrangementOrder beh=(unset)
[2026-05-08 21:58:37.389] [CrestBattleConvergenceLogic] Y.42 [enemy.0] arch: units=32 pos=(0.0,0.0) anchorD=701.4 enemyD=-1.0 engineMove=n/a engineArr=TaleWorlds.MountAndBlade.ArrangementOrder wantMove=TaleWorlds.MountAndBlade.MovementOrder wantArr=TaleWorlds.MountAndBlade.ArrangementOrder beh=(unset)
[2026-05-08 21:58:37.389] [CrestBattleConvergenceLogic] Y.42 [enemy.0] cav: units=72 pos=(0.0,0.0) anchorD=684.4 enemyD=-1.0 engineMove=n/a engineArr=TaleWorlds.MountAndBlade.ArrangementOrder wantMove=TaleWorlds.MountAndBlade.MovementOrder wantArr=TaleWorlds.MountAndBlade.ArrangementOrder beh=(unset)
[2026-05-08 21:58:37.391] [CrestBattleConvergenceLogic] Y.42 [enemy.1] lead=Belgir's Party tier=2 parity=-50 variant=Standard units=98
[2026-05-08 21:58:37.391] [CrestBattleConvergenceLogic] Y.42 [enemy.1] inf: units=60 pos=(0.0,0.0) anchorD=385.1 enemyD=-1.0 engineMove=n/a engineArr=TaleWorlds.MountAndBlade.ArrangementOrder wantMove=TaleWorlds.MountAndBlade.MovementOrder wantArr=TaleWorlds.MountAndBlade.ArrangementOrder beh=(unset)
[2026-05-08 21:58:37.391] [CrestBattleConvergenceLogic] Y.42 [enemy.1] arch: units=2 pos=(0.0,0.0) anchorD=375.4 enemyD=-1.0 engineMove=n/a engineArr=TaleWorlds.MountAndBlade.ArrangementOrder wantMove=TaleWorlds.MountAndBlade.MovementOrder wantArr=TaleWorlds.MountAndBlade.ArrangementOrder beh=(unset)
[2026-05-08 21:58:37.391] [CrestBattleConvergenceLogic] Y.42 [enemy.1] cav: units=36 pos=(0.0,0.0) anchorD=395.9 enemyD=-1.0 engineMove=n/a engineArr=TaleWorlds.MountAndBlade.ArrangementOrder wantMove=TaleWorlds.MountAndBlade.MovementOrder wantArr=TaleWorlds.MountAndBlade.ArrangementOrder beh=(unset)
[2026-05-08 21:58:42.156] [CrestBattleConvergenceLogic]   cap reached on Defender (5/5); Romund's Party added to waiting list (size 4)
[2026-05-08 21:58:42.270] [CrestBattleConvergenceLogic] tick-status: now=103.3 pending=16 elapsed=0 closestRemaining=4.9s collectDef=0 collectAtt=0 reservedDef=0 reservedAtt=0
[2026-05-08 21:58:42.396] [CrestBattleConvergenceLogic] Y.42 [ally.0] lead=Origand of the Brotherhood's Party tier=2 parity=-60 variant=Standard units=284
[2026-05-08 21:58:42.396] [CrestBattleConvergenceLogic] Y.42 [ally.0] inf: units=0 (empty)
[2026-05-08 21:58:42.396] [CrestBattleConvergenceLogic] Y.42 [ally.0] arch: units=284 pos=(0.0,0.0) anchorD=375.7 enemyD=-1.0 engineMove=n/a engineArr=TaleWorlds.MountAndBlade.ArrangementOrder wantMove=TaleWorlds.MountAndBlade.MovementOrder wantArr=TaleWorlds.MountAndBlade.ArrangementOrder beh=Charge
[2026-05-08 21:58:42.396] [CrestBattleConvergenceLogic] Y.42 [ally.0] cav: units=0 (empty)
[2026-05-08 21:58:42.396] [CrestBattleConvergenceLogic] Y.42 [enemy.0] lead=Adaltrud's Party tier=2 parity=34 variant=Standard units=267
[2026-05-08 21:58:42.396] [CrestBattleConvergenceLogic] Y.42 [enemy.0] inf: units=163 pos=(0.0,0.0) anchorD=690.0 enemyD=-1.0 engineMove=n/a engineArr=TaleWorlds.MountAndBlade.ArrangementOrder wantMove=TaleWorlds.MountAndBlade.MovementOrder wantArr=TaleWorlds.MountAndBlade.ArrangementOrder beh=(unset)
[2026-05-08 21:58:42.396] [CrestBattleConvergenceLogic] Y.42 [enemy.0] arch: units=32 pos=(0.0,0.0) anchorD=701.4 enemyD=-1.0 engineMove=n/a engineArr=TaleWorlds.MountAndBlade.ArrangementOrder wantMove=TaleWorlds.MountAndBlade.MovementOrder wantArr=TaleWorlds.MountAndBlade.ArrangementOrder beh=(unset)
[2026-05-08 21:58:42.396] [CrestBattleConvergenceLogic] Y.42 [enemy.0] cav: units=72 pos=(0.0,0.0) anchorD=684.4 enemyD=-1.0 engineMove=n/a engineArr=TaleWorlds.MountAndBlade.ArrangementOrder wantMove=TaleWorlds.MountAndBlade.MovementOrder wantArr=TaleWorlds.MountAndBlade.ArrangementOrder beh=(unset)
[2026-05-08 21:58:42.396] [CrestBattleConvergenceLogic] Y.42 [enemy.1] lead=Belgir's Party tier=2 parity=34 variant=Standard units=72
[2026-05-08 21:58:42.396] [CrestBattleConvergenceLogic] Y.42 [enemy.1] inf: units=46 pos=(0.0,0.0) anchorD=385.1 enemyD=-1.0 engineMove=n/a engineArr=TaleWorlds.MountAndBlade.ArrangementOrder wantMove=TaleWorlds.MountAndBlade.MovementOrder wantArr=TaleWorlds.MountAndBlade.ArrangementOrder beh=(unset)
[2026-05-08 21:58:42.396] [CrestBattleConvergenceLogic] Y.42 [enemy.1] arch: units=0 (empty)
[2026-05-08 21:58:42.396] [CrestBattleConvergenceLogic] Y.42 [enemy.1] cav: units=26 pos=(0.0,0.0) anchorD=395.9 enemyD=-1.0 engineMove=n/a engineArr=TaleWorlds.MountAndBlade.ArrangementOrder wantMove=TaleWorlds.MountAndBlade.MovementOrder wantArr=TaleWorlds.MountAndBlade.ArrangementOrder beh=(unset)
[2026-05-08 21:58:47.163] [CrestBattleConvergenceLogic]   cap reached on Defender (5/5); Derthert's Party added to waiting list (size 5)
[2026-05-08 21:58:47.280] [CrestBattleConvergenceLogic] tick-status: now=108.3 pending=15 elapsed=0 closestRemaining=4.9s collectDef=0 collectAtt=0 reservedDef=0 reservedAtt=0
[2026-05-08 21:58:47.398] [CrestBattleConvergenceLogic] Y.42 [ally.0] lead=Origand of the Brotherhood's Party tier=2 parity=-20 variant=Standard units=280
[2026-05-08 21:58:47.398] [CrestBattleConvergenceLogic] Y.42 [ally.0] inf: units=0 (empty)
[2026-05-08 21:58:47.398] [CrestBattleConvergenceLogic] Y.42 [ally.0] arch: units=280 pos=(0.0,0.0) anchorD=375.7 enemyD=-1.0 engineMove=n/a engineArr=TaleWorlds.MountAndBlade.ArrangementOrder wantMove=TaleWorlds.MountAndBlade.MovementOrder wantArr=TaleWorlds.MountAndBlade.ArrangementOrder beh=Charge
[2026-05-08 21:58:47.398] [CrestBattleConvergenceLogic] Y.42 [ally.0] cav: units=0 (empty)
[2026-05-08 21:58:47.398] [CrestBattleConvergenceLogic] Y.42 [enemy.0] lead=Adaltrud's Party tier=2 parity=34 variant=Standard units=266
[2026-05-08 21:58:47.398] [CrestBattleConvergenceLogic] Y.42 [enemy.0] inf: units=163 pos=(0.0,0.0) anchorD=690.0 enemyD=-1.0 engineMove=n/a engineArr=TaleWorlds.MountAndBlade.ArrangementOrder wantMove=TaleWorlds.MountAndBlade.MovementOrder wantArr=TaleWorlds.MountAndBlade.ArrangementOrder beh=(unset)
[2026-05-08 21:58:47.398] [CrestBattleConvergenceLogic] Y.42 [enemy.0] arch: units=32 pos=(0.0,0.0) anchorD=701.4 enemyD=-1.0 engineMove=n/a engineArr=TaleWorlds.MountAndBlade.ArrangementOrder wantMove=TaleWorlds.MountAndBlade.MovementOrder wantArr=TaleWorlds.MountAndBlade.ArrangementOrder beh=(unset)
[2026-05-08 21:58:47.398] [CrestBattleConvergenceLogic] Y.42 [enemy.0] cav: units=71 pos=(0.0,0.0) anchorD=684.4 enemyD=-1.0 engineMove=n/a engineArr=TaleWorlds.MountAndBlade.ArrangementOrder wantMove=TaleWorlds.MountAndBlade.MovementOrder wantArr=TaleWorlds.MountAndBlade.ArrangementOrder beh=(unset)
[2026-05-08 21:58:47.398] [CrestBattleConvergenceLogic] Y.42 [enemy.1] lead=Belgir's Party tier=2 parity=34 variant=Standard units=55
[2026-05-08 21:58:47.398] [CrestBattleConvergenceLogic] Y.42 [enemy.1] inf: units=39 pos=(0.0,0.0) anchorD=385.1 enemyD=-1.0 engineMove=n/a engineArr=TaleWorlds.MountAndBlade.ArrangementOrder wantMove=TaleWorlds.MountAndBlade.MovementOrder wantArr=TaleWorlds.MountAndBlade.ArrangementOrder beh=(unset)
[2026-05-08 21:58:47.398] [CrestBattleConvergenceLogic] Y.42 [enemy.1] arch: units=0 (empty)
[2026-05-08 21:58:47.398] [CrestBattleConvergenceLogic] Y.42 [enemy.1] cav: units=16 pos=(0.0,0.0) anchorD=395.9 enemyD=-1.0 engineMove=n/a engineArr=TaleWorlds.MountAndBlade.ArrangementOrder wantMove=TaleWorlds.MountAndBlade.MovementOrder wantArr=TaleWorlds.MountAndBlade.ArrangementOrder beh=(unset)
[2026-05-08 21:58:52.164] [CrestBattleConvergenceLogic]   cap reached on Defender (5/5); Morcon's Party added to waiting list (size 6)
[2026-05-08 21:58:52.294] [CrestBattleConvergenceLogic] tick-status: now=113.3 pending=14 elapsed=0 closestRemaining=4.9s collectDef=0 collectAtt=0 reservedDef=0 reservedAtt=0
[2026-05-08 21:58:52.412] [CrestBattleConvergenceLogic] Y.42 [ally.0] lead=Origand of the Brotherhood's Party tier=2 parity=-20 variant=Standard units=276
[2026-05-08 21:58:52.412] [CrestBattleConvergenceLogic] Y.42 [ally.0] inf: units=0 (empty)
[2026-05-08 21:58:52.412] [CrestBattleConvergenceLogic] Y.42 [ally.0] arch: units=276 pos=(0.0,0.0) anchorD=375.7 enemyD=-1.0 engineMove=n/a engineArr=TaleWorlds.MountAndBlade.ArrangementOrder wantMove=TaleWorlds.MountAndBlade.MovementOrder wantArr=TaleWorlds.MountAndBlade.ArrangementOrder beh=Charge
[2026-05-08 21:58:52.412] [CrestBattleConvergenceLogic] Y.42 [ally.0] cav: units=0 (empty)
[2026-05-08 21:58:52.412] [CrestBattleConvergenceLogic] Y.42 [enemy.0] lead=Adaltrud's Party tier=2 parity=34 variant=Standard units=265
[2026-05-08 21:58:52.412] [CrestBattleConvergenceLogic] Y.42 [enemy.0] inf: units=162 pos=(0.0,0.0) anchorD=690.0 enemyD=-1.0 engineMove=n/a engineArr=TaleWorlds.MountAndBlade.ArrangementOrder wantMove=TaleWorlds.MountAndBlade.MovementOrder wantArr=TaleWorlds.MountAndBlade.ArrangementOrder beh=(unset)
[2026-05-08 21:58:52.412] [CrestBattleConvergenceLogic] Y.42 [enemy.0] arch: units=32 pos=(0.0,0.0) anchorD=701.4 enemyD=-1.0 engineMove=n/a engineArr=TaleWorlds.MountAndBlade.ArrangementOrder wantMove=TaleWorlds.MountAndBlade.MovementOrder wantArr=TaleWorlds.MountAndBlade.ArrangementOrder beh=(unset)
[2026-05-08 21:58:52.412] [CrestBattleConvergenceLogic] Y.42 [enemy.0] cav: units=71 pos=(0.0,0.0) anchorD=684.4 enemyD=-1.0 engineMove=n/a engineArr=TaleWorlds.MountAndBlade.ArrangementOrder wantMove=TaleWorlds.MountAndBlade.MovementOrder wantArr=TaleWorlds.MountAndBlade.ArrangementOrder beh=(unset)
[2026-05-08 21:58:52.412] [CrestBattleConvergenceLogic] Y.42 [enemy.1] lead=Belgir's Party tier=2 parity=34 variant=Standard units=38
[2026-05-08 21:58:52.412] [CrestBattleConvergenceLogic] Y.42 [enemy.1] inf: units=32 pos=(0.0,0.0) anchorD=385.1 enemyD=-1.0 engineMove=n/a engineArr=TaleWorlds.MountAndBlade.ArrangementOrder wantMove=TaleWorlds.MountAndBlade.MovementOrder wantArr=TaleWorlds.MountAndBlade.ArrangementOrder beh=(unset)
[2026-05-08 21:58:52.412] [CrestBattleConvergenceLogic] Y.42 [enemy.1] arch: units=0 (empty)
[2026-05-08 21:58:52.412] [CrestBattleConvergenceLogic] Y.42 [enemy.1] cav: units=6 pos=(0.0,0.0) anchorD=395.9 enemyD=-1.0 engineMove=n/a engineArr=TaleWorlds.MountAndBlade.ArrangementOrder wantMove=TaleWorlds.MountAndBlade.MovementOrder wantArr=TaleWorlds.MountAndBlade.ArrangementOrder beh=(unset)
[2026-05-08 21:58:57.162] [CrestBattleConvergenceLogic] queued Asgotha's Party (Nord) team=0 side=Attacker dist=146.7 active=4/5
[2026-05-08 21:58:57.299] [CrestBattleConvergenceLogic] tick-status: now=118.3 pending=13 elapsed=0 closestRemaining=4.9s collectDef=0 collectAtt=1 reservedDef=0 reservedAtt=0
[2026-05-08 21:58:57.421] [CrestBattleConvergenceLogic] Y.42 [ally.0] lead=Origand of the Brotherhood's Party tier=2 parity=-20 variant=Standard units=270
[2026-05-08 21:58:57.421] [CrestBattleConvergenceLogic] Y.42 [ally.0] inf: units=0 (empty)
[2026-05-08 21:58:57.421] [CrestBattleConvergenceLogic] Y.42 [ally.0] arch: units=270 pos=(0.0,0.0) anchorD=375.7 enemyD=-1.0 engineMove=n/a engineArr=TaleWorlds.MountAndBlade.ArrangementOrder wantMove=TaleWorlds.MountAndBlade.MovementOrder wantArr=TaleWorlds.MountAndBlade.ArrangementOrder beh=Charge
[2026-05-08 21:58:57.421] [CrestBattleConvergenceLogic] Y.42 [ally.0] cav: units=0 (empty)
[2026-05-08 21:58:57.421] [CrestBattleConvergenceLogic] Y.42 [enemy.0] lead=Adaltrud's Party tier=2 parity=-4 variant=Standard units=263
[2026-05-08 21:58:57.421] [CrestBattleConvergenceLogic] Y.42 [enemy.0] inf: units=161 pos=(0.0,0.0) anchorD=690.0 enemyD=-1.0 engineMove=n/a engineArr=TaleWorlds.MountAndBlade.ArrangementOrder wantMove=TaleWorlds.MountAndBlade.MovementOrder wantArr=TaleWorlds.MountAndBlade.ArrangementOrder beh=(unset)
[2026-05-08 21:58:57.421] [CrestBattleConvergenceLogic] Y.42 [enemy.0] arch: units=32 pos=(0.0,0.0) anchorD=701.4 enemyD=-1.0 engineMove=n/a engineArr=TaleWorlds.MountAndBlade.ArrangementOrder wantMove=TaleWorlds.MountAndBlade.MovementOrder wantArr=TaleWorlds.MountAndBlade.ArrangementOrder beh=(unset)
[2026-05-08 21:58:57.421] [CrestBattleConvergenceLogic] Y.42 [enemy.0] cav: units=70 pos=(0.0,0.0) anchorD=684.4 enemyD=-1.0 engineMove=n/a engineArr=TaleWorlds.MountAndBlade.ArrangementOrder wantMove=TaleWorlds.MountAndBlade.MovementOrder wantArr=TaleWorlds.MountAndBlade.ArrangementOrder beh=(unset)
[2026-05-08 21:58:57.421] [CrestBattleConvergenceLogic] Y.42 [enemy.1] lead=Belgir's Party tier=2 parity=-4 variant=Standard units=13
[2026-05-08 21:58:57.421] [CrestBattleConvergenceLogic] Y.42 [enemy.1] inf: units=10 pos=(0.0,0.0) anchorD=385.1 enemyD=-1.0 engineMove=n/a engineArr=TaleWorlds.MountAndBlade.ArrangementOrder wantMove=TaleWorlds.MountAndBlade.MovementOrder wantArr=TaleWorlds.MountAndBlade.ArrangementOrder beh=(unset)
[2026-05-08 21:58:57.421] [CrestBattleConvergenceLogic] Y.42 [enemy.1] arch: units=0 (empty)
[2026-05-08 21:58:57.421] [CrestBattleConvergenceLogic] Y.42 [enemy.1] cav: units=3 pos=(0.0,0.0) anchorD=395.9 enemyD=-1.0 engineMove=n/a engineArr=TaleWorlds.MountAndBlade.ArrangementOrder wantMove=TaleWorlds.MountAndBlade.MovementOrder wantArr=TaleWorlds.MountAndBlade.ArrangementOrder beh=(unset)
[2026-05-08 21:58:59.387] [CrestBattleConvergenceLogic] registered Asgotha's Party on Attacker: 171 agents queued (queue size now 171)
[2026-05-08 21:58:59.391] [CrestBattleConvergenceLogic] Y.30B: pool tier=2 delta=27 variant=Standard
[2026-05-08 21:58:59.391] [CrestBattleConvergenceLogic] Y.34: pool anchors set inf=(247.4,644.1) arch=(247.8,656.1) cav=(229.4,644.8)
[2026-05-08 21:58:59.391] [CrestBattleConvergenceLogic] Y.30: ally pool[1] lead=Asgotha's Party tactics=176 (first); LordCount=1
[2026-05-08 21:59:01.086] [CrestBattleConvergenceLogic] party eliminated: Furnhard's Party (Vlandia); defActive=4 attActive=4
[2026-05-08 21:59:02.298] [CrestBattleConvergenceLogic] queued Unthery's Party (Vlandia) team=1 side=Defender dist=166.5 active=5/5
[2026-05-08 21:59:02.443] [CrestBattleConvergenceLogic] tick-status: now=123.3 pending=12 elapsed=0 closestRemaining=4.9s collectDef=1 collectAtt=0 reservedDef=0 reservedAtt=21
[2026-05-08 21:59:02.522] [CrestBattleConvergenceLogic] registered Unthery's Party on Defender: 103 agents queued (queue size now 103)
[2026-05-08 21:59:02.522] [CrestBattleConvergenceLogic] Y.30: enemy pool[1] joined by Unthery's Party (tactics=177); pool lead unchanged (179)
[2026-05-08 21:59:02.654] [CrestBattleConvergenceLogic] Y.42 [ally.0] lead=Origand of the Brotherhood's Party tier=2 parity=27 variant=Standard units=270
[2026-05-08 21:59:02.654] [CrestBattleConvergenceLogic] Y.42 [ally.0] inf: units=0 (empty)
[2026-05-08 21:59:02.654] [CrestBattleConvergenceLogic] Y.42 [ally.0] arch: units=270 pos=(0.0,0.0) anchorD=375.7 enemyD=-1.0 engineMove=n/a engineArr=TaleWorlds.MountAndBlade.ArrangementOrder wantMove=TaleWorlds.MountAndBlade.MovementOrder wantArr=TaleWorlds.MountAndBlade.ArrangementOrder beh=Charge
[2026-05-08 21:59:02.654] [CrestBattleConvergenceLogic] Y.42 [ally.0] cav: units=0 (empty)
[2026-05-08 21:59:02.654] [CrestBattleConvergenceLogic] Y.42 [ally.1] lead=Asgotha's Party tier=2 parity=27 variant=Standard units=170
[2026-05-08 21:59:02.654] [CrestBattleConvergenceLogic] Y.42 [ally.1] inf: units=122 pos=(0.0,0.0) anchorD=690.0 enemyD=-1.0 engineMove=n/a engineArr=TaleWorlds.MountAndBlade.ArrangementOrder wantMove=TaleWorlds.MountAndBlade.MovementOrder wantArr=TaleWorlds.MountAndBlade.ArrangementOrder beh=Charge
[2026-05-08 21:59:02.654] [CrestBattleConvergenceLogic] Y.42 [ally.1] arch: units=48 pos=(0.0,0.0) anchorD=701.4 enemyD=-1.0 engineMove=n/a engineArr=TaleWorlds.MountAndBlade.ArrangementOrder wantMove=TaleWorlds.MountAndBlade.MovementOrder wantArr=TaleWorlds.MountAndBlade.ArrangementOrder beh=Charge
[2026-05-08 21:59:02.654] [CrestBattleConvergenceLogic] Y.42 [ally.1] cav: units=0 (empty)
[2026-05-08 21:59:02.654] [CrestBattleConvergenceLogic] Y.42 [enemy.0] lead=Adaltrud's Party tier=2 parity=-4 variant=Standard units=261
[2026-05-08 21:59:02.654] [CrestBattleConvergenceLogic] Y.42 [enemy.0] inf: units=159 pos=(0.0,0.0) anchorD=690.0 enemyD=-1.0 engineMove=n/a engineArr=TaleWorlds.MountAndBlade.ArrangementOrder wantMove=TaleWorlds.MountAndBlade.MovementOrder wantArr=TaleWorlds.MountAndBlade.ArrangementOrder beh=(unset)
[2026-05-08 21:59:02.654] [CrestBattleConvergenceLogic] Y.42 [enemy.0] arch: units=32 pos=(0.0,0.0) anchorD=701.4 enemyD=-1.0 engineMove=n/a engineArr=TaleWorlds.MountAndBlade.ArrangementOrder wantMove=TaleWorlds.MountAndBlade.MovementOrder wantArr=TaleWorlds.MountAndBlade.ArrangementOrder beh=(unset)
[2026-05-08 21:59:02.654] [CrestBattleConvergenceLogic] Y.42 [enemy.0] cav: units=70 pos=(0.0,0.0) anchorD=684.4 enemyD=-1.0 engineMove=n/a engineArr=TaleWorlds.MountAndBlade.ArrangementOrder wantMove=TaleWorlds.MountAndBlade.MovementOrder wantArr=TaleWorlds.MountAndBlade.ArrangementOrder beh=(unset)
[2026-05-08 21:59:02.654] [CrestBattleConvergenceLogic] Y.42 [enemy.1] lead=Belgir's Party tier=2 parity=-4 variant=Standard units=107
[2026-05-08 21:59:02.654] [CrestBattleConvergenceLogic] Y.42 [enemy.1] inf: units=64 pos=(0.0,0.0) anchorD=385.1 enemyD=-1.0 engineMove=n/a engineArr=TaleWorlds.MountAndBlade.ArrangementOrder wantMove=TaleWorlds.MountAndBlade.MovementOrder wantArr=TaleWorlds.MountAndBlade.ArrangementOrder beh=(unset)
[2026-05-08 21:59:02.654] [CrestBattleConvergenceLogic] Y.42 [enemy.1] arch: units=15 pos=(0.0,0.0) anchorD=375.4 enemyD=-1.0 engineMove=n/a engineArr=TaleWorlds.MountAndBlade.ArrangementOrder wantMove=TaleWorlds.MountAndBlade.MovementOrder wantArr=TaleWorlds.MountAndBlade.ArrangementOrder beh=(unset)
[2026-05-08 21:59:02.654] [CrestBattleConvergenceLogic] Y.42 [enemy.1] cav: units=28 pos=(0.0,0.0) anchorD=395.9 enemyD=-1.0 engineMove=n/a engineArr=TaleWorlds.MountAndBlade.ArrangementOrder wantMove=TaleWorlds.MountAndBlade.MovementOrder wantArr=TaleWorlds.MountAndBlade.ArrangementOrder beh=(unset)
[2026-05-08 21:59:07.370] [CrestBattleConvergenceLogic]   cap reached on Defender (5/5); Arthamund's Party added to waiting list (size 1)
[2026-05-08 21:59:07.516] [CrestBattleConvergenceLogic] tick-status: now=128.3 pending=11 elapsed=0 closestRemaining=4.8s collectDef=0 collectAtt=0 reservedDef=0 reservedAtt=0
[2026-05-08 21:59:07.652] [CrestBattleConvergenceLogic] Y.42 [ally.0] lead=Origand of the Brotherhood's Party tier=2 parity=27 variant=Standard units=266
[2026-05-08 21:59:07.652] [CrestBattleConvergenceLogic] Y.42 [ally.0] inf: units=0 (empty)
[2026-05-08 21:59:07.652] [CrestBattleConvergenceLogic] Y.42 [ally.0] arch: units=266 pos=(0.0,0.0) anchorD=375.7 enemyD=-1.0 engineMove=n/a engineArr=TaleWorlds.MountAndBlade.ArrangementOrder wantMove=TaleWorlds.MountAndBlade.MovementOrder wantArr=TaleWorlds.MountAndBlade.ArrangementOrder beh=Charge
[2026-05-08 21:59:07.652] [CrestBattleConvergenceLogic] Y.42 [ally.0] cav: units=0 (empty)
[2026-05-08 21:59:07.652] [CrestBattleConvergenceLogic] Y.42 [ally.1] lead=Asgotha's Party tier=2 parity=27 variant=Standard units=168
[2026-05-08 21:59:07.652] [CrestBattleConvergenceLogic] Y.42 [ally.1] inf: units=122 pos=(0.0,0.0) anchorD=690.0 enemyD=-1.0 engineMove=n/a engineArr=TaleWorlds.MountAndBlade.ArrangementOrder wantMove=TaleWorlds.MountAndBlade.MovementOrder wantArr=TaleWorlds.MountAndBlade.ArrangementOrder beh=Charge
[2026-05-08 21:59:07.652] [CrestBattleConvergenceLogic] Y.42 [ally.1] arch: units=46 pos=(0.0,0.0) anchorD=701.4 enemyD=-1.0 engineMove=n/a engineArr=TaleWorlds.MountAndBlade.ArrangementOrder wantMove=TaleWorlds.MountAndBlade.MovementOrder wantArr=TaleWorlds.MountAndBlade.ArrangementOrder beh=Charge
[2026-05-08 21:59:07.652] [CrestBattleConvergenceLogic] Y.42 [ally.1] cav: units=0 (empty)
[2026-05-08 21:59:07.652] [CrestBattleConvergenceLogic] Y.42 [enemy.0] lead=Adaltrud's Party tier=2 parity=-4 variant=Standard units=250
[2026-05-08 21:59:07.652] [CrestBattleConvergenceLogic] Y.42 [enemy.0] inf: units=153 pos=(0.0,0.0) anchorD=690.0 enemyD=-1.0 engineMove=n/a engineArr=TaleWorlds.MountAndBlade.ArrangementOrder wantMove=TaleWorlds.MountAndBlade.MovementOrder wantArr=TaleWorlds.MountAndBlade.ArrangementOrder beh=(unset)
[2026-05-08 21:59:07.652] [CrestBattleConvergenceLogic] Y.42 [enemy.0] arch: units=27 pos=(0.0,0.0) anchorD=701.4 enemyD=-1.0 engineMove=n/a engineArr=TaleWorlds.MountAndBlade.ArrangementOrder wantMove=TaleWorlds.MountAndBlade.MovementOrder wantArr=TaleWorlds.MountAndBlade.ArrangementOrder beh=(unset)
[2026-05-08 21:59:07.652] [CrestBattleConvergenceLogic] Y.42 [enemy.0] cav: units=70 pos=(0.0,0.0) anchorD=684.4 enemyD=-1.0 engineMove=n/a engineArr=TaleWorlds.MountAndBlade.ArrangementOrder wantMove=TaleWorlds.MountAndBlade.MovementOrder wantArr=TaleWorlds.MountAndBlade.ArrangementOrder beh=(unset)
[2026-05-08 21:59:07.652] [CrestBattleConvergenceLogic] Y.42 [enemy.1] lead=Belgir's Party tier=2 parity=-4 variant=Standard units=105
[2026-05-08 21:59:07.652] [CrestBattleConvergenceLogic] Y.42 [enemy.1] inf: units=62 pos=(0.0,0.0) anchorD=385.1 enemyD=-1.0 engineMove=n/a engineArr=TaleWorlds.MountAndBlade.ArrangementOrder wantMove=TaleWorlds.MountAndBlade.MovementOrder wantArr=TaleWorlds.MountAndBlade.ArrangementOrder beh=(unset)
[2026-05-08 21:59:07.652] [CrestBattleConvergenceLogic] Y.42 [enemy.1] arch: units=15 pos=(0.0,0.0) anchorD=375.4 enemyD=-1.0 engineMove=n/a engineArr=TaleWorlds.MountAndBlade.ArrangementOrder wantMove=TaleWorlds.MountAndBlade.MovementOrder wantArr=TaleWorlds.MountAndBlade.ArrangementOrder beh=(unset)
[2026-05-08 21:59:07.653] [CrestBattleConvergenceLogic] Y.42 [enemy.1] cav: units=28 pos=(0.0,0.0) anchorD=395.9 enemyD=-1.0 engineMove=n/a engineArr=TaleWorlds.MountAndBlade.ArrangementOrder wantMove=TaleWorlds.MountAndBlade.MovementOrder wantArr=TaleWorlds.MountAndBlade.ArrangementOrder beh=(unset)
[2026-05-08 21:59:08.504] [CrestBattleConvergenceLogic] Y.30B: pool tier=2 delta=-112 variant=ShieldWall
[2026-05-08 21:59:08.536] [CrestBattleConvergenceLogic] Y.30B: pool tier=2 delta=-112 variant=ShieldWall
[2026-05-08 21:59:12.362] [CrestBattleConvergenceLogic]   cap reached on Defender (5/5); Calatild's Party added to waiting list (size 2)
[2026-05-08 21:59:12.529] [CrestBattleConvergenceLogic] tick-status: now=133.3 pending=10 elapsed=0 closestRemaining=4.8s collectDef=0 collectAtt=0 reservedDef=0 reservedAtt=0
[2026-05-08 21:59:12.665] [CrestBattleConvergenceLogic] Y.42 [ally.0] lead=Origand of the Brotherhood's Party tier=2 parity=27 variant=Standard units=264
[2026-05-08 21:59:12.665] [CrestBattleConvergenceLogic] Y.42 [ally.0] inf: units=0 (empty)
[2026-05-08 21:59:12.665] [CrestBattleConvergenceLogic] Y.42 [ally.0] arch: units=264 pos=(0.0,0.0) anchorD=375.7 enemyD=-1.0 engineMove=n/a engineArr=TaleWorlds.MountAndBlade.ArrangementOrder wantMove=TaleWorlds.MountAndBlade.MovementOrder wantArr=TaleWorlds.MountAndBlade.ArrangementOrder beh=Charge
[2026-05-08 21:59:12.665] [CrestBattleConvergenceLogic] Y.42 [ally.0] cav: units=0 (empty)
[2026-05-08 21:59:12.665] [CrestBattleConvergenceLogic] Y.42 [ally.1] lead=Asgotha's Party tier=2 parity=27 variant=Standard units=161
[2026-05-08 21:59:12.665] [CrestBattleConvergenceLogic] Y.42 [ally.1] inf: units=120 pos=(0.0,0.0) anchorD=690.0 enemyD=-1.0 engineMove=n/a engineArr=TaleWorlds.MountAndBlade.ArrangementOrder wantMove=TaleWorlds.MountAndBlade.MovementOrder wantArr=TaleWorlds.MountAndBlade.ArrangementOrder beh=Charge
[2026-05-08 21:59:12.665] [CrestBattleConvergenceLogic] Y.42 [ally.1] arch: units=41 pos=(0.0,0.0) anchorD=701.4 enemyD=-1.0 engineMove=n/a engineArr=TaleWorlds.MountAndBlade.ArrangementOrder wantMove=TaleWorlds.MountAndBlade.MovementOrder wantArr=TaleWorlds.MountAndBlade.ArrangementOrder beh=Charge
[2026-05-08 21:59:12.665] [CrestBattleConvergenceLogic] Y.42 [ally.1] cav: units=0 (empty)
[2026-05-08 21:59:12.665] [CrestBattleConvergenceLogic] Y.42 [enemy.0] lead=Adaltrud's Party tier=2 parity=-112 variant=ShieldWall units=234
[2026-05-08 21:59:12.665] [CrestBattleConvergenceLogic] Y.42 [enemy.0] inf: units=146 pos=(0.0,0.0) anchorD=690.0 enemyD=-1.0 engineMove=n/a engineArr=TaleWorlds.MountAndBlade.ArrangementOrder wantMove=TaleWorlds.MountAndBlade.MovementOrder wantArr=TaleWorlds.MountAndBlade.ArrangementOrder beh=(unset)
[2026-05-08 21:59:12.665] [CrestBattleConvergenceLogic] Y.42 [enemy.0] arch: units=20 pos=(0.0,0.0) anchorD=701.4 enemyD=-1.0 engineMove=n/a engineArr=TaleWorlds.MountAndBlade.ArrangementOrder wantMove=TaleWorlds.MountAndBlade.MovementOrder wantArr=TaleWorlds.MountAndBlade.ArrangementOrder beh=(unset)
[2026-05-08 21:59:12.665] [CrestBattleConvergenceLogic] Y.42 [enemy.0] cav: units=68 pos=(0.0,0.0) anchorD=684.4 enemyD=-1.0 engineMove=n/a engineArr=TaleWorlds.MountAndBlade.ArrangementOrder wantMove=TaleWorlds.MountAndBlade.MovementOrder wantArr=TaleWorlds.MountAndBlade.ArrangementOrder beh=(unset)
[2026-05-08 21:59:12.665] [CrestBattleConvergenceLogic] Y.42 [enemy.1] lead=Belgir's Party tier=2 parity=-112 variant=ShieldWall units=101
[2026-05-08 21:59:12.665] [CrestBattleConvergenceLogic] Y.42 [enemy.1] inf: units=61 pos=(0.0,0.0) anchorD=385.1 enemyD=-1.0 engineMove=n/a engineArr=TaleWorlds.MountAndBlade.ArrangementOrder wantMove=TaleWorlds.MountAndBlade.MovementOrder wantArr=TaleWorlds.MountAndBlade.ArrangementOrder beh=(unset)
[2026-05-08 21:59:12.665] [CrestBattleConvergenceLogic] Y.42 [enemy.1] arch: units=15 pos=(0.0,0.0) anchorD=375.4 enemyD=-1.0 engineMove=n/a engineArr=TaleWorlds.MountAndBlade.ArrangementOrder wantMove=TaleWorlds.MountAndBlade.MovementOrder wantArr=TaleWorlds.MountAndBlade.ArrangementOrder beh=(unset)
[2026-05-08 21:59:12.665] [CrestBattleConvergenceLogic] Y.42 [enemy.1] cav: units=25 pos=(0.0,0.0) anchorD=395.9 enemyD=-1.0 engineMove=n/a engineArr=TaleWorlds.MountAndBlade.ArrangementOrder wantMove=TaleWorlds.MountAndBlade.MovementOrder wantArr=TaleWorlds.MountAndBlade.ArrangementOrder beh=(unset)
[2026-05-08 21:59:14.519] [CrestBattleConvergenceLogic] Y.30B: pool tier=2 delta=123 variant=Standard
[2026-05-08 21:59:14.588] [CrestBattleConvergenceLogic] Y.30B: pool tier=2 delta=123 variant=Standard
[2026-05-08 21:59:17.372] [CrestBattleConvergenceLogic]   cap reached on Defender (5/5); Ospir's Party added to waiting list (size 3)
[2026-05-08 21:59:17.541] [CrestBattleConvergenceLogic] tick-status: now=138.4 pending=9 elapsed=0 closestRemaining=4.8s collectDef=0 collectAtt=0 reservedDef=0 reservedAtt=0
[2026-05-08 21:59:17.679] [CrestBattleConvergenceLogic] Y.42 [ally.0] lead=Origand of the Brotherhood's Party tier=2 parity=123 variant=Standard units=257
[2026-05-08 21:59:17.679] [CrestBattleConvergenceLogic] Y.42 [ally.0] inf: units=0 (empty)
[2026-05-08 21:59:17.679] [CrestBattleConvergenceLogic] Y.42 [ally.0] arch: units=257 pos=(0.0,0.0) anchorD=375.7 enemyD=-1.0 engineMove=n/a engineArr=TaleWorlds.MountAndBlade.ArrangementOrder wantMove=TaleWorlds.MountAndBlade.MovementOrder wantArr=TaleWorlds.MountAndBlade.ArrangementOrder beh=Charge
[2026-05-08 21:59:17.679] [CrestBattleConvergenceLogic] Y.42 [ally.0] cav: units=0 (empty)
[2026-05-08 21:59:17.679] [CrestBattleConvergenceLogic] Y.42 [ally.1] lead=Asgotha's Party tier=2 parity=123 variant=Standard units=155
[2026-05-08 21:59:17.679] [CrestBattleConvergenceLogic] Y.42 [ally.1] inf: units=116 pos=(0.0,0.0) anchorD=690.0 enemyD=-1.0 engineMove=n/a engineArr=TaleWorlds.MountAndBlade.ArrangementOrder wantMove=TaleWorlds.MountAndBlade.MovementOrder wantArr=TaleWorlds.MountAndBlade.ArrangementOrder beh=Charge
[2026-05-08 21:59:17.679] [CrestBattleConvergenceLogic] Y.42 [ally.1] arch: units=39 pos=(0.0,0.0) anchorD=701.4 enemyD=-1.0 engineMove=n/a engineArr=TaleWorlds.MountAndBlade.ArrangementOrder wantMove=TaleWorlds.MountAndBlade.MovementOrder wantArr=TaleWorlds.MountAndBlade.ArrangementOrder beh=Charge
[2026-05-08 21:59:17.679] [CrestBattleConvergenceLogic] Y.42 [ally.1] cav: units=0 (empty)
[2026-05-08 21:59:17.679] [CrestBattleConvergenceLogic] Y.42 [enemy.0] lead=Adaltrud's Party tier=2 parity=-112 variant=ShieldWall units=219
[2026-05-08 21:59:17.679] [CrestBattleConvergenceLogic] Y.42 [enemy.0] inf: units=135 pos=(0.0,0.0) anchorD=690.0 enemyD=-1.0 engineMove=n/a engineArr=TaleWorlds.MountAndBlade.ArrangementOrder wantMove=TaleWorlds.MountAndBlade.MovementOrder wantArr=TaleWorlds.MountAndBlade.ArrangementOrder beh=(unset)
[2026-05-08 21:59:17.679] [CrestBattleConvergenceLogic] Y.42 [enemy.0] arch: units=17 pos=(0.0,0.0) anchorD=701.4 enemyD=-1.0 engineMove=n/a engineArr=TaleWorlds.MountAndBlade.ArrangementOrder wantMove=TaleWorlds.MountAndBlade.MovementOrder wantArr=TaleWorlds.MountAndBlade.ArrangementOrder beh=(unset)
[2026-05-08 21:59:17.679] [CrestBattleConvergenceLogic] Y.42 [enemy.0] cav: units=67 pos=(0.0,0.0) anchorD=684.4 enemyD=-1.0 engineMove=n/a engineArr=TaleWorlds.MountAndBlade.ArrangementOrder wantMove=TaleWorlds.MountAndBlade.MovementOrder wantArr=TaleWorlds.MountAndBlade.ArrangementOrder beh=(unset)
[2026-05-08 21:59:17.679] [CrestBattleConvergenceLogic] Y.42 [enemy.1] lead=Belgir's Party tier=2 parity=-112 variant=ShieldWall units=94
[2026-05-08 21:59:17.679] [CrestBattleConvergenceLogic] Y.42 [enemy.1] inf: units=59 pos=(0.0,0.0) anchorD=385.1 enemyD=-1.0 engineMove=n/a engineArr=TaleWorlds.MountAndBlade.ArrangementOrder wantMove=TaleWorlds.MountAndBlade.MovementOrder wantArr=TaleWorlds.MountAndBlade.ArrangementOrder beh=(unset)
[2026-05-08 21:59:17.679] [CrestBattleConvergenceLogic] Y.42 [enemy.1] arch: units=15 pos=(0.0,0.0) anchorD=375.4 enemyD=-1.0 engineMove=n/a engineArr=TaleWorlds.MountAndBlade.ArrangementOrder wantMove=TaleWorlds.MountAndBlade.MovementOrder wantArr=TaleWorlds.MountAndBlade.ArrangementOrder beh=(unset)
[2026-05-08 21:59:17.679] [CrestBattleConvergenceLogic] Y.42 [enemy.1] cav: units=20 pos=(0.0,0.0) anchorD=395.9 enemyD=-1.0 engineMove=n/a engineArr=TaleWorlds.MountAndBlade.ArrangementOrder wantMove=TaleWorlds.MountAndBlade.MovementOrder wantArr=TaleWorlds.MountAndBlade.ArrangementOrder beh=(unset)
[2026-05-08 21:59:22.372] [CrestBattleConvergenceLogic]   cap reached on Defender (5/5); Berican's Party added to waiting list (size 4)
[2026-05-08 21:59:22.546] [CrestBattleConvergenceLogic] tick-status: now=143.4 pending=8 elapsed=0 closestRemaining=4.8s collectDef=0 collectAtt=0 reservedDef=0 reservedAtt=0
[2026-05-08 21:59:22.692] [CrestBattleConvergenceLogic] Y.42 [ally.0] lead=Origand of the Brotherhood's Party tier=2 parity=123 variant=Standard units=251
[2026-05-08 21:59:22.692] [CrestBattleConvergenceLogic] Y.42 [ally.0] inf: units=0 (empty)
[2026-05-08 21:59:22.692] [CrestBattleConvergenceLogic] Y.42 [ally.0] arch: units=251 pos=(0.0,0.0) anchorD=375.7 enemyD=-1.0 engineMove=n/a engineArr=TaleWorlds.MountAndBlade.ArrangementOrder wantMove=TaleWorlds.MountAndBlade.MovementOrder wantArr=TaleWorlds.MountAndBlade.ArrangementOrder beh=Charge
[2026-05-08 21:59:22.692] [CrestBattleConvergenceLogic] Y.42 [ally.0] cav: units=0 (empty)
[2026-05-08 21:59:22.692] [CrestBattleConvergenceLogic] Y.42 [ally.1] lead=Asgotha's Party tier=2 parity=123 variant=Standard units=152
[2026-05-08 21:59:22.692] [CrestBattleConvergenceLogic] Y.42 [ally.1] inf: units=113 pos=(0.0,0.0) anchorD=690.0 enemyD=-1.0 engineMove=n/a engineArr=TaleWorlds.MountAndBlade.ArrangementOrder wantMove=TaleWorlds.MountAndBlade.MovementOrder wantArr=TaleWorlds.MountAndBlade.ArrangementOrder beh=Charge
[2026-05-08 21:59:22.692] [CrestBattleConvergenceLogic] Y.42 [ally.1] arch: units=39 pos=(0.0,0.0) anchorD=701.4 enemyD=-1.0 engineMove=n/a engineArr=TaleWorlds.MountAndBlade.ArrangementOrder wantMove=TaleWorlds.MountAndBlade.MovementOrder wantArr=TaleWorlds.MountAndBlade.ArrangementOrder beh=Charge
[2026-05-08 21:59:22.692] [CrestBattleConvergenceLogic] Y.42 [ally.1] cav: units=0 (empty)
[2026-05-08 21:59:22.692] [CrestBattleConvergenceLogic] Y.42 [enemy.0] lead=Adaltrud's Party tier=2 parity=-112 variant=ShieldWall units=208
[2026-05-08 21:59:22.692] [CrestBattleConvergenceLogic] Y.42 [enemy.0] inf: units=132 pos=(0.0,0.0) anchorD=690.0 enemyD=-1.0 engineMove=n/a engineArr=TaleWorlds.MountAndBlade.ArrangementOrder wantMove=TaleWorlds.MountAndBlade.MovementOrder wantArr=TaleWorlds.MountAndBlade.ArrangementOrder beh=(unset)
[2026-05-08 21:59:22.692] [CrestBattleConvergenceLogic] Y.42 [enemy.0] arch: units=12 pos=(0.0,0.0) anchorD=701.4 enemyD=-1.0 engineMove=n/a engineArr=TaleWorlds.MountAndBlade.ArrangementOrder wantMove=TaleWorlds.MountAndBlade.MovementOrder wantArr=TaleWorlds.MountAndBlade.ArrangementOrder beh=(unset)
[2026-05-08 21:59:22.692] [CrestBattleConvergenceLogic] Y.42 [enemy.0] cav: units=64 pos=(0.0,0.0) anchorD=684.4 enemyD=-1.0 engineMove=n/a engineArr=TaleWorlds.MountAndBlade.ArrangementOrder wantMove=TaleWorlds.MountAndBlade.MovementOrder wantArr=TaleWorlds.MountAndBlade.ArrangementOrder beh=(unset)
[2026-05-08 21:59:22.692] [CrestBattleConvergenceLogic] Y.42 [enemy.1] lead=Belgir's Party tier=2 parity=-112 variant=ShieldWall units=86
[2026-05-08 21:59:22.692] [CrestBattleConvergenceLogic] Y.42 [enemy.1] inf: units=59 pos=(0.0,0.0) anchorD=385.1 enemyD=-1.0 engineMove=n/a engineArr=TaleWorlds.MountAndBlade.ArrangementOrder wantMove=TaleWorlds.MountAndBlade.MovementOrder wantArr=TaleWorlds.MountAndBlade.ArrangementOrder beh=(unset)
[2026-05-08 21:59:22.692] [CrestBattleConvergenceLogic] Y.42 [enemy.1] arch: units=9 pos=(0.0,0.0) anchorD=375.4 enemyD=-1.0 engineMove=n/a engineArr=TaleWorlds.MountAndBlade.ArrangementOrder wantMove=TaleWorlds.MountAndBlade.MovementOrder wantArr=TaleWorlds.MountAndBlade.ArrangementOrder beh=(unset)
[2026-05-08 21:59:22.692] [CrestBattleConvergenceLogic] Y.42 [enemy.1] cav: units=18 pos=(0.0,0.0) anchorD=395.9 enemyD=-1.0 engineMove=n/a engineArr=TaleWorlds.MountAndBlade.ArrangementOrder wantMove=TaleWorlds.MountAndBlade.MovementOrder wantArr=TaleWorlds.MountAndBlade.ArrangementOrder beh=(unset)
[2026-05-08 21:59:27.371] [CrestBattleConvergenceLogic]   cap reached on Defender (5/5); Ingalther's Party added to waiting list (size 5)
[2026-05-08 21:59:27.552] [CrestBattleConvergenceLogic] tick-status: now=148.4 pending=7 elapsed=0 closestRemaining=4.8s collectDef=0 collectAtt=0 reservedDef=0 reservedAtt=0
[2026-05-08 21:59:27.704] [CrestBattleConvergenceLogic] Y.42 [ally.0] lead=Origand of the Brotherhood's Party tier=2 parity=123 variant=Standard units=247
[2026-05-08 21:59:27.704] [CrestBattleConvergenceLogic] Y.42 [ally.0] inf: units=0 (empty)
[2026-05-08 21:59:27.704] [CrestBattleConvergenceLogic] Y.42 [ally.0] arch: units=247 pos=(0.0,0.0) anchorD=375.7 enemyD=-1.0 engineMove=n/a engineArr=TaleWorlds.MountAndBlade.ArrangementOrder wantMove=TaleWorlds.MountAndBlade.MovementOrder wantArr=TaleWorlds.MountAndBlade.ArrangementOrder beh=Charge
[2026-05-08 21:59:27.704] [CrestBattleConvergenceLogic] Y.42 [ally.0] cav: units=0 (empty)
[2026-05-08 21:59:27.704] [CrestBattleConvergenceLogic] Y.42 [ally.1] lead=Asgotha's Party tier=2 parity=123 variant=Standard units=146
[2026-05-08 21:59:27.704] [CrestBattleConvergenceLogic] Y.42 [ally.1] inf: units=109 pos=(0.0,0.0) anchorD=690.0 enemyD=-1.0 engineMove=n/a engineArr=TaleWorlds.MountAndBlade.ArrangementOrder wantMove=TaleWorlds.MountAndBlade.MovementOrder wantArr=TaleWorlds.MountAndBlade.ArrangementOrder beh=Charge
[2026-05-08 21:59:27.704] [CrestBattleConvergenceLogic] Y.42 [ally.1] arch: units=37 pos=(0.0,0.0) anchorD=701.4 enemyD=-1.0 engineMove=n/a engineArr=TaleWorlds.MountAndBlade.ArrangementOrder wantMove=TaleWorlds.MountAndBlade.MovementOrder wantArr=TaleWorlds.MountAndBlade.ArrangementOrder beh=Charge
[2026-05-08 21:59:27.704] [CrestBattleConvergenceLogic] Y.42 [ally.1] cav: units=0 (empty)
[2026-05-08 21:59:27.704] [CrestBattleConvergenceLogic] Y.42 [enemy.0] lead=Adaltrud's Party tier=2 parity=-145 variant=ShieldWall units=189
[2026-05-08 21:59:27.705] [CrestBattleConvergenceLogic] Y.42 [enemy.0] inf: units=121 pos=(0.0,0.0) anchorD=690.0 enemyD=-1.0 engineMove=n/a engineArr=TaleWorlds.MountAndBlade.ArrangementOrder wantMove=TaleWorlds.MountAndBlade.MovementOrder wantArr=TaleWorlds.MountAndBlade.ArrangementOrder beh=(unset)
[2026-05-08 21:59:27.705] [CrestBattleConvergenceLogic] Y.42 [enemy.0] arch: units=6 pos=(0.0,0.0) anchorD=701.4 enemyD=-1.0 engineMove=n/a engineArr=TaleWorlds.MountAndBlade.ArrangementOrder wantMove=TaleWorlds.MountAndBlade.MovementOrder wantArr=TaleWorlds.MountAndBlade.ArrangementOrder beh=(unset)
[2026-05-08 21:59:27.705] [CrestBattleConvergenceLogic] Y.42 [enemy.0] cav: units=62 pos=(0.0,0.0) anchorD=684.4 enemyD=-1.0 engineMove=n/a engineArr=TaleWorlds.MountAndBlade.ArrangementOrder wantMove=TaleWorlds.MountAndBlade.MovementOrder wantArr=TaleWorlds.MountAndBlade.ArrangementOrder beh=(unset)
[2026-05-08 21:59:27.705] [CrestBattleConvergenceLogic] Y.42 [enemy.1] lead=Belgir's Party tier=2 parity=-145 variant=ShieldWall units=83
[2026-05-08 21:59:27.705] [CrestBattleConvergenceLogic] Y.42 [enemy.1] inf: units=59 pos=(0.0,0.0) anchorD=385.1 enemyD=-1.0 engineMove=n/a engineArr=TaleWorlds.MountAndBlade.ArrangementOrder wantMove=TaleWorlds.MountAndBlade.MovementOrder wantArr=TaleWorlds.MountAndBlade.ArrangementOrder beh=(unset)
[2026-05-08 21:59:27.705] [CrestBattleConvergenceLogic] Y.42 [enemy.1] arch: units=8 pos=(0.0,0.0) anchorD=375.4 enemyD=-1.0 engineMove=n/a engineArr=TaleWorlds.MountAndBlade.ArrangementOrder wantMove=TaleWorlds.MountAndBlade.MovementOrder wantArr=TaleWorlds.MountAndBlade.ArrangementOrder beh=(unset)
[2026-05-08 21:59:27.705] [CrestBattleConvergenceLogic] Y.42 [enemy.1] cav: units=16 pos=(0.0,0.0) anchorD=395.9 enemyD=-1.0 engineMove=n/a engineArr=TaleWorlds.MountAndBlade.ArrangementOrder wantMove=TaleWorlds.MountAndBlade.MovementOrder wantArr=TaleWorlds.MountAndBlade.ArrangementOrder beh=(unset)
[2026-05-08 21:59:32.375] [CrestBattleConvergenceLogic]   cap reached on Defender (5/5); Amalgun's Party added to waiting list (size 6)
[2026-05-08 21:59:32.561] [CrestBattleConvergenceLogic] tick-status: now=153.4 pending=6 elapsed=0 closestRemaining=4.8s collectDef=0 collectAtt=0 reservedDef=0 reservedAtt=0
[2026-05-08 21:59:32.714] [CrestBattleConvergenceLogic] Y.42 [ally.0] lead=Origand of the Brotherhood's Party tier=2 parity=158 variant=Standard units=245
[2026-05-08 21:59:32.714] [CrestBattleConvergenceLogic] Y.42 [ally.0] inf: units=0 (empty)
[2026-05-08 21:59:32.714] [CrestBattleConvergenceLogic] Y.42 [ally.0] arch: units=245 pos=(0.0,0.0) anchorD=375.7 enemyD=-1.0 engineMove=n/a engineArr=TaleWorlds.MountAndBlade.ArrangementOrder wantMove=TaleWorlds.MountAndBlade.MovementOrder wantArr=TaleWorlds.MountAndBlade.ArrangementOrder beh=Charge
[2026-05-08 21:59:32.714] [CrestBattleConvergenceLogic] Y.42 [ally.0] cav: units=0 (empty)
[2026-05-08 21:59:32.714] [CrestBattleConvergenceLogic] Y.42 [ally.1] lead=Asgotha's Party tier=2 parity=159 variant=Standard units=144
[2026-05-08 21:59:32.714] [CrestBattleConvergenceLogic] Y.42 [ally.1] inf: units=107 pos=(0.0,0.0) anchorD=690.0 enemyD=-1.0 engineMove=n/a engineArr=TaleWorlds.MountAndBlade.ArrangementOrder wantMove=TaleWorlds.MountAndBlade.MovementOrder wantArr=TaleWorlds.MountAndBlade.ArrangementOrder beh=Charge
[2026-05-08 21:59:32.714] [CrestBattleConvergenceLogic] Y.42 [ally.1] arch: units=37 pos=(0.0,0.0) anchorD=701.4 enemyD=-1.0 engineMove=n/a engineArr=TaleWorlds.MountAndBlade.ArrangementOrder wantMove=TaleWorlds.MountAndBlade.MovementOrder wantArr=TaleWorlds.MountAndBlade.ArrangementOrder beh=Charge
[2026-05-08 21:59:32.714] [CrestBattleConvergenceLogic] Y.42 [ally.1] cav: units=0 (empty)
[2026-05-08 21:59:32.714] [CrestBattleConvergenceLogic] Y.42 [enemy.0] lead=Adaltrud's Party tier=2 parity=-145 variant=ShieldWall units=172
[2026-05-08 21:59:32.714] [CrestBattleConvergenceLogic] Y.42 [enemy.0] inf: units=109 pos=(0.0,0.0) anchorD=690.0 enemyD=-1.0 engineMove=n/a engineArr=TaleWorlds.MountAndBlade.ArrangementOrder wantMove=TaleWorlds.MountAndBlade.MovementOrder wantArr=TaleWorlds.MountAndBlade.ArrangementOrder beh=(unset)
[2026-05-08 21:59:32.714] [CrestBattleConvergenceLogic] Y.42 [enemy.0] arch: units=2 pos=(0.0,0.0) anchorD=701.4 enemyD=-1.0 engineMove=n/a engineArr=TaleWorlds.MountAndBlade.ArrangementOrder wantMove=TaleWorlds.MountAndBlade.MovementOrder wantArr=TaleWorlds.MountAndBlade.ArrangementOrder beh=(unset)
[2026-05-08 21:59:32.714] [CrestBattleConvergenceLogic] Y.42 [enemy.0] cav: units=61 pos=(0.0,0.0) anchorD=684.4 enemyD=-1.0 engineMove=n/a engineArr=TaleWorlds.MountAndBlade.ArrangementOrder wantMove=TaleWorlds.MountAndBlade.MovementOrder wantArr=TaleWorlds.MountAndBlade.ArrangementOrder beh=(unset)
[2026-05-08 21:59:32.714] [CrestBattleConvergenceLogic] Y.42 [enemy.1] lead=Belgir's Party tier=2 parity=-145 variant=ShieldWall units=81
[2026-05-08 21:59:32.714] [CrestBattleConvergenceLogic] Y.42 [enemy.1] inf: units=59 pos=(0.0,0.0) anchorD=385.1 enemyD=-1.0 engineMove=n/a engineArr=TaleWorlds.MountAndBlade.ArrangementOrder wantMove=TaleWorlds.MountAndBlade.MovementOrder wantArr=TaleWorlds.MountAndBlade.ArrangementOrder beh=(unset)
[2026-05-08 21:59:32.714] [CrestBattleConvergenceLogic] Y.42 [enemy.1] arch: units=7 pos=(0.0,0.0) anchorD=375.4 enemyD=-1.0 engineMove=n/a engineArr=TaleWorlds.MountAndBlade.ArrangementOrder wantMove=TaleWorlds.MountAndBlade.MovementOrder wantArr=TaleWorlds.MountAndBlade.ArrangementOrder beh=(unset)
[2026-05-08 21:59:32.714] [CrestBattleConvergenceLogic] Y.42 [enemy.1] cav: units=15 pos=(0.0,0.0) anchorD=395.9 enemyD=-1.0 engineMove=n/a engineArr=TaleWorlds.MountAndBlade.ArrangementOrder wantMove=TaleWorlds.MountAndBlade.MovementOrder wantArr=TaleWorlds.MountAndBlade.ArrangementOrder beh=(unset)
[2026-05-08 21:59:37.371] [CrestBattleConvergenceLogic] queued Raganvad's Party (Sturgia) team=0 side=Attacker dist=222.7 active=5/5
[2026-05-08 21:59:37.567] [CrestBattleConvergenceLogic] tick-status: now=158.4 pending=5 elapsed=0 closestRemaining=4.8s collectDef=0 collectAtt=1 reservedDef=0 reservedAtt=0
[2026-05-08 21:59:37.725] [CrestBattleConvergenceLogic] Y.42 [ally.0] lead=Origand of the Brotherhood's Party tier=2 parity=158 variant=Standard units=239
[2026-05-08 21:59:37.725] [CrestBattleConvergenceLogic] Y.42 [ally.0] inf: units=0 (empty)
[2026-05-08 21:59:37.725] [CrestBattleConvergenceLogic] Y.42 [ally.0] arch: units=239 pos=(0.0,0.0) anchorD=375.7 enemyD=-1.0 engineMove=n/a engineArr=TaleWorlds.MountAndBlade.ArrangementOrder wantMove=TaleWorlds.MountAndBlade.MovementOrder wantArr=TaleWorlds.MountAndBlade.ArrangementOrder beh=Charge
[2026-05-08 21:59:37.725] [CrestBattleConvergenceLogic] Y.42 [ally.0] cav: units=0 (empty)
[2026-05-08 21:59:37.725] [CrestBattleConvergenceLogic] Y.42 [ally.1] lead=Asgotha's Party tier=2 parity=159 variant=Standard units=141
[2026-05-08 21:59:37.725] [CrestBattleConvergenceLogic] Y.42 [ally.1] inf: units=104 pos=(0.0,0.0) anchorD=690.0 enemyD=-1.0 engineMove=n/a engineArr=TaleWorlds.MountAndBlade.ArrangementOrder wantMove=TaleWorlds.MountAndBlade.MovementOrder wantArr=TaleWorlds.MountAndBlade.ArrangementOrder beh=Charge
[2026-05-08 21:59:37.725] [CrestBattleConvergenceLogic] Y.42 [ally.1] arch: units=37 pos=(0.0,0.0) anchorD=701.4 enemyD=-1.0 engineMove=n/a engineArr=TaleWorlds.MountAndBlade.ArrangementOrder wantMove=TaleWorlds.MountAndBlade.MovementOrder wantArr=TaleWorlds.MountAndBlade.ArrangementOrder beh=Charge
[2026-05-08 21:59:37.725] [CrestBattleConvergenceLogic] Y.42 [ally.1] cav: units=0 (empty)
[2026-05-08 21:59:37.725] [CrestBattleConvergenceLogic] Y.42 [enemy.0] lead=Adaltrud's Party tier=2 parity=-145 variant=ShieldWall units=160
[2026-05-08 21:59:37.725] [CrestBattleConvergenceLogic] Y.42 [enemy.0] inf: units=100 pos=(0.0,0.0) anchorD=690.0 enemyD=-1.0 engineMove=n/a engineArr=TaleWorlds.MountAndBlade.ArrangementOrder wantMove=TaleWorlds.MountAndBlade.MovementOrder wantArr=TaleWorlds.MountAndBlade.ArrangementOrder beh=(unset)
[2026-05-08 21:59:37.725] [CrestBattleConvergenceLogic] Y.42 [enemy.0] arch: units=1 pos=(0.0,0.0) anchorD=701.4 enemyD=-1.0 engineMove=n/a engineArr=TaleWorlds.MountAndBlade.ArrangementOrder wantMove=TaleWorlds.MountAndBlade.MovementOrder wantArr=TaleWorlds.MountAndBlade.ArrangementOrder beh=(unset)
[2026-05-08 21:59:37.725] [CrestBattleConvergenceLogic] Y.42 [enemy.0] cav: units=59 pos=(0.0,0.0) anchorD=684.4 enemyD=-1.0 engineMove=n/a engineArr=TaleWorlds.MountAndBlade.ArrangementOrder wantMove=TaleWorlds.MountAndBlade.MovementOrder wantArr=TaleWorlds.MountAndBlade.ArrangementOrder beh=(unset)
[2026-05-08 21:59:37.725] [CrestBattleConvergenceLogic] Y.42 [enemy.1] lead=Belgir's Party tier=2 parity=-145 variant=ShieldWall units=77
[2026-05-08 21:59:37.725] [CrestBattleConvergenceLogic] Y.42 [enemy.1] inf: units=59 pos=(0.0,0.0) anchorD=385.1 enemyD=-1.0 engineMove=n/a engineArr=TaleWorlds.MountAndBlade.ArrangementOrder wantMove=TaleWorlds.MountAndBlade.MovementOrder wantArr=TaleWorlds.MountAndBlade.ArrangementOrder beh=(unset)
[2026-05-08 21:59:37.725] [CrestBattleConvergenceLogic] Y.42 [enemy.1] arch: units=5 pos=(0.0,0.0) anchorD=375.4 enemyD=-1.0 engineMove=n/a engineArr=TaleWorlds.MountAndBlade.ArrangementOrder wantMove=TaleWorlds.MountAndBlade.MovementOrder wantArr=TaleWorlds.MountAndBlade.ArrangementOrder beh=(unset)
[2026-05-08 21:59:37.725] [CrestBattleConvergenceLogic] Y.42 [enemy.1] cav: units=13 pos=(0.0,0.0) anchorD=395.9 enemyD=-1.0 engineMove=n/a engineArr=TaleWorlds.MountAndBlade.ArrangementOrder wantMove=TaleWorlds.MountAndBlade.MovementOrder wantArr=TaleWorlds.MountAndBlade.ArrangementOrder beh=(unset)
[2026-05-08 21:59:38.671] [CrestBattleConvergenceLogic] registered Raganvad's Party on Attacker: 251 agents queued (queue size now 251)
[2026-05-08 21:59:38.671] [CrestBattleConvergenceLogic] Y.30B: pool tier=3 delta=177 variant=Standard
[2026-05-08 21:59:38.671] [CrestBattleConvergenceLogic] Y.30: ally pool[1] lead=Raganvad's Party tactics=227 (escalated); LordCount=2
[2026-05-08 21:59:42.822] [CrestBattleConvergenceLogic] tick-status: now=163.4 pending=4 elapsed=0 closestRemaining=4.8s collectDef=0 collectAtt=0 reservedDef=0 reservedAtt=0
[2026-05-08 21:59:42.981] [CrestBattleConvergenceLogic] Y.42 [ally.0] lead=Origand of the Brotherhood's Party tier=2 parity=158 variant=Standard units=236
[2026-05-08 21:59:42.981] [CrestBattleConvergenceLogic] Y.42 [ally.0] inf: units=0 (empty)
[2026-05-08 21:59:42.981] [CrestBattleConvergenceLogic] Y.42 [ally.0] arch: units=236 pos=(0.0,0.0) anchorD=375.7 enemyD=-1.0 engineMove=n/a engineArr=TaleWorlds.MountAndBlade.ArrangementOrder wantMove=TaleWorlds.MountAndBlade.MovementOrder wantArr=TaleWorlds.MountAndBlade.ArrangementOrder beh=Charge
[2026-05-08 21:59:42.981] [CrestBattleConvergenceLogic] Y.42 [ally.0] cav: units=0 (empty)
[2026-05-08 21:59:42.981] [CrestBattleConvergenceLogic] Y.42 [ally.1] lead=Raganvad's Party tier=3 parity=177 variant=Standard units=389
[2026-05-08 21:59:42.981] [CrestBattleConvergenceLogic] Y.42 [ally.1] inf: units=311 pos=(0.0,0.0) anchorD=690.0 enemyD=-1.0 engineMove=n/a engineArr=TaleWorlds.MountAndBlade.ArrangementOrder wantMove=TaleWorlds.MountAndBlade.MovementOrder wantArr=TaleWorlds.MountAndBlade.ArrangementOrder beh=Charge
[2026-05-08 21:59:42.981] [CrestBattleConvergenceLogic] Y.42 [ally.1] arch: units=69 pos=(0.0,0.0) anchorD=701.4 enemyD=-1.0 engineMove=n/a engineArr=TaleWorlds.MountAndBlade.ArrangementOrder wantMove=TaleWorlds.MountAndBlade.MovementOrder wantArr=TaleWorlds.MountAndBlade.ArrangementOrder beh=Charge
[2026-05-08 21:59:42.981] [CrestBattleConvergenceLogic] Y.42 [ally.1] cav: units=9 pos=(0.0,0.0) anchorD=684.4 enemyD=-1.0 engineMove=n/a engineArr=TaleWorlds.MountAndBlade.ArrangementOrder wantMove=TaleWorlds.MountAndBlade.MovementOrder wantArr=TaleWorlds.MountAndBlade.ArrangementOrder beh=Charge
[2026-05-08 21:59:42.981] [CrestBattleConvergenceLogic] Y.42 [enemy.0] lead=Adaltrud's Party tier=2 parity=-177 variant=ShieldWall units=146
[2026-05-08 21:59:42.981] [CrestBattleConvergenceLogic] Y.42 [enemy.0] inf: units=88 pos=(0.0,0.0) anchorD=690.0 enemyD=-1.0 engineMove=n/a engineArr=TaleWorlds.MountAndBlade.ArrangementOrder wantMove=TaleWorlds.MountAndBlade.MovementOrder wantArr=TaleWorlds.MountAndBlade.ArrangementOrder beh=(unset)
[2026-05-08 21:59:42.981] [CrestBattleConvergenceLogic] Y.42 [enemy.0] arch: units=0 (empty)
[2026-05-08 21:59:42.981] [CrestBattleConvergenceLogic] Y.42 [enemy.0] cav: units=58 pos=(0.0,0.0) anchorD=684.4 enemyD=-1.0 engineMove=n/a engineArr=TaleWorlds.MountAndBlade.ArrangementOrder wantMove=TaleWorlds.MountAndBlade.MovementOrder wantArr=TaleWorlds.MountAndBlade.ArrangementOrder beh=(unset)
[2026-05-08 21:59:42.981] [CrestBattleConvergenceLogic] Y.42 [enemy.1] lead=Belgir's Party tier=2 parity=-177 variant=ShieldWall units=74
[2026-05-08 21:59:42.981] [CrestBattleConvergenceLogic] Y.42 [enemy.1] inf: units=57 pos=(0.0,0.0) anchorD=385.1 enemyD=-1.0 engineMove=n/a engineArr=TaleWorlds.MountAndBlade.ArrangementOrder wantMove=TaleWorlds.MountAndBlade.MovementOrder wantArr=TaleWorlds.MountAndBlade.ArrangementOrder beh=(unset)
[2026-05-08 21:59:42.981] [CrestBattleConvergenceLogic] Y.42 [enemy.1] arch: units=5 pos=(0.0,0.0) anchorD=375.4 enemyD=-1.0 engineMove=n/a engineArr=TaleWorlds.MountAndBlade.ArrangementOrder wantMove=TaleWorlds.MountAndBlade.MovementOrder wantArr=TaleWorlds.MountAndBlade.ArrangementOrder beh=(unset)
[2026-05-08 21:59:42.981] [CrestBattleConvergenceLogic] Y.42 [enemy.1] cav: units=12 pos=(0.0,0.0) anchorD=395.9 enemyD=-1.0 engineMove=n/a engineArr=TaleWorlds.MountAndBlade.ArrangementOrder wantMove=TaleWorlds.MountAndBlade.MovementOrder wantArr=TaleWorlds.MountAndBlade.ArrangementOrder beh=(unset)
[2026-05-08 21:59:47.830] [CrestBattleConvergenceLogic] tick-status: now=168.4 pending=3 elapsed=0 closestRemaining=4.8s collectDef=0 collectAtt=0 reservedDef=0 reservedAtt=0
[2026-05-08 21:59:47.989] [CrestBattleConvergenceLogic] Y.42 [ally.0] lead=Origand of the Brotherhood's Party tier=2 parity=438 variant=Standard units=235
[2026-05-08 21:59:47.989] [CrestBattleConvergenceLogic] Y.42 [ally.0] inf: units=0 (empty)
[2026-05-08 21:59:47.989] [CrestBattleConvergenceLogic] Y.42 [ally.0] arch: units=235 pos=(0.0,0.0) anchorD=375.7 enemyD=-1.0 engineMove=n/a engineArr=TaleWorlds.MountAndBlade.ArrangementOrder wantMove=TaleWorlds.MountAndBlade.MovementOrder wantArr=TaleWorlds.MountAndBlade.ArrangementOrder beh=Charge
[2026-05-08 21:59:47.989] [CrestBattleConvergenceLogic] Y.42 [ally.0] cav: units=0 (empty)
[2026-05-08 21:59:47.989] [CrestBattleConvergenceLogic] Y.42 [ally.1] lead=Raganvad's Party tier=3 parity=177 variant=Standard units=389
[2026-05-08 21:59:47.989] [CrestBattleConvergenceLogic] Y.42 [ally.1] inf: units=311 pos=(0.0,0.0) anchorD=690.0 enemyD=-1.0 engineMove=n/a engineArr=TaleWorlds.MountAndBlade.ArrangementOrder wantMove=TaleWorlds.MountAndBlade.MovementOrder wantArr=TaleWorlds.MountAndBlade.ArrangementOrder beh=Charge
[2026-05-08 21:59:47.989] [CrestBattleConvergenceLogic] Y.42 [ally.1] arch: units=69 pos=(0.0,0.0) anchorD=701.4 enemyD=-1.0 engineMove=n/a engineArr=TaleWorlds.MountAndBlade.ArrangementOrder wantMove=TaleWorlds.MountAndBlade.MovementOrder wantArr=TaleWorlds.MountAndBlade.ArrangementOrder beh=Charge
[2026-05-08 21:59:47.989] [CrestBattleConvergenceLogic] Y.42 [ally.1] cav: units=9 pos=(0.0,0.0) anchorD=684.4 enemyD=-1.0 engineMove=n/a engineArr=TaleWorlds.MountAndBlade.ArrangementOrder wantMove=TaleWorlds.MountAndBlade.MovementOrder wantArr=TaleWorlds.MountAndBlade.ArrangementOrder beh=Charge
[2026-05-08 21:59:47.989] [CrestBattleConvergenceLogic] Y.42 [enemy.0] lead=Adaltrud's Party tier=2 parity=-177 variant=ShieldWall units=136
[2026-05-08 21:59:47.989] [CrestBattleConvergenceLogic] Y.42 [enemy.0] inf: units=79 pos=(0.0,0.0) anchorD=690.0 enemyD=-1.0 engineMove=n/a engineArr=TaleWorlds.MountAndBlade.ArrangementOrder wantMove=TaleWorlds.MountAndBlade.MovementOrder wantArr=TaleWorlds.MountAndBlade.ArrangementOrder beh=(unset)
[2026-05-08 21:59:47.989] [CrestBattleConvergenceLogic] Y.42 [enemy.0] arch: units=0 (empty)
[2026-05-08 21:59:47.989] [CrestBattleConvergenceLogic] Y.42 [enemy.0] cav: units=57 pos=(0.0,0.0) anchorD=684.4 enemyD=-1.0 engineMove=n/a engineArr=TaleWorlds.MountAndBlade.ArrangementOrder wantMove=TaleWorlds.MountAndBlade.MovementOrder wantArr=TaleWorlds.MountAndBlade.ArrangementOrder beh=(unset)
[2026-05-08 21:59:47.989] [CrestBattleConvergenceLogic] Y.42 [enemy.1] lead=Belgir's Party tier=2 parity=-177 variant=ShieldWall units=68
[2026-05-08 21:59:47.989] [CrestBattleConvergenceLogic] Y.42 [enemy.1] inf: units=56 pos=(0.0,0.0) anchorD=385.1 enemyD=-1.0 engineMove=n/a engineArr=TaleWorlds.MountAndBlade.ArrangementOrder wantMove=TaleWorlds.MountAndBlade.MovementOrder wantArr=TaleWorlds.MountAndBlade.ArrangementOrder beh=(unset)
[2026-05-08 21:59:47.989] [CrestBattleConvergenceLogic] Y.42 [enemy.1] arch: units=5 pos=(0.0,0.0) anchorD=375.4 enemyD=-1.0 engineMove=n/a engineArr=TaleWorlds.MountAndBlade.ArrangementOrder wantMove=TaleWorlds.MountAndBlade.MovementOrder wantArr=TaleWorlds.MountAndBlade.ArrangementOrder beh=(unset)
[2026-05-08 21:59:47.989] [CrestBattleConvergenceLogic] Y.42 [enemy.1] cav: units=7 pos=(0.0,0.0) anchorD=395.9 enemyD=-1.0 engineMove=n/a engineArr=TaleWorlds.MountAndBlade.ArrangementOrder wantMove=TaleWorlds.MountAndBlade.MovementOrder wantArr=TaleWorlds.MountAndBlade.ArrangementOrder beh=(unset)
[2026-05-08 21:59:52.106] [CrestBattleConvergenceLogic] party eliminated: Belgir's Party (Vlandia); defActive=4 attActive=5
[2026-05-08 21:59:52.840] [CrestBattleConvergenceLogic] tick-status: now=173.4 pending=2 elapsed=0 closestRemaining=4.8s collectDef=0 collectAtt=0 reservedDef=0 reservedAtt=0
[2026-05-08 21:59:52.996] [CrestBattleConvergenceLogic] Y.42 [ally.0] lead=Origand of the Brotherhood's Party tier=2 parity=438 variant=Standard units=233
[2026-05-08 21:59:52.996] [CrestBattleConvergenceLogic] Y.42 [ally.0] inf: units=0 (empty)
[2026-05-08 21:59:52.996] [CrestBattleConvergenceLogic] Y.42 [ally.0] arch: units=233 pos=(0.0,0.0) anchorD=375.7 enemyD=-1.0 engineMove=n/a engineArr=TaleWorlds.MountAndBlade.ArrangementOrder wantMove=TaleWorlds.MountAndBlade.MovementOrder wantArr=TaleWorlds.MountAndBlade.ArrangementOrder beh=Charge
[2026-05-08 21:59:52.996] [CrestBattleConvergenceLogic] Y.42 [ally.0] cav: units=0 (empty)
[2026-05-08 21:59:52.996] [CrestBattleConvergenceLogic] Y.42 [ally.1] lead=Raganvad's Party tier=3 parity=177 variant=Standard units=386
[2026-05-08 21:59:52.996] [CrestBattleConvergenceLogic] Y.42 [ally.1] inf: units=308 pos=(0.0,0.0) anchorD=690.0 enemyD=-1.0 engineMove=n/a engineArr=TaleWorlds.MountAndBlade.ArrangementOrder wantMove=TaleWorlds.MountAndBlade.MovementOrder wantArr=TaleWorlds.MountAndBlade.ArrangementOrder beh=Charge
[2026-05-08 21:59:52.996] [CrestBattleConvergenceLogic] Y.42 [ally.1] arch: units=69 pos=(0.0,0.0) anchorD=701.4 enemyD=-1.0 engineMove=n/a engineArr=TaleWorlds.MountAndBlade.ArrangementOrder wantMove=TaleWorlds.MountAndBlade.MovementOrder wantArr=TaleWorlds.MountAndBlade.ArrangementOrder beh=Charge
[2026-05-08 21:59:52.996] [CrestBattleConvergenceLogic] Y.42 [ally.1] cav: units=9 pos=(0.0,0.0) anchorD=684.4 enemyD=-1.0 engineMove=n/a engineArr=TaleWorlds.MountAndBlade.ArrangementOrder wantMove=TaleWorlds.MountAndBlade.MovementOrder wantArr=TaleWorlds.MountAndBlade.ArrangementOrder beh=Charge
[2026-05-08 21:59:52.996] [CrestBattleConvergenceLogic] Y.42 [enemy.0] lead=Adaltrud's Party tier=2 parity=-177 variant=ShieldWall units=116
[2026-05-08 21:59:52.996] [CrestBattleConvergenceLogic] Y.42 [enemy.0] inf: units=60 pos=(0.0,0.0) anchorD=690.0 enemyD=-1.0 engineMove=n/a engineArr=TaleWorlds.MountAndBlade.ArrangementOrder wantMove=TaleWorlds.MountAndBlade.MovementOrder wantArr=TaleWorlds.MountAndBlade.ArrangementOrder beh=(unset)
[2026-05-08 21:59:52.996] [CrestBattleConvergenceLogic] Y.42 [enemy.0] arch: units=0 (empty)
[2026-05-08 21:59:52.996] [CrestBattleConvergenceLogic] Y.42 [enemy.0] cav: units=56 pos=(0.0,0.0) anchorD=684.4 enemyD=-1.0 engineMove=n/a engineArr=TaleWorlds.MountAndBlade.ArrangementOrder wantMove=TaleWorlds.MountAndBlade.MovementOrder wantArr=TaleWorlds.MountAndBlade.ArrangementOrder beh=(unset)
[2026-05-08 21:59:52.996] [CrestBattleConvergenceLogic] Y.42 [enemy.1] lead=Belgir's Party tier=2 parity=-177 variant=ShieldWall units=63
[2026-05-08 21:59:52.996] [CrestBattleConvergenceLogic] Y.42 [enemy.1] inf: units=53 pos=(0.0,0.0) anchorD=385.1 enemyD=-1.0 engineMove=n/a engineArr=TaleWorlds.MountAndBlade.ArrangementOrder wantMove=TaleWorlds.MountAndBlade.MovementOrder wantArr=TaleWorlds.MountAndBlade.ArrangementOrder beh=(unset)
[2026-05-08 21:59:52.996] [CrestBattleConvergenceLogic] Y.42 [enemy.1] arch: units=4 pos=(0.0,0.0) anchorD=375.4 enemyD=-1.0 engineMove=n/a engineArr=TaleWorlds.MountAndBlade.ArrangementOrder wantMove=TaleWorlds.MountAndBlade.MovementOrder wantArr=TaleWorlds.MountAndBlade.ArrangementOrder beh=(unset)
[2026-05-08 21:59:52.996] [CrestBattleConvergenceLogic] Y.42 [enemy.1] cav: units=6 pos=(0.0,0.0) anchorD=395.9 enemyD=-1.0 engineMove=n/a engineArr=TaleWorlds.MountAndBlade.ArrangementOrder wantMove=TaleWorlds.MountAndBlade.MovementOrder wantArr=TaleWorlds.MountAndBlade.ArrangementOrder beh=(unset)
[2026-05-08 21:59:53.771] [CrestBattleConvergenceLogic] Y.30B: pool tier=2 delta=-473 variant=ShieldWall
[2026-05-08 21:59:53.821] [CrestBattleConvergenceLogic] Y.30B: pool tier=2 delta=-473 variant=ShieldWall
[2026-05-08 21:59:57.624] [CrestBattleConvergenceLogic]   cap reached on Attacker (5/5); Vyldur's Party added to waiting list (size 1)
[2026-05-08 21:59:57.843] [CrestBattleConvergenceLogic] tick-status: now=178.4 pending=1 elapsed=0 closestRemaining=4.8s collectDef=0 collectAtt=0 reservedDef=0 reservedAtt=0
[2026-05-08 21:59:58.013] [CrestBattleConvergenceLogic] Y.42 [ally.0] lead=Origand of the Brotherhood's Party tier=2 parity=438 variant=Standard units=232
[2026-05-08 21:59:58.013] [CrestBattleConvergenceLogic] Y.42 [ally.0] inf: units=0 (empty)
[2026-05-08 21:59:58.013] [CrestBattleConvergenceLogic] Y.42 [ally.0] arch: units=232 pos=(0.0,0.0) anchorD=375.7 enemyD=-1.0 engineMove=n/a engineArr=TaleWorlds.MountAndBlade.ArrangementOrder wantMove=TaleWorlds.MountAndBlade.MovementOrder wantArr=TaleWorlds.MountAndBlade.ArrangementOrder beh=Charge
[2026-05-08 21:59:58.013] [CrestBattleConvergenceLogic] Y.42 [ally.0] cav: units=0 (empty)
[2026-05-08 21:59:58.013] [CrestBattleConvergenceLogic] Y.42 [ally.1] lead=Raganvad's Party tier=3 parity=473 variant=Standard units=383
[2026-05-08 21:59:58.013] [CrestBattleConvergenceLogic] Y.42 [ally.1] inf: units=305 pos=(0.0,0.0) anchorD=690.0 enemyD=-1.0 engineMove=n/a engineArr=TaleWorlds.MountAndBlade.ArrangementOrder wantMove=TaleWorlds.MountAndBlade.MovementOrder wantArr=TaleWorlds.MountAndBlade.ArrangementOrder beh=Charge
[2026-05-08 21:59:58.013] [CrestBattleConvergenceLogic] Y.42 [ally.1] arch: units=69 pos=(0.0,0.0) anchorD=701.4 enemyD=-1.0 engineMove=n/a engineArr=TaleWorlds.MountAndBlade.ArrangementOrder wantMove=TaleWorlds.MountAndBlade.MovementOrder wantArr=TaleWorlds.MountAndBlade.ArrangementOrder beh=Charge
[2026-05-08 21:59:58.013] [CrestBattleConvergenceLogic] Y.42 [ally.1] cav: units=9 pos=(0.0,0.0) anchorD=684.4 enemyD=-1.0 engineMove=n/a engineArr=TaleWorlds.MountAndBlade.ArrangementOrder wantMove=TaleWorlds.MountAndBlade.MovementOrder wantArr=TaleWorlds.MountAndBlade.ArrangementOrder beh=Charge
[2026-05-08 21:59:58.013] [CrestBattleConvergenceLogic] Y.42 [enemy.0] lead=Adaltrud's Party tier=2 parity=-473 variant=ShieldWall units=85
[2026-05-08 21:59:58.013] [CrestBattleConvergenceLogic] Y.42 [enemy.0] inf: units=33 pos=(0.0,0.0) anchorD=690.0 enemyD=-1.0 engineMove=n/a engineArr=TaleWorlds.MountAndBlade.ArrangementOrder wantMove=TaleWorlds.MountAndBlade.MovementOrder wantArr=TaleWorlds.MountAndBlade.ArrangementOrder beh=(unset)
[2026-05-08 21:59:58.013] [CrestBattleConvergenceLogic] Y.42 [enemy.0] arch: units=0 (empty)
[2026-05-08 21:59:58.013] [CrestBattleConvergenceLogic] Y.42 [enemy.0] cav: units=52 pos=(0.0,0.0) anchorD=684.4 enemyD=-1.0 engineMove=n/a engineArr=TaleWorlds.MountAndBlade.ArrangementOrder wantMove=TaleWorlds.MountAndBlade.MovementOrder wantArr=TaleWorlds.MountAndBlade.ArrangementOrder beh=(unset)
[2026-05-08 21:59:58.013] [CrestBattleConvergenceLogic] Y.42 [enemy.1] lead=Belgir's Party tier=2 parity=-473 variant=ShieldWall units=58
[2026-05-08 21:59:58.013] [CrestBattleConvergenceLogic] Y.42 [enemy.1] inf: units=50 pos=(0.0,0.0) anchorD=385.1 enemyD=-1.0 engineMove=n/a engineArr=TaleWorlds.MountAndBlade.ArrangementOrder wantMove=TaleWorlds.MountAndBlade.MovementOrder wantArr=TaleWorlds.MountAndBlade.ArrangementOrder beh=(unset)
[2026-05-08 21:59:58.013] [CrestBattleConvergenceLogic] Y.42 [enemy.1] arch: units=4 pos=(0.0,0.0) anchorD=375.4 enemyD=-1.0 engineMove=n/a engineArr=TaleWorlds.MountAndBlade.ArrangementOrder wantMove=TaleWorlds.MountAndBlade.MovementOrder wantArr=TaleWorlds.MountAndBlade.ArrangementOrder beh=(unset)
[2026-05-08 21:59:58.013] [CrestBattleConvergenceLogic] Y.42 [enemy.1] cav: units=4 pos=(0.0,0.0) anchorD=395.9 enemyD=-1.0 engineMove=n/a engineArr=TaleWorlds.MountAndBlade.ArrangementOrder wantMove=TaleWorlds.MountAndBlade.MovementOrder wantArr=TaleWorlds.MountAndBlade.ArrangementOrder beh=(unset)
[2026-05-08 22:00:02.631] [CrestBattleConvergenceLogic]   cap reached on Attacker (5/5); Gautgar's Party added to waiting list (size 2)
[2026-05-08 22:00:02.850] [CrestBattleConvergenceLogic] tick-status: now=183.4 pending=0 elapsed=0 closestRemaining=n/a collectDef=0 collectAtt=0 reservedDef=0 reservedAtt=0
[2026-05-08 22:00:03.020] [CrestBattleConvergenceLogic] Y.42 [ally.0] lead=Origand of the Brotherhood's Party tier=2 parity=504 variant=Standard units=230
[2026-05-08 22:00:03.020] [CrestBattleConvergenceLogic] Y.42 [ally.0] inf: units=0 (empty)
[2026-05-08 22:00:03.020] [CrestBattleConvergenceLogic] Y.42 [ally.0] arch: units=230 pos=(0.0,0.0) anchorD=375.7 enemyD=-1.0 engineMove=n/a engineArr=TaleWorlds.MountAndBlade.ArrangementOrder wantMove=TaleWorlds.MountAndBlade.MovementOrder wantArr=TaleWorlds.MountAndBlade.ArrangementOrder beh=Charge
[2026-05-08 22:00:03.020] [CrestBattleConvergenceLogic] Y.42 [ally.0] cav: units=0 (empty)
[2026-05-08 22:00:03.020] [CrestBattleConvergenceLogic] Y.42 [ally.1] lead=Raganvad's Party tier=3 parity=473 variant=Standard units=380
[2026-05-08 22:00:03.020] [CrestBattleConvergenceLogic] Y.42 [ally.1] inf: units=302 pos=(0.0,0.0) anchorD=690.0 enemyD=-1.0 engineMove=n/a engineArr=TaleWorlds.MountAndBlade.ArrangementOrder wantMove=TaleWorlds.MountAndBlade.MovementOrder wantArr=TaleWorlds.MountAndBlade.ArrangementOrder beh=Charge
[2026-05-08 22:00:03.020] [CrestBattleConvergenceLogic] Y.42 [ally.1] arch: units=69 pos=(0.0,0.0) anchorD=701.4 enemyD=-1.0 engineMove=n/a engineArr=TaleWorlds.MountAndBlade.ArrangementOrder wantMove=TaleWorlds.MountAndBlade.MovementOrder wantArr=TaleWorlds.MountAndBlade.ArrangementOrder beh=Charge
[2026-05-08 22:00:03.020] [CrestBattleConvergenceLogic] Y.42 [ally.1] cav: units=9 pos=(0.0,0.0) anchorD=684.4 enemyD=-1.0 engineMove=n/a engineArr=TaleWorlds.MountAndBlade.ArrangementOrder wantMove=TaleWorlds.MountAndBlade.MovementOrder wantArr=TaleWorlds.MountAndBlade.ArrangementOrder beh=Charge
[2026-05-08 22:00:03.020] [CrestBattleConvergenceLogic] Y.42 [enemy.0] lead=Adaltrud's Party tier=2 parity=-473 variant=ShieldWall units=61
[2026-05-08 22:00:03.020] [CrestBattleConvergenceLogic] Y.42 [enemy.0] inf: units=9 pos=(0.0,0.0) anchorD=690.0 enemyD=-1.0 engineMove=n/a engineArr=TaleWorlds.MountAndBlade.ArrangementOrder wantMove=TaleWorlds.MountAndBlade.MovementOrder wantArr=TaleWorlds.MountAndBlade.ArrangementOrder beh=(unset)
[2026-05-08 22:00:03.020] [CrestBattleConvergenceLogic] Y.42 [enemy.0] arch: units=0 (empty)
[2026-05-08 22:00:03.020] [CrestBattleConvergenceLogic] Y.42 [enemy.0] cav: units=52 pos=(0.0,0.0) anchorD=684.4 enemyD=-1.0 engineMove=n/a engineArr=TaleWorlds.MountAndBlade.ArrangementOrder wantMove=TaleWorlds.MountAndBlade.MovementOrder wantArr=TaleWorlds.MountAndBlade.ArrangementOrder beh=(unset)
[2026-05-08 22:00:03.020] [CrestBattleConvergenceLogic] Y.42 [enemy.1] lead=Belgir's Party tier=2 parity=-473 variant=ShieldWall units=55
[2026-05-08 22:00:03.020] [CrestBattleConvergenceLogic] Y.42 [enemy.1] inf: units=48 pos=(0.0,0.0) anchorD=385.1 enemyD=-1.0 engineMove=n/a engineArr=TaleWorlds.MountAndBlade.ArrangementOrder wantMove=TaleWorlds.MountAndBlade.MovementOrder wantArr=TaleWorlds.MountAndBlade.ArrangementOrder beh=(unset)
[2026-05-08 22:00:03.020] [CrestBattleConvergenceLogic] Y.42 [enemy.1] arch: units=4 pos=(0.0,0.0) anchorD=375.4 enemyD=-1.0 engineMove=n/a engineArr=TaleWorlds.MountAndBlade.ArrangementOrder wantMove=TaleWorlds.MountAndBlade.MovementOrder wantArr=TaleWorlds.MountAndBlade.ArrangementOrder beh=(unset)
[2026-05-08 22:00:03.020] [CrestBattleConvergenceLogic] Y.42 [enemy.1] cav: units=3 pos=(0.0,0.0) anchorD=395.9 enemyD=-1.0 engineMove=n/a engineArr=TaleWorlds.MountAndBlade.ArrangementOrder wantMove=TaleWorlds.MountAndBlade.MovementOrder wantArr=TaleWorlds.MountAndBlade.ArrangementOrder beh=(unset)
[2026-05-08 22:00:08.026] [CrestBattleConvergenceLogic] Y.42 [ally.0] lead=Origand of the Brotherhood's Party tier=2 parity=504 variant=Standard units=228
[2026-05-08 22:00:08.026] [CrestBattleConvergenceLogic] Y.42 [ally.0] inf: units=0 (empty)
[2026-05-08 22:00:08.026] [CrestBattleConvergenceLogic] Y.42 [ally.0] arch: units=228 pos=(0.0,0.0) anchorD=375.7 enemyD=-1.0 engineMove=n/a engineArr=TaleWorlds.MountAndBlade.ArrangementOrder wantMove=TaleWorlds.MountAndBlade.MovementOrder wantArr=TaleWorlds.MountAndBlade.ArrangementOrder beh=Charge
[2026-05-08 22:00:08.026] [CrestBattleConvergenceLogic] Y.42 [ally.0] cav: units=0 (empty)
[2026-05-08 22:00:08.026] [CrestBattleConvergenceLogic] Y.42 [ally.1] lead=Raganvad's Party tier=3 parity=473 variant=Standard units=379
[2026-05-08 22:00:08.026] [CrestBattleConvergenceLogic] Y.42 [ally.1] inf: units=301 pos=(0.0,0.0) anchorD=690.0 enemyD=-1.0 engineMove=n/a engineArr=TaleWorlds.MountAndBlade.ArrangementOrder wantMove=TaleWorlds.MountAndBlade.MovementOrder wantArr=TaleWorlds.MountAndBlade.ArrangementOrder beh=Charge
[2026-05-08 22:00:08.026] [CrestBattleConvergenceLogic] Y.42 [ally.1] arch: units=69 pos=(0.0,0.0) anchorD=701.4 enemyD=-1.0 engineMove=n/a engineArr=TaleWorlds.MountAndBlade.ArrangementOrder wantMove=TaleWorlds.MountAndBlade.MovementOrder wantArr=TaleWorlds.MountAndBlade.ArrangementOrder beh=Charge
[2026-05-08 22:00:08.026] [CrestBattleConvergenceLogic] Y.42 [ally.1] cav: units=9 pos=(0.0,0.0) anchorD=684.4 enemyD=-1.0 engineMove=n/a engineArr=TaleWorlds.MountAndBlade.ArrangementOrder wantMove=TaleWorlds.MountAndBlade.MovementOrder wantArr=TaleWorlds.MountAndBlade.ArrangementOrder beh=Charge
[2026-05-08 22:00:08.026] [CrestBattleConvergenceLogic] Y.42 [enemy.0] lead=Adaltrud's Party tier=2 parity=-473 variant=ShieldWall units=47
[2026-05-08 22:00:08.026] [CrestBattleConvergenceLogic] Y.42 [enemy.0] inf: units=0 (empty)
[2026-05-08 22:00:08.026] [CrestBattleConvergenceLogic] Y.42 [enemy.0] arch: units=0 (empty)
[2026-05-08 22:00:08.026] [CrestBattleConvergenceLogic] Y.42 [enemy.0] cav: units=47 pos=(0.0,0.0) anchorD=684.4 enemyD=-1.0 engineMove=n/a engineArr=TaleWorlds.MountAndBlade.ArrangementOrder wantMove=TaleWorlds.MountAndBlade.MovementOrder wantArr=TaleWorlds.MountAndBlade.ArrangementOrder beh=(unset)
[2026-05-08 22:00:08.026] [CrestBattleConvergenceLogic] Y.42 [enemy.1] lead=Belgir's Party tier=2 parity=-473 variant=ShieldWall units=53
[2026-05-08 22:00:08.026] [CrestBattleConvergenceLogic] Y.42 [enemy.1] inf: units=48 pos=(0.0,0.0) anchorD=385.1 enemyD=-1.0 engineMove=n/a engineArr=TaleWorlds.MountAndBlade.ArrangementOrder wantMove=TaleWorlds.MountAndBlade.MovementOrder wantArr=TaleWorlds.MountAndBlade.ArrangementOrder beh=(unset)
[2026-05-08 22:00:08.026] [CrestBattleConvergenceLogic] Y.42 [enemy.1] arch: units=3 pos=(0.0,0.0) anchorD=375.4 enemyD=-1.0 engineMove=n/a engineArr=TaleWorlds.MountAndBlade.ArrangementOrder wantMove=TaleWorlds.MountAndBlade.MovementOrder wantArr=TaleWorlds.MountAndBlade.ArrangementOrder beh=(unset)
[2026-05-08 22:00:08.026] [CrestBattleConvergenceLogic] Y.42 [enemy.1] cav: units=2 pos=(0.0,0.0) anchorD=395.9 enemyD=-1.0 engineMove=n/a engineArr=TaleWorlds.MountAndBlade.ArrangementOrder wantMove=TaleWorlds.MountAndBlade.MovementOrder wantArr=TaleWorlds.MountAndBlade.ArrangementOrder beh=(unset)
[2026-05-08 22:00:13.030] [CrestBattleConvergenceLogic] Y.42 [ally.0] lead=Origand of the Brotherhood's Party tier=2 parity=504 variant=Standard units=228
[2026-05-08 22:00:13.030] [CrestBattleConvergenceLogic] Y.42 [ally.0] inf: units=0 (empty)
[2026-05-08 22:00:13.030] [CrestBattleConvergenceLogic] Y.42 [ally.0] arch: units=228 pos=(0.0,0.0) anchorD=375.7 enemyD=-1.0 engineMove=n/a engineArr=TaleWorlds.MountAndBlade.ArrangementOrder wantMove=TaleWorlds.MountAndBlade.MovementOrder wantArr=TaleWorlds.MountAndBlade.ArrangementOrder beh=Charge
[2026-05-08 22:00:13.030] [CrestBattleConvergenceLogic] Y.42 [ally.0] cav: units=0 (empty)
[2026-05-08 22:00:13.030] [CrestBattleConvergenceLogic] Y.42 [ally.1] lead=Raganvad's Party tier=3 parity=541 variant=Standard units=379
[2026-05-08 22:00:13.030] [CrestBattleConvergenceLogic] Y.42 [ally.1] inf: units=301 pos=(0.0,0.0) anchorD=690.0 enemyD=-1.0 engineMove=n/a engineArr=TaleWorlds.MountAndBlade.ArrangementOrder wantMove=TaleWorlds.MountAndBlade.MovementOrder wantArr=TaleWorlds.MountAndBlade.ArrangementOrder beh=Charge
[2026-05-08 22:00:13.030] [CrestBattleConvergenceLogic] Y.42 [ally.1] arch: units=69 pos=(0.0,0.0) anchorD=701.4 enemyD=-1.0 engineMove=n/a engineArr=TaleWorlds.MountAndBlade.ArrangementOrder wantMove=TaleWorlds.MountAndBlade.MovementOrder wantArr=TaleWorlds.MountAndBlade.ArrangementOrder beh=Charge
[2026-05-08 22:00:13.030] [CrestBattleConvergenceLogic] Y.42 [ally.1] cav: units=9 pos=(0.0,0.0) anchorD=684.4 enemyD=-1.0 engineMove=n/a engineArr=TaleWorlds.MountAndBlade.ArrangementOrder wantMove=TaleWorlds.MountAndBlade.MovementOrder wantArr=TaleWorlds.MountAndBlade.ArrangementOrder beh=Charge
[2026-05-08 22:00:13.030] [CrestBattleConvergenceLogic] Y.42 [enemy.0] lead=Adaltrud's Party tier=2 parity=-541 variant=ShieldWall units=40
[2026-05-08 22:00:13.030] [CrestBattleConvergenceLogic] Y.42 [enemy.0] inf: units=0 (empty)
[2026-05-08 22:00:13.030] [CrestBattleConvergenceLogic] Y.42 [enemy.0] arch: units=0 (empty)
[2026-05-08 22:00:13.030] [CrestBattleConvergenceLogic] Y.42 [enemy.0] cav: units=40 pos=(0.0,0.0) anchorD=684.4 enemyD=-1.0 engineMove=n/a engineArr=TaleWorlds.MountAndBlade.ArrangementOrder wantMove=TaleWorlds.MountAndBlade.MovementOrder wantArr=TaleWorlds.MountAndBlade.ArrangementOrder beh=(unset)
[2026-05-08 22:00:13.030] [CrestBattleConvergenceLogic] Y.42 [enemy.1] lead=Belgir's Party tier=2 parity=-541 variant=ShieldWall units=47
[2026-05-08 22:00:13.030] [CrestBattleConvergenceLogic] Y.42 [enemy.1] inf: units=43 pos=(0.0,0.0) anchorD=385.1 enemyD=-1.0 engineMove=n/a engineArr=TaleWorlds.MountAndBlade.ArrangementOrder wantMove=TaleWorlds.MountAndBlade.MovementOrder wantArr=TaleWorlds.MountAndBlade.ArrangementOrder beh=(unset)
[2026-05-08 22:00:13.030] [CrestBattleConvergenceLogic] Y.42 [enemy.1] arch: units=3 pos=(0.0,0.0) anchorD=375.4 enemyD=-1.0 engineMove=n/a engineArr=TaleWorlds.MountAndBlade.ArrangementOrder wantMove=TaleWorlds.MountAndBlade.MovementOrder wantArr=TaleWorlds.MountAndBlade.ArrangementOrder beh=(unset)
[2026-05-08 22:00:13.030] [CrestBattleConvergenceLogic] Y.42 [enemy.1] cav: units=1 pos=(0.0,0.0) anchorD=395.9 enemyD=-1.0 engineMove=n/a engineArr=TaleWorlds.MountAndBlade.ArrangementOrder wantMove=TaleWorlds.MountAndBlade.MovementOrder wantArr=TaleWorlds.MountAndBlade.ArrangementOrder beh=(unset)
[2026-05-08 22:00:18.037] [CrestBattleConvergenceLogic] Y.42 [ally.0] lead=Origand of the Brotherhood's Party tier=2 parity=556 variant=Standard units=227
[2026-05-08 22:00:18.037] [CrestBattleConvergenceLogic] Y.42 [ally.0] inf: units=0 (empty)
[2026-05-08 22:00:18.037] [CrestBattleConvergenceLogic] Y.42 [ally.0] arch: units=227 pos=(0.0,0.0) anchorD=375.7 enemyD=-1.0 engineMove=n/a engineArr=TaleWorlds.MountAndBlade.ArrangementOrder wantMove=TaleWorlds.MountAndBlade.MovementOrder wantArr=TaleWorlds.MountAndBlade.ArrangementOrder beh=Charge
[2026-05-08 22:00:18.037] [CrestBattleConvergenceLogic] Y.42 [ally.0] cav: units=0 (empty)
[2026-05-08 22:00:18.037] [CrestBattleConvergenceLogic] Y.42 [ally.1] lead=Raganvad's Party tier=3 parity=541 variant=Standard units=378
[2026-05-08 22:00:18.037] [CrestBattleConvergenceLogic] Y.42 [ally.1] inf: units=301 pos=(0.0,0.0) anchorD=690.0 enemyD=-1.0 engineMove=n/a engineArr=TaleWorlds.MountAndBlade.ArrangementOrder wantMove=TaleWorlds.MountAndBlade.MovementOrder wantArr=TaleWorlds.MountAndBlade.ArrangementOrder beh=Charge
[2026-05-08 22:00:18.037] [CrestBattleConvergenceLogic] Y.42 [ally.1] arch: units=69 pos=(0.0,0.0) anchorD=701.4 enemyD=-1.0 engineMove=n/a engineArr=TaleWorlds.MountAndBlade.ArrangementOrder wantMove=TaleWorlds.MountAndBlade.MovementOrder wantArr=TaleWorlds.MountAndBlade.ArrangementOrder beh=Charge
[2026-05-08 22:00:18.037] [CrestBattleConvergenceLogic] Y.42 [ally.1] cav: units=8 pos=(0.0,0.0) anchorD=684.4 enemyD=-1.0 engineMove=n/a engineArr=TaleWorlds.MountAndBlade.ArrangementOrder wantMove=TaleWorlds.MountAndBlade.MovementOrder wantArr=TaleWorlds.MountAndBlade.ArrangementOrder beh=Charge
[2026-05-08 22:00:18.037] [CrestBattleConvergenceLogic] Y.42 [enemy.0] lead=Adaltrud's Party tier=2 parity=-541 variant=ShieldWall units=35
[2026-05-08 22:00:18.037] [CrestBattleConvergenceLogic] Y.42 [enemy.0] inf: units=0 (empty)
[2026-05-08 22:00:18.037] [CrestBattleConvergenceLogic] Y.42 [enemy.0] arch: units=0 (empty)
[2026-05-08 22:00:18.037] [CrestBattleConvergenceLogic] Y.42 [enemy.0] cav: units=35 pos=(0.0,0.0) anchorD=684.4 enemyD=-1.0 engineMove=n/a engineArr=TaleWorlds.MountAndBlade.ArrangementOrder wantMove=TaleWorlds.MountAndBlade.MovementOrder wantArr=TaleWorlds.MountAndBlade.ArrangementOrder beh=(unset)
[2026-05-08 22:00:18.037] [CrestBattleConvergenceLogic] Y.42 [enemy.1] lead=Belgir's Party tier=2 parity=-541 variant=ShieldWall units=45
[2026-05-08 22:00:18.037] [CrestBattleConvergenceLogic] Y.42 [enemy.1] inf: units=41 pos=(0.0,0.0) anchorD=385.1 enemyD=-1.0 engineMove=n/a engineArr=TaleWorlds.MountAndBlade.ArrangementOrder wantMove=TaleWorlds.MountAndBlade.MovementOrder wantArr=TaleWorlds.MountAndBlade.ArrangementOrder beh=(unset)
[2026-05-08 22:00:18.037] [CrestBattleConvergenceLogic] Y.42 [enemy.1] arch: units=3 pos=(0.0,0.0) anchorD=375.4 enemyD=-1.0 engineMove=n/a engineArr=TaleWorlds.MountAndBlade.ArrangementOrder wantMove=TaleWorlds.MountAndBlade.MovementOrder wantArr=TaleWorlds.MountAndBlade.ArrangementOrder beh=(unset)
[2026-05-08 22:00:18.037] [CrestBattleConvergenceLogic] Y.42 [enemy.1] cav: units=1 pos=(0.0,0.0) anchorD=395.9 enemyD=-1.0 engineMove=n/a engineArr=TaleWorlds.MountAndBlade.ArrangementOrder wantMove=TaleWorlds.MountAndBlade.MovementOrder wantArr=TaleWorlds.MountAndBlade.ArrangementOrder beh=(unset)
[2026-05-08 22:00:23.045] [CrestBattleConvergenceLogic] Y.42 [ally.0] lead=Origand of the Brotherhood's Party tier=2 parity=556 variant=Standard units=227
[2026-05-08 22:00:23.045] [CrestBattleConvergenceLogic] Y.42 [ally.0] inf: units=0 (empty)
[2026-05-08 22:00:23.045] [CrestBattleConvergenceLogic] Y.42 [ally.0] arch: units=227 pos=(0.0,0.0) anchorD=375.7 enemyD=-1.0 engineMove=n/a engineArr=TaleWorlds.MountAndBlade.ArrangementOrder wantMove=TaleWorlds.MountAndBlade.MovementOrder wantArr=TaleWorlds.MountAndBlade.ArrangementOrder beh=Charge
[2026-05-08 22:00:23.045] [CrestBattleConvergenceLogic] Y.42 [ally.0] cav: units=0 (empty)
[2026-05-08 22:00:23.045] [CrestBattleConvergenceLogic] Y.42 [ally.1] lead=Raganvad's Party tier=3 parity=541 variant=Standard units=378
[2026-05-08 22:00:23.045] [CrestBattleConvergenceLogic] Y.42 [ally.1] inf: units=301 pos=(0.0,0.0) anchorD=690.0 enemyD=-1.0 engineMove=n/a engineArr=TaleWorlds.MountAndBlade.ArrangementOrder wantMove=TaleWorlds.MountAndBlade.MovementOrder wantArr=TaleWorlds.MountAndBlade.ArrangementOrder beh=Charge
[2026-05-08 22:00:23.045] [CrestBattleConvergenceLogic] Y.42 [ally.1] arch: units=69 pos=(0.0,0.0) anchorD=701.4 enemyD=-1.0 engineMove=n/a engineArr=TaleWorlds.MountAndBlade.ArrangementOrder wantMove=TaleWorlds.MountAndBlade.MovementOrder wantArr=TaleWorlds.MountAndBlade.ArrangementOrder beh=Charge
[2026-05-08 22:00:23.045] [CrestBattleConvergenceLogic] Y.42 [ally.1] cav: units=8 pos=(0.0,0.0) anchorD=684.4 enemyD=-1.0 engineMove=n/a engineArr=TaleWorlds.MountAndBlade.ArrangementOrder wantMove=TaleWorlds.MountAndBlade.MovementOrder wantArr=TaleWorlds.MountAndBlade.ArrangementOrder beh=Charge
[2026-05-08 22:00:23.045] [CrestBattleConvergenceLogic] Y.42 [enemy.0] lead=Adaltrud's Party tier=2 parity=-541 variant=ShieldWall units=32
[2026-05-08 22:00:23.045] [CrestBattleConvergenceLogic] Y.42 [enemy.0] inf: units=0 (empty)
[2026-05-08 22:00:23.045] [CrestBattleConvergenceLogic] Y.42 [enemy.0] arch: units=0 (empty)
[2026-05-08 22:00:23.045] [CrestBattleConvergenceLogic] Y.42 [enemy.0] cav: units=32 pos=(0.0,0.0) anchorD=684.4 enemyD=-1.0 engineMove=n/a engineArr=TaleWorlds.MountAndBlade.ArrangementOrder wantMove=TaleWorlds.MountAndBlade.MovementOrder wantArr=TaleWorlds.MountAndBlade.ArrangementOrder beh=(unset)
[2026-05-08 22:00:23.045] [CrestBattleConvergenceLogic] Y.42 [enemy.1] lead=Belgir's Party tier=2 parity=-541 variant=ShieldWall units=38
[2026-05-08 22:00:23.045] [CrestBattleConvergenceLogic] Y.42 [enemy.1] inf: units=36 pos=(0.0,0.0) anchorD=385.1 enemyD=-1.0 engineMove=n/a engineArr=TaleWorlds.MountAndBlade.ArrangementOrder wantMove=TaleWorlds.MountAndBlade.MovementOrder wantArr=TaleWorlds.MountAndBlade.ArrangementOrder beh=(unset)
[2026-05-08 22:00:23.045] [CrestBattleConvergenceLogic] Y.42 [enemy.1] arch: units=1 pos=(0.0,0.0) anchorD=375.4 enemyD=-1.0 engineMove=n/a engineArr=TaleWorlds.MountAndBlade.ArrangementOrder wantMove=TaleWorlds.MountAndBlade.MovementOrder wantArr=TaleWorlds.MountAndBlade.ArrangementOrder beh=(unset)
[2026-05-08 22:00:23.045] [CrestBattleConvergenceLogic] Y.42 [enemy.1] cav: units=1 pos=(0.0,0.0) anchorD=395.9 enemyD=-1.0 engineMove=n/a engineArr=TaleWorlds.MountAndBlade.ArrangementOrder wantMove=TaleWorlds.MountAndBlade.MovementOrder wantArr=TaleWorlds.MountAndBlade.ArrangementOrder beh=(unset)
[2026-05-08 22:00:28.050] [CrestBattleConvergenceLogic] Y.42 [ally.0] lead=Origand of the Brotherhood's Party tier=2 parity=556 variant=Standard units=226
[2026-05-08 22:00:28.050] [CrestBattleConvergenceLogic] Y.42 [ally.0] inf: units=0 (empty)
[2026-05-08 22:00:28.050] [CrestBattleConvergenceLogic] Y.42 [ally.0] arch: units=226 pos=(0.0,0.0) anchorD=375.7 enemyD=-1.0 engineMove=n/a engineArr=TaleWorlds.MountAndBlade.ArrangementOrder wantMove=TaleWorlds.MountAndBlade.MovementOrder wantArr=TaleWorlds.MountAndBlade.ArrangementOrder beh=Charge
[2026-05-08 22:00:28.050] [CrestBattleConvergenceLogic] Y.42 [ally.0] cav: units=0 (empty)
[2026-05-08 22:00:28.050] [CrestBattleConvergenceLogic] Y.42 [ally.1] lead=Raganvad's Party tier=3 parity=573 variant=Standard units=378
[2026-05-08 22:00:28.050] [CrestBattleConvergenceLogic] Y.42 [ally.1] inf: units=301 pos=(0.0,0.0) anchorD=690.0 enemyD=-1.0 engineMove=n/a engineArr=TaleWorlds.MountAndBlade.ArrangementOrder wantMove=TaleWorlds.MountAndBlade.MovementOrder wantArr=TaleWorlds.MountAndBlade.ArrangementOrder beh=Charge
[2026-05-08 22:00:28.050] [CrestBattleConvergenceLogic] Y.42 [ally.1] arch: units=69 pos=(0.0,0.0) anchorD=701.4 enemyD=-1.0 engineMove=n/a engineArr=TaleWorlds.MountAndBlade.ArrangementOrder wantMove=TaleWorlds.MountAndBlade.MovementOrder wantArr=TaleWorlds.MountAndBlade.ArrangementOrder beh=Charge
[2026-05-08 22:00:28.050] [CrestBattleConvergenceLogic] Y.42 [ally.1] cav: units=8 pos=(0.0,0.0) anchorD=684.4 enemyD=-1.0 engineMove=n/a engineArr=TaleWorlds.MountAndBlade.ArrangementOrder wantMove=TaleWorlds.MountAndBlade.MovementOrder wantArr=TaleWorlds.MountAndBlade.ArrangementOrder beh=Charge
[2026-05-08 22:00:28.050] [CrestBattleConvergenceLogic] Y.42 [enemy.0] lead=Adaltrud's Party tier=2 parity=-573 variant=ShieldWall units=20
[2026-05-08 22:00:28.050] [CrestBattleConvergenceLogic] Y.42 [enemy.0] inf: units=0 (empty)
[2026-05-08 22:00:28.050] [CrestBattleConvergenceLogic] Y.42 [enemy.0] arch: units=0 (empty)
[2026-05-08 22:00:28.050] [CrestBattleConvergenceLogic] Y.42 [enemy.0] cav: units=20 pos=(0.0,0.0) anchorD=684.4 enemyD=-1.0 engineMove=n/a engineArr=TaleWorlds.MountAndBlade.ArrangementOrder wantMove=TaleWorlds.MountAndBlade.MovementOrder wantArr=TaleWorlds.MountAndBlade.ArrangementOrder beh=(unset)
[2026-05-08 22:00:28.050] [CrestBattleConvergenceLogic] Y.42 [enemy.1] lead=Belgir's Party tier=2 parity=-573 variant=ShieldWall units=33
[2026-05-08 22:00:28.050] [CrestBattleConvergenceLogic] Y.42 [enemy.1] inf: units=33 pos=(0.0,0.0) anchorD=385.1 enemyD=-1.0 engineMove=n/a engineArr=TaleWorlds.MountAndBlade.ArrangementOrder wantMove=TaleWorlds.MountAndBlade.MovementOrder wantArr=TaleWorlds.MountAndBlade.ArrangementOrder beh=(unset)
[2026-05-08 22:00:28.050] [CrestBattleConvergenceLogic] Y.42 [enemy.1] arch: units=0 (empty)
[2026-05-08 22:00:28.050] [CrestBattleConvergenceLogic] Y.42 [enemy.1] cav: units=0 (empty)
[2026-05-08 22:00:33.059] [CrestBattleConvergenceLogic] Y.42 [ally.0] lead=Origand of the Brotherhood's Party tier=2 parity=589 variant=Standard units=226
[2026-05-08 22:00:33.059] [CrestBattleConvergenceLogic] Y.42 [ally.0] inf: units=0 (empty)
[2026-05-08 22:00:33.059] [CrestBattleConvergenceLogic] Y.42 [ally.0] arch: units=226 pos=(0.0,0.0) anchorD=375.7 enemyD=-1.0 engineMove=n/a engineArr=TaleWorlds.MountAndBlade.ArrangementOrder wantMove=TaleWorlds.MountAndBlade.MovementOrder wantArr=TaleWorlds.MountAndBlade.ArrangementOrder beh=Charge
[2026-05-08 22:00:33.059] [CrestBattleConvergenceLogic] Y.42 [ally.0] cav: units=0 (empty)
[2026-05-08 22:00:33.059] [CrestBattleConvergenceLogic] Y.42 [ally.1] lead=Raganvad's Party tier=3 parity=573 variant=Standard units=378
[2026-05-08 22:00:33.059] [CrestBattleConvergenceLogic] Y.42 [ally.1] inf: units=301 pos=(0.0,0.0) anchorD=690.0 enemyD=-1.0 engineMove=n/a engineArr=TaleWorlds.MountAndBlade.ArrangementOrder wantMove=TaleWorlds.MountAndBlade.MovementOrder wantArr=TaleWorlds.MountAndBlade.ArrangementOrder beh=Charge
[2026-05-08 22:00:33.059] [CrestBattleConvergenceLogic] Y.42 [ally.1] arch: units=69 pos=(0.0,0.0) anchorD=701.4 enemyD=-1.0 engineMove=n/a engineArr=TaleWorlds.MountAndBlade.ArrangementOrder wantMove=TaleWorlds.MountAndBlade.MovementOrder wantArr=TaleWorlds.MountAndBlade.ArrangementOrder beh=Charge
[2026-05-08 22:00:33.059] [CrestBattleConvergenceLogic] Y.42 [ally.1] cav: units=8 pos=(0.0,0.0) anchorD=684.4 enemyD=-1.0 engineMove=n/a engineArr=TaleWorlds.MountAndBlade.ArrangementOrder wantMove=TaleWorlds.MountAndBlade.MovementOrder wantArr=TaleWorlds.MountAndBlade.ArrangementOrder beh=Charge
[2026-05-08 22:00:33.059] [CrestBattleConvergenceLogic] Y.42 [enemy.0] lead=Adaltrud's Party tier=2 parity=-573 variant=ShieldWall units=18
[2026-05-08 22:00:33.059] [CrestBattleConvergenceLogic] Y.42 [enemy.0] inf: units=0 (empty)
[2026-05-08 22:00:33.059] [CrestBattleConvergenceLogic] Y.42 [enemy.0] arch: units=0 (empty)
[2026-05-08 22:00:33.059] [CrestBattleConvergenceLogic] Y.42 [enemy.0] cav: units=18 pos=(0.0,0.0) anchorD=684.4 enemyD=-1.0 engineMove=n/a engineArr=TaleWorlds.MountAndBlade.ArrangementOrder wantMove=TaleWorlds.MountAndBlade.MovementOrder wantArr=TaleWorlds.MountAndBlade.ArrangementOrder beh=(unset)
[2026-05-08 22:00:33.059] [CrestBattleConvergenceLogic] Y.42 [enemy.1] lead=Belgir's Party tier=2 parity=-573 variant=ShieldWall units=31
[2026-05-08 22:00:33.059] [CrestBattleConvergenceLogic] Y.42 [enemy.1] inf: units=31 pos=(0.0,0.0) anchorD=385.1 enemyD=-1.0 engineMove=n/a engineArr=TaleWorlds.MountAndBlade.ArrangementOrder wantMove=TaleWorlds.MountAndBlade.MovementOrder wantArr=TaleWorlds.MountAndBlade.ArrangementOrder beh=(unset)
[2026-05-08 22:00:33.059] [CrestBattleConvergenceLogic] Y.42 [enemy.1] arch: units=0 (empty)
[2026-05-08 22:00:33.059] [CrestBattleConvergenceLogic] Y.42 [enemy.1] cav: units=0 (empty)
[2026-05-08 22:00:33.497] [CrestBattleConvergenceLogic] party eliminated: Servic's Party (Vlandia); defActive=3 attActive=5
[2026-05-08 22:00:38.072] [CrestBattleConvergenceLogic] Y.42 [ally.0] lead=Origand of the Brotherhood's Party tier=2 parity=589 variant=Standard units=225
[2026-05-08 22:00:38.072] [CrestBattleConvergenceLogic] Y.42 [ally.0] inf: units=0 (empty)
[2026-05-08 22:00:38.072] [CrestBattleConvergenceLogic] Y.42 [ally.0] arch: units=225 pos=(0.0,0.0) anchorD=375.7 enemyD=-1.0 engineMove=n/a engineArr=TaleWorlds.MountAndBlade.ArrangementOrder wantMove=TaleWorlds.MountAndBlade.MovementOrder wantArr=TaleWorlds.MountAndBlade.ArrangementOrder beh=Charge
[2026-05-08 22:00:38.072] [CrestBattleConvergenceLogic] Y.42 [ally.0] cav: units=0 (empty)
[2026-05-08 22:00:38.072] [CrestBattleConvergenceLogic] Y.42 [ally.1] lead=Raganvad's Party tier=3 parity=573 variant=Standard units=378
[2026-05-08 22:00:38.073] [CrestBattleConvergenceLogic] Y.42 [ally.1] inf: units=301 pos=(0.0,0.0) anchorD=690.0 enemyD=-1.0 engineMove=n/a engineArr=TaleWorlds.MountAndBlade.ArrangementOrder wantMove=TaleWorlds.MountAndBlade.MovementOrder wantArr=TaleWorlds.MountAndBlade.ArrangementOrder beh=Charge
[2026-05-08 22:00:38.073] [CrestBattleConvergenceLogic] Y.42 [ally.1] arch: units=69 pos=(0.0,0.0) anchorD=701.4 enemyD=-1.0 engineMove=n/a engineArr=TaleWorlds.MountAndBlade.ArrangementOrder wantMove=TaleWorlds.MountAndBlade.MovementOrder wantArr=TaleWorlds.MountAndBlade.ArrangementOrder beh=Charge
[2026-05-08 22:00:38.073] [CrestBattleConvergenceLogic] Y.42 [ally.1] cav: units=8 pos=(0.0,0.0) anchorD=684.4 enemyD=-1.0 engineMove=n/a engineArr=TaleWorlds.MountAndBlade.ArrangementOrder wantMove=TaleWorlds.MountAndBlade.MovementOrder wantArr=TaleWorlds.MountAndBlade.ArrangementOrder beh=Charge
[2026-05-08 22:00:38.073] [CrestBattleConvergenceLogic] Y.42 [enemy.0] lead=Adaltrud's Party tier=2 parity=-573 variant=ShieldWall units=10
[2026-05-08 22:00:38.073] [CrestBattleConvergenceLogic] Y.42 [enemy.0] inf: units=0 (empty)
[2026-05-08 22:00:38.073] [CrestBattleConvergenceLogic] Y.42 [enemy.0] arch: units=0 (empty)
[2026-05-08 22:00:38.073] [CrestBattleConvergenceLogic] Y.42 [enemy.0] cav: units=10 pos=(0.0,0.0) anchorD=684.4 enemyD=-1.0 engineMove=n/a engineArr=TaleWorlds.MountAndBlade.ArrangementOrder wantMove=TaleWorlds.MountAndBlade.MovementOrder wantArr=TaleWorlds.MountAndBlade.ArrangementOrder beh=(unset)
[2026-05-08 22:00:38.073] [CrestBattleConvergenceLogic] Y.42 [enemy.1] lead=Belgir's Party tier=2 parity=-573 variant=ShieldWall units=27
[2026-05-08 22:00:38.073] [CrestBattleConvergenceLogic] Y.42 [enemy.1] inf: units=27 pos=(0.0,0.0) anchorD=385.1 enemyD=-1.0 engineMove=n/a engineArr=TaleWorlds.MountAndBlade.ArrangementOrder wantMove=TaleWorlds.MountAndBlade.MovementOrder wantArr=TaleWorlds.MountAndBlade.ArrangementOrder beh=(unset)
[2026-05-08 22:00:38.073] [CrestBattleConvergenceLogic] Y.42 [enemy.1] arch: units=0 (empty)
[2026-05-08 22:00:38.073] [CrestBattleConvergenceLogic] Y.42 [enemy.1] cav: units=0 (empty)
[2026-05-08 22:00:43.087] [CrestBattleConvergenceLogic] Y.42 [ally.0] lead=Origand of the Brotherhood's Party tier=2 parity=589 variant=Standard units=225
[2026-05-08 22:00:43.087] [CrestBattleConvergenceLogic] Y.42 [ally.0] inf: units=0 (empty)
[2026-05-08 22:00:43.087] [CrestBattleConvergenceLogic] Y.42 [ally.0] arch: units=225 pos=(0.0,0.0) anchorD=375.7 enemyD=-1.0 engineMove=n/a engineArr=TaleWorlds.MountAndBlade.ArrangementOrder wantMove=TaleWorlds.MountAndBlade.MovementOrder wantArr=TaleWorlds.MountAndBlade.ArrangementOrder beh=Charge
[2026-05-08 22:00:43.087] [CrestBattleConvergenceLogic] Y.42 [ally.0] cav: units=0 (empty)
[2026-05-08 22:00:43.087] [CrestBattleConvergenceLogic] Y.42 [ally.1] lead=Raganvad's Party tier=3 parity=600 variant=Standard units=378
[2026-05-08 22:00:43.087] [CrestBattleConvergenceLogic] Y.42 [ally.1] inf: units=301 pos=(0.0,0.0) anchorD=690.0 enemyD=-1.0 engineMove=n/a engineArr=TaleWorlds.MountAndBlade.ArrangementOrder wantMove=TaleWorlds.MountAndBlade.MovementOrder wantArr=TaleWorlds.MountAndBlade.ArrangementOrder beh=Charge
[2026-05-08 22:00:43.087] [CrestBattleConvergenceLogic] Y.42 [ally.1] arch: units=69 pos=(0.0,0.0) anchorD=701.4 enemyD=-1.0 engineMove=n/a engineArr=TaleWorlds.MountAndBlade.ArrangementOrder wantMove=TaleWorlds.MountAndBlade.MovementOrder wantArr=TaleWorlds.MountAndBlade.ArrangementOrder beh=Charge
[2026-05-08 22:00:43.087] [CrestBattleConvergenceLogic] Y.42 [ally.1] cav: units=8 pos=(0.0,0.0) anchorD=684.4 enemyD=-1.0 engineMove=n/a engineArr=TaleWorlds.MountAndBlade.ArrangementOrder wantMove=TaleWorlds.MountAndBlade.MovementOrder wantArr=TaleWorlds.MountAndBlade.ArrangementOrder beh=Charge
[2026-05-08 22:00:43.087] [CrestBattleConvergenceLogic] Y.42 [enemy.0] lead=Adaltrud's Party tier=2 parity=-600 variant=ShieldWall units=5
[2026-05-08 22:00:43.087] [CrestBattleConvergenceLogic] Y.42 [enemy.0] inf: units=0 (empty)
[2026-05-08 22:00:43.087] [CrestBattleConvergenceLogic] Y.42 [enemy.0] arch: units=0 (empty)
[2026-05-08 22:00:43.087] [CrestBattleConvergenceLogic] Y.42 [enemy.0] cav: units=5 pos=(0.0,0.0) anchorD=684.4 enemyD=-1.0 engineMove=n/a engineArr=TaleWorlds.MountAndBlade.ArrangementOrder wantMove=TaleWorlds.MountAndBlade.MovementOrder wantArr=TaleWorlds.MountAndBlade.ArrangementOrder beh=(unset)
[2026-05-08 22:00:43.087] [CrestBattleConvergenceLogic] Y.42 [enemy.1] lead=Belgir's Party tier=2 parity=-600 variant=ShieldWall units=23
[2026-05-08 22:00:43.087] [CrestBattleConvergenceLogic] Y.42 [enemy.1] inf: units=23 pos=(0.0,0.0) anchorD=385.1 enemyD=-1.0 engineMove=n/a engineArr=TaleWorlds.MountAndBlade.ArrangementOrder wantMove=TaleWorlds.MountAndBlade.MovementOrder wantArr=TaleWorlds.MountAndBlade.ArrangementOrder beh=(unset)
[2026-05-08 22:00:43.087] [CrestBattleConvergenceLogic] Y.42 [enemy.1] arch: units=0 (empty)
[2026-05-08 22:00:43.087] [CrestBattleConvergenceLogic] Y.42 [enemy.1] cav: units=0 (empty)
[2026-05-08 22:00:48.098] [CrestBattleConvergenceLogic] Y.42 [ally.0] lead=Origand of the Brotherhood's Party tier=2 parity=611 variant=Standard units=225
[2026-05-08 22:00:48.098] [CrestBattleConvergenceLogic] Y.42 [ally.0] inf: units=0 (empty)
[2026-05-08 22:00:48.098] [CrestBattleConvergenceLogic] Y.42 [ally.0] arch: units=225 pos=(0.0,0.0) anchorD=375.7 enemyD=-1.0 engineMove=n/a engineArr=TaleWorlds.MountAndBlade.ArrangementOrder wantMove=TaleWorlds.MountAndBlade.MovementOrder wantArr=TaleWorlds.MountAndBlade.ArrangementOrder beh=Charge
[2026-05-08 22:00:48.098] [CrestBattleConvergenceLogic] Y.42 [ally.0] cav: units=0 (empty)
[2026-05-08 22:00:48.098] [CrestBattleConvergenceLogic] Y.42 [ally.1] lead=Raganvad's Party tier=3 parity=600 variant=Standard units=378
[2026-05-08 22:00:48.098] [CrestBattleConvergenceLogic] Y.42 [ally.1] inf: units=301 pos=(0.0,0.0) anchorD=690.0 enemyD=-1.0 engineMove=n/a engineArr=TaleWorlds.MountAndBlade.ArrangementOrder wantMove=TaleWorlds.MountAndBlade.MovementOrder wantArr=TaleWorlds.MountAndBlade.ArrangementOrder beh=Charge
[2026-05-08 22:00:48.098] [CrestBattleConvergenceLogic] Y.42 [ally.1] arch: units=69 pos=(0.0,0.0) anchorD=701.4 enemyD=-1.0 engineMove=n/a engineArr=TaleWorlds.MountAndBlade.ArrangementOrder wantMove=TaleWorlds.MountAndBlade.MovementOrder wantArr=TaleWorlds.MountAndBlade.ArrangementOrder beh=Charge
[2026-05-08 22:00:48.098] [CrestBattleConvergenceLogic] Y.42 [ally.1] cav: units=8 pos=(0.0,0.0) anchorD=684.4 enemyD=-1.0 engineMove=n/a engineArr=TaleWorlds.MountAndBlade.ArrangementOrder wantMove=TaleWorlds.MountAndBlade.MovementOrder wantArr=TaleWorlds.MountAndBlade.ArrangementOrder beh=Charge
[2026-05-08 22:00:48.098] [CrestBattleConvergenceLogic] Y.42 [enemy.0] lead=Adaltrud's Party tier=2 parity=-600 variant=ShieldWall units=5
[2026-05-08 22:00:48.098] [CrestBattleConvergenceLogic] Y.42 [enemy.0] inf: units=0 (empty)
[2026-05-08 22:00:48.098] [CrestBattleConvergenceLogic] Y.42 [enemy.0] arch: units=0 (empty)
[2026-05-08 22:00:48.098] [CrestBattleConvergenceLogic] Y.42 [enemy.0] cav: units=5 pos=(0.0,0.0) anchorD=684.4 enemyD=-1.0 engineMove=n/a engineArr=TaleWorlds.MountAndBlade.ArrangementOrder wantMove=TaleWorlds.MountAndBlade.MovementOrder wantArr=TaleWorlds.MountAndBlade.ArrangementOrder beh=(unset)
[2026-05-08 22:00:48.098] [CrestBattleConvergenceLogic] Y.42 [enemy.1] lead=Belgir's Party tier=2 parity=-600 variant=ShieldWall units=19
[2026-05-08 22:00:48.098] [CrestBattleConvergenceLogic] Y.42 [enemy.1] inf: units=19 pos=(0.0,0.0) anchorD=385.1 enemyD=-1.0 engineMove=n/a engineArr=TaleWorlds.MountAndBlade.ArrangementOrder wantMove=TaleWorlds.MountAndBlade.MovementOrder wantArr=TaleWorlds.MountAndBlade.ArrangementOrder beh=(unset)
[2026-05-08 22:00:48.098] [CrestBattleConvergenceLogic] Y.42 [enemy.1] arch: units=0 (empty)
[2026-05-08 22:00:48.098] [CrestBattleConvergenceLogic] Y.42 [enemy.1] cav: units=0 (empty)
[2026-05-08 22:00:53.105] [CrestBattleConvergenceLogic] Y.42 [ally.0] lead=Origand of the Brotherhood's Party tier=2 parity=611 variant=Standard units=224
[2026-05-08 22:00:53.105] [CrestBattleConvergenceLogic] Y.42 [ally.0] inf: units=0 (empty)
[2026-05-08 22:00:53.105] [CrestBattleConvergenceLogic] Y.42 [ally.0] arch: units=224 pos=(0.0,0.0) anchorD=375.7 enemyD=-1.0 engineMove=n/a engineArr=TaleWorlds.MountAndBlade.ArrangementOrder wantMove=TaleWorlds.MountAndBlade.MovementOrder wantArr=TaleWorlds.MountAndBlade.ArrangementOrder beh=Charge
[2026-05-08 22:00:53.105] [CrestBattleConvergenceLogic] Y.42 [ally.0] cav: units=0 (empty)
[2026-05-08 22:00:53.105] [CrestBattleConvergenceLogic] Y.42 [ally.1] lead=Raganvad's Party tier=3 parity=600 variant=Standard units=378
[2026-05-08 22:00:53.105] [CrestBattleConvergenceLogic] Y.42 [ally.1] inf: units=301 pos=(0.0,0.0) anchorD=690.0 enemyD=-1.0 engineMove=n/a engineArr=TaleWorlds.MountAndBlade.ArrangementOrder wantMove=TaleWorlds.MountAndBlade.MovementOrder wantArr=TaleWorlds.MountAndBlade.ArrangementOrder beh=Charge
[2026-05-08 22:00:53.105] [CrestBattleConvergenceLogic] Y.42 [ally.1] arch: units=69 pos=(0.0,0.0) anchorD=701.4 enemyD=-1.0 engineMove=n/a engineArr=TaleWorlds.MountAndBlade.ArrangementOrder wantMove=TaleWorlds.MountAndBlade.MovementOrder wantArr=TaleWorlds.MountAndBlade.ArrangementOrder beh=Charge
[2026-05-08 22:00:53.105] [CrestBattleConvergenceLogic] Y.42 [ally.1] cav: units=8 pos=(0.0,0.0) anchorD=684.4 enemyD=-1.0 engineMove=n/a engineArr=TaleWorlds.MountAndBlade.ArrangementOrder wantMove=TaleWorlds.MountAndBlade.MovementOrder wantArr=TaleWorlds.MountAndBlade.ArrangementOrder beh=Charge
[2026-05-08 22:00:53.105] [CrestBattleConvergenceLogic] Y.42 [enemy.0] lead=Adaltrud's Party tier=2 parity=-600 variant=ShieldWall units=5
[2026-05-08 22:00:53.105] [CrestBattleConvergenceLogic] Y.42 [enemy.0] inf: units=0 (empty)
[2026-05-08 22:00:53.105] [CrestBattleConvergenceLogic] Y.42 [enemy.0] arch: units=0 (empty)
[2026-05-08 22:00:53.105] [CrestBattleConvergenceLogic] Y.42 [enemy.0] cav: units=5 pos=(0.0,0.0) anchorD=684.4 enemyD=-1.0 engineMove=n/a engineArr=TaleWorlds.MountAndBlade.ArrangementOrder wantMove=TaleWorlds.MountAndBlade.MovementOrder wantArr=TaleWorlds.MountAndBlade.ArrangementOrder beh=(unset)
[2026-05-08 22:00:53.105] [CrestBattleConvergenceLogic] Y.42 [enemy.1] lead=Belgir's Party tier=2 parity=-600 variant=ShieldWall units=17
[2026-05-08 22:00:53.105] [CrestBattleConvergenceLogic] Y.42 [enemy.1] inf: units=17 pos=(0.0,0.0) anchorD=385.1 enemyD=-1.0 engineMove=n/a engineArr=TaleWorlds.MountAndBlade.ArrangementOrder wantMove=TaleWorlds.MountAndBlade.MovementOrder wantArr=TaleWorlds.MountAndBlade.ArrangementOrder beh=(unset)
[2026-05-08 22:00:53.105] [CrestBattleConvergenceLogic] Y.42 [enemy.1] arch: units=0 (empty)
[2026-05-08 22:00:53.105] [CrestBattleConvergenceLogic] Y.42 [enemy.1] cav: units=0 (empty)
[2026-05-08 22:00:58.110] [CrestBattleConvergenceLogic] Y.42 [ally.0] lead=Origand of the Brotherhood's Party tier=2 parity=611 variant=Standard units=223
[2026-05-08 22:00:58.110] [CrestBattleConvergenceLogic] Y.42 [ally.0] inf: units=0 (empty)
[2026-05-08 22:00:58.110] [CrestBattleConvergenceLogic] Y.42 [ally.0] arch: units=223 pos=(0.0,0.0) anchorD=375.7 enemyD=-1.0 engineMove=n/a engineArr=TaleWorlds.MountAndBlade.ArrangementOrder wantMove=TaleWorlds.MountAndBlade.MovementOrder wantArr=TaleWorlds.MountAndBlade.ArrangementOrder beh=Charge
[2026-05-08 22:00:58.110] [CrestBattleConvergenceLogic] Y.42 [ally.0] cav: units=0 (empty)
[2026-05-08 22:00:58.110] [CrestBattleConvergenceLogic] Y.42 [ally.1] lead=Raganvad's Party tier=3 parity=616 variant=Standard units=378
[2026-05-08 22:00:58.110] [CrestBattleConvergenceLogic] Y.42 [ally.1] inf: units=301 pos=(0.0,0.0) anchorD=690.0 enemyD=-1.0 engineMove=n/a engineArr=TaleWorlds.MountAndBlade.ArrangementOrder wantMove=TaleWorlds.MountAndBlade.MovementOrder wantArr=TaleWorlds.MountAndBlade.ArrangementOrder beh=Charge
[2026-05-08 22:00:58.110] [CrestBattleConvergenceLogic] Y.42 [ally.1] arch: units=69 pos=(0.0,0.0) anchorD=701.4 enemyD=-1.0 engineMove=n/a engineArr=TaleWorlds.MountAndBlade.ArrangementOrder wantMove=TaleWorlds.MountAndBlade.MovementOrder wantArr=TaleWorlds.MountAndBlade.ArrangementOrder beh=Charge
[2026-05-08 22:00:58.110] [CrestBattleConvergenceLogic] Y.42 [ally.1] cav: units=8 pos=(0.0,0.0) anchorD=684.4 enemyD=-1.0 engineMove=n/a engineArr=TaleWorlds.MountAndBlade.ArrangementOrder wantMove=TaleWorlds.MountAndBlade.MovementOrder wantArr=TaleWorlds.MountAndBlade.ArrangementOrder beh=Charge
[2026-05-08 22:00:58.110] [CrestBattleConvergenceLogic] Y.42 [enemy.0] lead=Adaltrud's Party tier=2 parity=-616 variant=ShieldWall units=5
[2026-05-08 22:00:58.110] [CrestBattleConvergenceLogic] Y.42 [enemy.0] inf: units=0 (empty)
[2026-05-08 22:00:58.110] [CrestBattleConvergenceLogic] Y.42 [enemy.0] arch: units=0 (empty)
[2026-05-08 22:00:58.110] [CrestBattleConvergenceLogic] Y.42 [enemy.0] cav: units=5 pos=(0.0,0.0) anchorD=684.4 enemyD=-1.0 engineMove=n/a engineArr=TaleWorlds.MountAndBlade.ArrangementOrder wantMove=TaleWorlds.MountAndBlade.MovementOrder wantArr=TaleWorlds.MountAndBlade.ArrangementOrder beh=(unset)
[2026-05-08 22:00:58.110] [CrestBattleConvergenceLogic] Y.42 [enemy.1] lead=Belgir's Party tier=2 parity=-616 variant=ShieldWall units=14
[2026-05-08 22:00:58.110] [CrestBattleConvergenceLogic] Y.42 [enemy.1] inf: units=14 pos=(0.0,0.0) anchorD=385.1 enemyD=-1.0 engineMove=n/a engineArr=TaleWorlds.MountAndBlade.ArrangementOrder wantMove=TaleWorlds.MountAndBlade.MovementOrder wantArr=TaleWorlds.MountAndBlade.ArrangementOrder beh=(unset)
[2026-05-08 22:00:58.110] [CrestBattleConvergenceLogic] Y.42 [enemy.1] arch: units=0 (empty)
[2026-05-08 22:00:58.110] [CrestBattleConvergenceLogic] Y.42 [enemy.1] cav: units=0 (empty)
[2026-05-08 22:01:03.122] [CrestBattleConvergenceLogic] Y.42 [ally.0] lead=Origand of the Brotherhood's Party tier=2 parity=621 variant=Standard units=223
[2026-05-08 22:01:03.122] [CrestBattleConvergenceLogic] Y.42 [ally.0] inf: units=0 (empty)
[2026-05-08 22:01:03.122] [CrestBattleConvergenceLogic] Y.42 [ally.0] arch: units=223 pos=(0.0,0.0) anchorD=375.7 enemyD=-1.0 engineMove=n/a engineArr=TaleWorlds.MountAndBlade.ArrangementOrder wantMove=TaleWorlds.MountAndBlade.MovementOrder wantArr=TaleWorlds.MountAndBlade.ArrangementOrder beh=Charge
[2026-05-08 22:01:03.122] [CrestBattleConvergenceLogic] Y.42 [ally.0] cav: units=0 (empty)
[2026-05-08 22:01:03.122] [CrestBattleConvergenceLogic] Y.42 [ally.1] lead=Raganvad's Party tier=3 parity=616 variant=Standard units=378
[2026-05-08 22:01:03.122] [CrestBattleConvergenceLogic] Y.42 [ally.1] inf: units=301 pos=(0.0,0.0) anchorD=690.0 enemyD=-1.0 engineMove=n/a engineArr=TaleWorlds.MountAndBlade.ArrangementOrder wantMove=TaleWorlds.MountAndBlade.MovementOrder wantArr=TaleWorlds.MountAndBlade.ArrangementOrder beh=Charge
[2026-05-08 22:01:03.122] [CrestBattleConvergenceLogic] Y.42 [ally.1] arch: units=69 pos=(0.0,0.0) anchorD=701.4 enemyD=-1.0 engineMove=n/a engineArr=TaleWorlds.MountAndBlade.ArrangementOrder wantMove=TaleWorlds.MountAndBlade.MovementOrder wantArr=TaleWorlds.MountAndBlade.ArrangementOrder beh=Charge
[2026-05-08 22:01:03.122] [CrestBattleConvergenceLogic] Y.42 [ally.1] cav: units=8 pos=(0.0,0.0) anchorD=684.4 enemyD=-1.0 engineMove=n/a engineArr=TaleWorlds.MountAndBlade.ArrangementOrder wantMove=TaleWorlds.MountAndBlade.MovementOrder wantArr=TaleWorlds.MountAndBlade.ArrangementOrder beh=Charge
[2026-05-08 22:01:03.122] [CrestBattleConvergenceLogic] Y.42 [enemy.0] lead=Adaltrud's Party tier=2 parity=-616 variant=ShieldWall units=5
[2026-05-08 22:01:03.122] [CrestBattleConvergenceLogic] Y.42 [enemy.0] inf: units=0 (empty)
[2026-05-08 22:01:03.122] [CrestBattleConvergenceLogic] Y.42 [enemy.0] arch: units=0 (empty)
[2026-05-08 22:01:03.122] [CrestBattleConvergenceLogic] Y.42 [enemy.0] cav: units=5 pos=(0.0,0.0) anchorD=684.4 enemyD=-1.0 engineMove=n/a engineArr=TaleWorlds.MountAndBlade.ArrangementOrder wantMove=TaleWorlds.MountAndBlade.MovementOrder wantArr=TaleWorlds.MountAndBlade.ArrangementOrder beh=(unset)
[2026-05-08 22:01:03.122] [CrestBattleConvergenceLogic] Y.42 [enemy.1] lead=Belgir's Party tier=2 parity=-616 variant=ShieldWall units=10
[2026-05-08 22:01:03.122] [CrestBattleConvergenceLogic] Y.42 [enemy.1] inf: units=10 pos=(0.0,0.0) anchorD=385.1 enemyD=-1.0 engineMove=n/a engineArr=TaleWorlds.MountAndBlade.ArrangementOrder wantMove=TaleWorlds.MountAndBlade.MovementOrder wantArr=TaleWorlds.MountAndBlade.ArrangementOrder beh=(unset)
[2026-05-08 22:01:03.122] [CrestBattleConvergenceLogic] Y.42 [enemy.1] arch: units=0 (empty)
[2026-05-08 22:01:03.122] [CrestBattleConvergenceLogic] Y.42 [enemy.1] cav: units=0 (empty)
[2026-05-08 22:01:08.133] [CrestBattleConvergenceLogic] Y.42 [ally.0] lead=Origand of the Brotherhood's Party tier=2 parity=621 variant=Standard units=223
[2026-05-08 22:01:08.133] [CrestBattleConvergenceLogic] Y.42 [ally.0] inf: units=0 (empty)
[2026-05-08 22:01:08.133] [CrestBattleConvergenceLogic] Y.42 [ally.0] arch: units=223 pos=(0.0,0.0) anchorD=375.7 enemyD=-1.0 engineMove=n/a engineArr=TaleWorlds.MountAndBlade.ArrangementOrder wantMove=TaleWorlds.MountAndBlade.MovementOrder wantArr=TaleWorlds.MountAndBlade.ArrangementOrder beh=Charge
[2026-05-08 22:01:08.133] [CrestBattleConvergenceLogic] Y.42 [ally.0] cav: units=0 (empty)
[2026-05-08 22:01:08.133] [CrestBattleConvergenceLogic] Y.42 [ally.1] lead=Raganvad's Party tier=3 parity=616 variant=Standard units=378
[2026-05-08 22:01:08.133] [CrestBattleConvergenceLogic] Y.42 [ally.1] inf: units=301 pos=(0.0,0.0) anchorD=690.0 enemyD=-1.0 engineMove=n/a engineArr=TaleWorlds.MountAndBlade.ArrangementOrder wantMove=TaleWorlds.MountAndBlade.MovementOrder wantArr=TaleWorlds.MountAndBlade.ArrangementOrder beh=Charge
[2026-05-08 22:01:08.133] [CrestBattleConvergenceLogic] Y.42 [ally.1] arch: units=69 pos=(0.0,0.0) anchorD=701.4 enemyD=-1.0 engineMove=n/a engineArr=TaleWorlds.MountAndBlade.ArrangementOrder wantMove=TaleWorlds.MountAndBlade.MovementOrder wantArr=TaleWorlds.MountAndBlade.ArrangementOrder beh=Charge
[2026-05-08 22:01:08.133] [CrestBattleConvergenceLogic] Y.42 [ally.1] cav: units=8 pos=(0.0,0.0) anchorD=684.4 enemyD=-1.0 engineMove=n/a engineArr=TaleWorlds.MountAndBlade.ArrangementOrder wantMove=TaleWorlds.MountAndBlade.MovementOrder wantArr=TaleWorlds.MountAndBlade.ArrangementOrder beh=Charge
[2026-05-08 22:01:08.133] [CrestBattleConvergenceLogic] Y.42 [enemy.0] lead=Adaltrud's Party tier=2 parity=-616 variant=ShieldWall units=3
[2026-05-08 22:01:08.133] [CrestBattleConvergenceLogic] Y.42 [enemy.0] inf: units=0 (empty)
[2026-05-08 22:01:08.133] [CrestBattleConvergenceLogic] Y.42 [enemy.0] arch: units=0 (empty)
[2026-05-08 22:01:08.133] [CrestBattleConvergenceLogic] Y.42 [enemy.0] cav: units=3 pos=(0.0,0.0) anchorD=684.4 enemyD=-1.0 engineMove=n/a engineArr=TaleWorlds.MountAndBlade.ArrangementOrder wantMove=TaleWorlds.MountAndBlade.MovementOrder wantArr=TaleWorlds.MountAndBlade.ArrangementOrder beh=(unset)
[2026-05-08 22:01:08.133] [CrestBattleConvergenceLogic] Y.42 [enemy.1] lead=Belgir's Party tier=2 parity=-616 variant=ShieldWall units=10
[2026-05-08 22:01:08.133] [CrestBattleConvergenceLogic] Y.42 [enemy.1] inf: units=10 pos=(0.0,0.0) anchorD=385.1 enemyD=-1.0 engineMove=n/a engineArr=TaleWorlds.MountAndBlade.ArrangementOrder wantMove=TaleWorlds.MountAndBlade.MovementOrder wantArr=TaleWorlds.MountAndBlade.ArrangementOrder beh=(unset)
[2026-05-08 22:01:08.133] [CrestBattleConvergenceLogic] Y.42 [enemy.1] arch: units=0 (empty)
[2026-05-08 22:01:08.133] [CrestBattleConvergenceLogic] Y.42 [enemy.1] cav: units=0 (empty)
[2026-05-08 22:01:13.139] [CrestBattleConvergenceLogic] Y.42 [ally.0] lead=Origand of the Brotherhood's Party tier=2 parity=621 variant=Standard units=223
[2026-05-08 22:01:13.139] [CrestBattleConvergenceLogic] Y.42 [ally.0] inf: units=0 (empty)
[2026-05-08 22:01:13.139] [CrestBattleConvergenceLogic] Y.42 [ally.0] arch: units=223 pos=(0.0,0.0) anchorD=375.7 enemyD=-1.0 engineMove=n/a engineArr=TaleWorlds.MountAndBlade.ArrangementOrder wantMove=TaleWorlds.MountAndBlade.MovementOrder wantArr=TaleWorlds.MountAndBlade.ArrangementOrder beh=Charge
[2026-05-08 22:01:13.139] [CrestBattleConvergenceLogic] Y.42 [ally.0] cav: units=0 (empty)
[2026-05-08 22:01:13.139] [CrestBattleConvergenceLogic] Y.42 [ally.1] lead=Raganvad's Party tier=3 parity=626 variant=Standard units=378
[2026-05-08 22:01:13.139] [CrestBattleConvergenceLogic] Y.42 [ally.1] inf: units=301 pos=(0.0,0.0) anchorD=690.0 enemyD=-1.0 engineMove=n/a engineArr=TaleWorlds.MountAndBlade.ArrangementOrder wantMove=TaleWorlds.MountAndBlade.MovementOrder wantArr=TaleWorlds.MountAndBlade.ArrangementOrder beh=Charge
[2026-05-08 22:01:13.139] [CrestBattleConvergenceLogic] Y.42 [ally.1] arch: units=69 pos=(0.0,0.0) anchorD=701.4 enemyD=-1.0 engineMove=n/a engineArr=TaleWorlds.MountAndBlade.ArrangementOrder wantMove=TaleWorlds.MountAndBlade.MovementOrder wantArr=TaleWorlds.MountAndBlade.ArrangementOrder beh=Charge
[2026-05-08 22:01:13.139] [CrestBattleConvergenceLogic] Y.42 [ally.1] cav: units=8 pos=(0.0,0.0) anchorD=684.4 enemyD=-1.0 engineMove=n/a engineArr=TaleWorlds.MountAndBlade.ArrangementOrder wantMove=TaleWorlds.MountAndBlade.MovementOrder wantArr=TaleWorlds.MountAndBlade.ArrangementOrder beh=Charge
[2026-05-08 22:01:13.139] [CrestBattleConvergenceLogic] Y.42 [enemy.0] lead=Adaltrud's Party tier=2 parity=-626 variant=ShieldWall units=2
[2026-05-08 22:01:13.139] [CrestBattleConvergenceLogic] Y.42 [enemy.0] inf: units=0 (empty)
[2026-05-08 22:01:13.139] [CrestBattleConvergenceLogic] Y.42 [enemy.0] arch: units=0 (empty)
[2026-05-08 22:01:13.139] [CrestBattleConvergenceLogic] Y.42 [enemy.0] cav: units=2 pos=(0.0,0.0) anchorD=684.4 enemyD=-1.0 engineMove=n/a engineArr=TaleWorlds.MountAndBlade.ArrangementOrder wantMove=TaleWorlds.MountAndBlade.MovementOrder wantArr=TaleWorlds.MountAndBlade.ArrangementOrder beh=(unset)
[2026-05-08 22:01:13.139] [CrestBattleConvergenceLogic] Y.42 [enemy.1] lead=Belgir's Party tier=2 parity=-626 variant=ShieldWall units=6
[2026-05-08 22:01:13.139] [CrestBattleConvergenceLogic] Y.42 [enemy.1] inf: units=6 pos=(0.0,0.0) anchorD=385.1 enemyD=-1.0 engineMove=n/a engineArr=TaleWorlds.MountAndBlade.ArrangementOrder wantMove=TaleWorlds.MountAndBlade.MovementOrder wantArr=TaleWorlds.MountAndBlade.ArrangementOrder beh=(unset)
[2026-05-08 22:01:13.139] [CrestBattleConvergenceLogic] Y.42 [enemy.1] arch: units=0 (empty)
[2026-05-08 22:01:13.139] [CrestBattleConvergenceLogic] Y.42 [enemy.1] cav: units=0 (empty)
[2026-05-08 22:01:18.145] [CrestBattleConvergenceLogic] Y.42 [ally.0] lead=Origand of the Brotherhood's Party tier=2 parity=631 variant=Standard units=223
[2026-05-08 22:01:18.145] [CrestBattleConvergenceLogic] Y.42 [ally.0] inf: units=0 (empty)
[2026-05-08 22:01:18.145] [CrestBattleConvergenceLogic] Y.42 [ally.0] arch: units=223 pos=(0.0,0.0) anchorD=375.7 enemyD=-1.0 engineMove=n/a engineArr=TaleWorlds.MountAndBlade.ArrangementOrder wantMove=TaleWorlds.MountAndBlade.MovementOrder wantArr=TaleWorlds.MountAndBlade.ArrangementOrder beh=Charge
[2026-05-08 22:01:18.145] [CrestBattleConvergenceLogic] Y.42 [ally.0] cav: units=0 (empty)
[2026-05-08 22:01:18.145] [CrestBattleConvergenceLogic] Y.42 [ally.1] lead=Raganvad's Party tier=3 parity=626 variant=Standard units=378
[2026-05-08 22:01:18.145] [CrestBattleConvergenceLogic] Y.42 [ally.1] inf: units=301 pos=(0.0,0.0) anchorD=690.0 enemyD=-1.0 engineMove=n/a engineArr=TaleWorlds.MountAndBlade.ArrangementOrder wantMove=TaleWorlds.MountAndBlade.MovementOrder wantArr=TaleWorlds.MountAndBlade.ArrangementOrder beh=Charge
[2026-05-08 22:01:18.145] [CrestBattleConvergenceLogic] Y.42 [ally.1] arch: units=69 pos=(0.0,0.0) anchorD=701.4 enemyD=-1.0 engineMove=n/a engineArr=TaleWorlds.MountAndBlade.ArrangementOrder wantMove=TaleWorlds.MountAndBlade.MovementOrder wantArr=TaleWorlds.MountAndBlade.ArrangementOrder beh=Charge
[2026-05-08 22:01:18.145] [CrestBattleConvergenceLogic] Y.42 [ally.1] cav: units=8 pos=(0.0,0.0) anchorD=684.4 enemyD=-1.0 engineMove=n/a engineArr=TaleWorlds.MountAndBlade.ArrangementOrder wantMove=TaleWorlds.MountAndBlade.MovementOrder wantArr=TaleWorlds.MountAndBlade.ArrangementOrder beh=Charge
[2026-05-08 22:01:18.145] [CrestBattleConvergenceLogic] Y.42 [enemy.0] lead=Adaltrud's Party tier=2 parity=-626 variant=ShieldWall units=2
[2026-05-08 22:01:18.145] [CrestBattleConvergenceLogic] Y.42 [enemy.0] inf: units=0 (empty)
[2026-05-08 22:01:18.145] [CrestBattleConvergenceLogic] Y.42 [enemy.0] arch: units=0 (empty)
[2026-05-08 22:01:18.145] [CrestBattleConvergenceLogic] Y.42 [enemy.0] cav: units=2 pos=(0.0,0.0) anchorD=684.4 enemyD=-1.0 engineMove=n/a engineArr=TaleWorlds.MountAndBlade.ArrangementOrder wantMove=TaleWorlds.MountAndBlade.MovementOrder wantArr=TaleWorlds.MountAndBlade.ArrangementOrder beh=(unset)
[2026-05-08 22:01:18.145] [CrestBattleConvergenceLogic] Y.42 [enemy.1] lead=Belgir's Party tier=2 parity=-626 variant=ShieldWall units=5
[2026-05-08 22:01:18.145] [CrestBattleConvergenceLogic] Y.42 [enemy.1] inf: units=5 pos=(0.0,0.0) anchorD=385.1 enemyD=-1.0 engineMove=n/a engineArr=TaleWorlds.MountAndBlade.ArrangementOrder wantMove=TaleWorlds.MountAndBlade.MovementOrder wantArr=TaleWorlds.MountAndBlade.ArrangementOrder beh=(unset)
[2026-05-08 22:01:18.145] [CrestBattleConvergenceLogic] Y.42 [enemy.1] arch: units=0 (empty)
[2026-05-08 22:01:18.145] [CrestBattleConvergenceLogic] Y.42 [enemy.1] cav: units=0 (empty)
[2026-05-08 22:01:21.539] [CrestBattleConvergenceLogic] party eliminated: Ecarand's Party (Vlandia); defActive=2 attActive=5
[2026-05-08 22:01:23.157] [CrestBattleConvergenceLogic] Y.42 [ally.0] lead=Origand of the Brotherhood's Party tier=2 parity=631 variant=Standard units=223
[2026-05-08 22:01:23.157] [CrestBattleConvergenceLogic] Y.42 [ally.0] inf: units=0 (empty)
[2026-05-08 22:01:23.157] [CrestBattleConvergenceLogic] Y.42 [ally.0] arch: units=223 pos=(0.0,0.0) anchorD=375.7 enemyD=-1.0 engineMove=n/a engineArr=TaleWorlds.MountAndBlade.ArrangementOrder wantMove=TaleWorlds.MountAndBlade.MovementOrder wantArr=TaleWorlds.MountAndBlade.ArrangementOrder beh=Charge
[2026-05-08 22:01:23.157] [CrestBattleConvergenceLogic] Y.42 [ally.0] cav: units=0 (empty)
[2026-05-08 22:01:23.157] [CrestBattleConvergenceLogic] Y.42 [ally.1] lead=Raganvad's Party tier=3 parity=626 variant=Standard units=378
[2026-05-08 22:01:23.157] [CrestBattleConvergenceLogic] Y.42 [ally.1] inf: units=301 pos=(0.0,0.0) anchorD=690.0 enemyD=-1.0 engineMove=n/a engineArr=TaleWorlds.MountAndBlade.ArrangementOrder wantMove=TaleWorlds.MountAndBlade.MovementOrder wantArr=TaleWorlds.MountAndBlade.ArrangementOrder beh=Charge
[2026-05-08 22:01:23.157] [CrestBattleConvergenceLogic] Y.42 [ally.1] arch: units=69 pos=(0.0,0.0) anchorD=701.4 enemyD=-1.0 engineMove=n/a engineArr=TaleWorlds.MountAndBlade.ArrangementOrder wantMove=TaleWorlds.MountAndBlade.MovementOrder wantArr=TaleWorlds.MountAndBlade.ArrangementOrder beh=Charge
[2026-05-08 22:01:23.157] [CrestBattleConvergenceLogic] Y.42 [ally.1] cav: units=8 pos=(0.0,0.0) anchorD=684.4 enemyD=-1.0 engineMove=n/a engineArr=TaleWorlds.MountAndBlade.ArrangementOrder wantMove=TaleWorlds.MountAndBlade.MovementOrder wantArr=TaleWorlds.MountAndBlade.ArrangementOrder beh=Charge
[2026-05-08 22:01:23.157] [CrestBattleConvergenceLogic] Y.42 [enemy.0] lead=Adaltrud's Party tier=2 parity=-626 variant=ShieldWall units=1
[2026-05-08 22:01:23.157] [CrestBattleConvergenceLogic] Y.42 [enemy.0] inf: units=0 (empty)
[2026-05-08 22:01:23.157] [CrestBattleConvergenceLogic] Y.42 [enemy.0] arch: units=0 (empty)
[2026-05-08 22:01:23.157] [CrestBattleConvergenceLogic] Y.42 [enemy.0] cav: units=1 pos=(0.0,0.0) anchorD=684.4 enemyD=-1.0 engineMove=n/a engineArr=TaleWorlds.MountAndBlade.ArrangementOrder wantMove=TaleWorlds.MountAndBlade.MovementOrder wantArr=TaleWorlds.MountAndBlade.ArrangementOrder beh=(unset)
[2026-05-08 22:01:23.157] [CrestBattleConvergenceLogic] Y.42 [enemy.1] lead=Belgir's Party tier=2 parity=-626 variant=ShieldWall units=4
[2026-05-08 22:01:23.157] [CrestBattleConvergenceLogic] Y.42 [enemy.1] inf: units=4 pos=(0.0,0.0) anchorD=385.1 enemyD=-1.0 engineMove=n/a engineArr=TaleWorlds.MountAndBlade.ArrangementOrder wantMove=TaleWorlds.MountAndBlade.MovementOrder wantArr=TaleWorlds.MountAndBlade.ArrangementOrder beh=(unset)
[2026-05-08 22:01:23.157] [CrestBattleConvergenceLogic] Y.42 [enemy.1] arch: units=0 (empty)
[2026-05-08 22:01:23.157] [CrestBattleConvergenceLogic] Y.42 [enemy.1] cav: units=0 (empty)
[2026-05-08 22:01:24.208] [CrestBattleConvergenceLogic] Y.30C-C: MapEventSide instance methods taking MobileParty: AddNearbyPartyToPlayerMapEvent, 
[2026-05-08 22:01:24.208] [CrestBattleConvergenceLogic] Y.30C-C: all MapEventSide instance methods (declared): AutoGeneratedInstanceCollectObjects, GetTroops, GetTotalHealthyHeroCountOfSide, CountTroops, GetTotalHealthyTroopCountOfSide, CacheLeaderSimulationModifier, AddPartyInternal, RemovePartyInternal, RecalculateMemberCountOfSide, RecalculateStrengthOfSide, IsMainPartyAmongParties, CalculateTotalContribution, CalculateRenownAndInfluenceValuesOnPartyInvolved, GetSideMorale, HandleMapEventEnd, HandleMapEventEndForPartyInternal, AllocateShips, AllocateSiegeEngines, CreateOrderedSimulationShipList, GetShipCombatScore, GetShipCombatImportance, AllocateTroops, AllocateTroop, GetAllTroops, GetAllocatedTroop, GetReadyTroop, GetAllocatedTroopParty, GetReadyTroopParty, OnTroopWounded, OnTroopKilled, OnTroopRouted, OnTroopScoreHit, OnShipScoreHit, OnShipDamaged, GetWeightedShipCombatFactor, GetMapEventParty, MakeReady, MakeReadyParty, CheckReadyTroopsTemporaryCache, MakeReadyForSimulation, MakeReadyForMission, EndSimulation, InvalidateSimulationSetup, DebugAssertSimulationConsistency, Clear, SelectRandomSimulationTroop, GetRandomSimulationSiegeEngine, GetRandomSimulationShip, RemoveSelectedTroopFromSimulationList, RemoveShipFromSimulationList, OnRoundEnd, ApplySimulationDamageToShip, ApplySimulationDamageToSelectedTroop, ApplySimulatedHitRewardToShip, ApplySimulatedHitRewardToSelectedTroop, Surrender, Route, AddNearbyPartyToPlayerMapEvent, RemoveNearbyPartiesFromPlayerMapEvent, CommitXpGains, CommitRenownChanges, CommitInfluenceChanges, CommitMoraleChanges, ...
[2026-05-08 22:01:24.208] [CrestBattleConvergenceLogic] Y.29: detached 0 joiner parties from mapEvent (25 failed)
[2026-05-08 22:01:24.208] [CrestBattleConvergenceLogic] Y.12d: OnEndMission cleanup done
[2026-05-08 22:01:24.819] [CrestCampaignLogFilter] scope-suppress: IssueQuestLogEntry hidden under scope='Party only'
[2026-05-08 22:01:53.776] [CrestCampaignLogFilter] scope-pass:    DestroyMobilePartyLogEntry kept under scope='Party only'
[2026-05-08 22:01:53.793] [CrestCampaignLogFilter] scope-suppress: CharacterBecameFugitiveLogEntry hidden under scope='Party only'
[2026-05-08 22:01:53.794] [CrestCampaignLogFilter] scope-suppress: EndCaptivityLogEntry hidden under scope='Party only'
[2026-05-08 22:08:05.922] [CrestUnblock] processed 265 files in 9ms
[2026-05-08 22:08:05.932] [CrestQuickStart] patched VideoPlaybackState.OnVideoStarted
[2026-05-08 22:08:05.942] [CrestMessageStyle] patched TaleWorlds.Library.InformationManager.DisplayMessage(InformationMessage)
[2026-05-08 22:08:05.942] [CrestFasterTime] registered (master toggle gates per-tick work)
[2026-05-08 22:08:07.393] [CrestMessageStyle] first DisplayMessage probe -- Mission.Current=null, Campaign.Current=null (Game.Current=null, informational only)
[2026-05-08 22:08:08.271] [CrestFasterTime] API resolved: Campaign.SpeedUpMultiplier=ok, SetTimeSpeed(int)=ok, Input.IsKeyPressed=ok
[2026-05-08 22:08:11.878] [CrestPatchSelfTest] GetAllPatchedMethods returned 346 methods
[2026-05-08 22:08:11.893] [CrestPatchSelfTest] OK   UIExtenderEx.WidgetPrefab.LoadFrom (transpiler) — bound by Bannerlord.UIExtenderEx.Patches.WidgetPrefabPatch.WidgetPrefab_LoadFrom_Transpiler on LoadFrom
[2026-05-08 22:08:11.896] [CrestPatchSelfTest] HARD ButterLib.Module.SetInitialModuleScreenAsRootScreen (transpiler) — target method patched, but no patch from Bannerlord.ButterLib.Implementation.MBSubModuleBaseExtended.Patches.ModulePatch (owners: [MCM.UI.Adapter.MCMv5]; declaring types: [MCM.UI.MCMUIAdapterSubModule])
[2026-05-08 22:08:11.902] [CrestPatchSelfTest] HARD ButterLib.Module.FinalizeSubModules (postfix) — no patch found on TaleWorlds.MountAndBlade.Module.FinalizeSubModules (other patched methods on this type: LoadSubModules, InitializeSubModuleBases, ProcessApplicationArguments, SetInitialModuleScreenAsRootScreen)
[2026-05-08 22:08:11.903] [CrestPatchSelfTest] HARD BEW.Managed.ApplicationTick (finalizer) — no patch found on TaleWorlds.DotNet.Managed.ApplicationTick (no methods on this type are patched at all)
[2026-05-08 22:08:11.904] [CrestPatchSelfTest] HARD BEW.Module.OnApplicationTick (finalizer) — no patch found on TaleWorlds.MountAndBlade.Module.OnApplicationTick (other patched methods on this type: LoadSubModules, InitializeSubModuleBases, ProcessApplicationArguments, SetInitialModuleScreenAsRootScreen)
[2026-05-08 22:08:11.907] [CrestPatchSelfTest] HARD BEW.ScreenManager.Tick (finalizer) — no patch found on TaleWorlds.ScreenSystem.ScreenManager.Tick (no methods on this type are patched at all)
[2026-05-08 22:08:11.908] [CrestPatchSelfTest] HARD BEW.ManagedScriptHolder.TickComponents (finalizer) — no patch found on TaleWorlds.Engine.ManagedScriptHolder.TickComponents (no methods on this type are patched at all)
[2026-05-08 22:08:11.908] [CrestPatchSelfTest] HARD BEW.Mission.Tick (finalizer) — no patch found on TaleWorlds.MountAndBlade.Mission.Tick (other patched methods on this type: UpdateSceneTimeSpeed, OnTeamDeployed, OnDeploymentFinished, CanTakeControlOfAgent)
[2026-05-08 22:08:11.912] [CrestPatchSelfTest] SOFT UIExtenderEx.GauntletMovie.Load (conditional prefix) — no patch found on TaleWorlds.GauntletUI.Data.GauntletMovie.Load (other patched methods on this type: LoadMovie)
[2026-05-08 22:08:11.921] [CrestPatchSelfTest] OK   UIExtenderEx.WidgetFactory.GetCustomType (prefix) — bound by Bannerlord.UIExtenderEx.ResourceManager.WidgetFactoryManager.GetCustomTypePrefix on GetCustomType
[2026-05-08 22:08:11.922] [CrestPatchSelfTest] OK   UIExtenderEx.WidgetFactory.CreateBuiltinWidget (prefix) — bound by Bannerlord.UIExtenderEx.ResourceManager.WidgetFactoryManager.CreateBuiltinWidgetPrefix on CreateBuiltinWidget
[2026-05-08 22:08:11.926] [CrestPatchSelfTest] OK   UIExtenderEx.WidgetFactory.GetWidgetTypes (postfix) — bound by Bannerlord.UIExtenderEx.ResourceManager.WidgetFactoryManager.GetWidgetTypesPostfix on GetWidgetTypes
[2026-05-08 22:08:11.932] [CrestPatchSelfTest] OK   UIExtenderEx.WidgetFactory.IsCustomType (prefix) — bound by Bannerlord.UIExtenderEx.ResourceManager.WidgetFactoryManager.IsCustomTypePrefix on IsCustomType
[2026-05-08 22:08:11.935] [CrestPatchSelfTest] OK   UIExtenderEx.WidgetTemplate.CreateWidgets (transpiler, soft) — bound by Bannerlord.UIExtenderEx.ResourceManager.WidgetFactoryManager.BlankTranspiler on CreateWidgets
[2026-05-08 22:08:11.942] [CrestPatchSelfTest] OK   UIExtenderEx.GauntletMovie.LoadMovie (transpiler, soft) — bound by Bannerlord.UIExtenderEx.ResourceManager.WidgetFactoryManager.BlankTranspiler on LoadMovie
[2026-05-08 22:08:11.942] [CrestPatchSelfTest] summary: 7 bound, 7 hard miss, 1 soft miss (of 15 total)
[2026-05-08 22:08:11.951] [CrestCampaignLogFilter] patched CampaignInformationManager.NewLogEntryAdded — 39 classified entry types across 6 buckets
[2026-05-08 22:08:11.962] [CrestCutThroughEveryone] patched cut-through hooks (gated on EnableCutThroughEveryone master toggle)
[2026-05-08 22:08:11.966] [CrestPlayerInvincibleDamageClamp] patched Mission.RegisterBlow (damage clamp for player hero)
[2026-05-08 22:08:11.967] [CrestTacticPatch] patched TacticComponent.SetDefaultBehaviorWeights (skip for slot >= 10)
[2026-05-08 22:08:12.000] [CrestCampaignTweaks] FasterShips bound: TaleWorlds.CampaignSystem.Party.MobileParty.CalculateSpeed (postfix)
[2026-05-08 22:08:12.022] [CrestCampaignTweaks] AchievementsWithMods bound: SandBox.CampaignBehaviors.DumpIntegrityCampaignBehavior.IsGameIntegrityAchieved (postfix)
[2026-05-08 22:08:12.048] [CrestCampaignTweaks] AchievementsDeactivateBlock bound: StoryMode.GameComponents.CampaignBehaviors.AchievementsCampaignBehavior.DeactivateAchievements (prefix)
[2026-05-08 22:08:12.076] [CrestCampaignTweaks] RTSCameraNavalShim bound: RTSCamera.Patch.Naval.Patch_AgentNavalComponent.Prefix_OnTick (prefix)
[2026-05-08 22:08:12.093] [CrestCampaignTweaks] PreventClanDeath bound: TaleWorlds.CampaignSystem.CampaignBehaviors.AgingCampaignBehavior.IsItTimeOfDeath (prefix)
[2026-05-08 22:08:12.100] [CrestCampaignTweaks] PlayerNoFlinch bound: TaleWorlds.MountAndBlade.Mission.RegisterBlow (prefix)
[2026-05-08 22:08:12.117] [CrestCampaignTweaks] NoExecutionPenalty bound: TaleWorlds.CampaignSystem.CampaignBehaviors.CharacterRelationCampaignBehavior.OnHeroKilled (prefix)
[2026-05-08 22:08:12.131] [CrestCampaignTweaks] ClanTournamentExclusion bound: TaleWorlds.CampaignSystem.TournamentGames.FightTournamentGame.CanBeAParticipant (prefix)
[2026-05-08 22:08:12.146] [CrestCampaignTweaks] ClanPartySpeedBonus bound: TaleWorlds.CampaignSystem.Party.MobileParty.CalculateSpeed (postfix)
[2026-05-08 22:08:12.163] [CrestCampaignTweaks] StopPrisonerEscape (daily) bound: TaleWorlds.CampaignSystem.CampaignBehaviors.PrisonerReleaseCampaignBehavior.DailyHeroTick (prefix)
[2026-05-08 22:08:12.179] [CrestCampaignTweaks] StopPrisonerEscape (hourly) bound: TaleWorlds.CampaignSystem.CampaignBehaviors.PrisonerReleaseCampaignBehavior.HourlyPartyTick (prefix)
[2026-05-08 22:08:12.196] [CrestCampaignTweaks] LootCapturedHeroes bound: TaleWorlds.CampaignSystem.MapEvents.MapEvent.LootDefeatedPartyPrisoners (postfix)
[2026-05-08 22:08:12.212] [CrestCampaignTweaks] NoArrowsStuck bound: TaleWorlds.MountAndBlade.Mission.HandleMissileCollisionReaction (postfix)
[2026-05-08 22:08:12.226] [CrestCampaignTweaks] MarriageStaysInClan bound: TaleWorlds.CampaignSystem.GameComponents.DefaultMarriageModel.GetClanAfterMarriage (postfix)
[2026-05-08 22:08:12.242] [CrestCampaignTweaks] PregnancyChanceUncapped bound: TaleWorlds.CampaignSystem.GameComponents.DefaultPregnancyModel.GetDailyChanceOfPregnancyForHero (postfix)
[2026-05-08 22:08:12.256] [CrestCampaignTweaks] UnlockAllSmithingRecipes bound: TaleWorlds.CampaignSystem.CampaignBehaviors.CraftingCampaignBehavior.IsOpened (postfix)
[2026-05-08 22:08:12.271] [CrestCampaignTweaks] LifelongLearning bound: TaleWorlds.CampaignSystem.GameComponents.DefaultCharacterDevelopmentModel.CalculateLearningRate (postfix)
[2026-05-08 22:08:12.285] [CrestCampaignTweaks] TavernCompanions.DailyTick bound: TaleWorlds.CampaignSystem.CampaignBehaviors.CompanionsCampaignBehavior.DailyTick (postfix)
[2026-05-08 22:08:12.298] [CrestCampaignTweaks] TavernCompanions.DesiredCount bound: TaleWorlds.CampaignSystem.CampaignBehaviors.CompanionsCampaignBehavior.get__desiredTotalCompanionCount (postfix)
[2026-05-08 22:08:12.298] [CrestCampaignTweaks] patched campaign tweaks (legacy EnableCampaignTweaks group)
[2026-05-08 22:08:12.327] [CrestBattleSize] patched (always-on; preset count=7, agent cap=2040)
[2026-05-08 22:08:12.351] [CrestTierUnlocker] patched tier caps (gated on EnableTierUnlocker)
[2026-05-08 22:08:18.417] [CrestBattleConvergenceDialogueBehavior] registered rescue-thanks dialogue lines
[2026-05-08 22:08:18.417] [SubModule] Y.12d-feature#128: registered Battle Convergence rescue dialogue behavior
[2026-05-08 22:08:26.966] [CrestCampaignTweaks] AchievementsWithMods: blocked DeactivateAchievements call
[2026-05-08 22:08:35.030] [CrestCompanionHotswap] added swap + select behaviors to mission
[2026-05-08 22:08:35.032] [CrestBattleConvergence] added convergence behavior to mission
[2026-05-08 22:08:35.102] [CrestBattleConvergenceLogic] flat radius (slider mode): 100
[2026-05-08 22:08:35.150] [CrestBattleConvergenceLogic] Y.12d AfterStart: reinforce=True debug=False radius=100 maxPerSide=6 timerset=1000 playerSide=Attacker isPlayerDefender=False missionAgentSpawnLogic=null
[2026-05-08 22:08:47.551] [CrestBattleConvergenceLogic] Y.30: ensured 2 ally pools (6 formations, indices 10..15)
[2026-05-08 22:08:47.555] [CrestBattleConvergenceLogic] Y.35: ensured 2 enemy pools (6 formations, indices 10..15)
[2026-05-08 22:08:47.565] [CrestBattleConvergenceLogic] Cinema-fix-C symmetric radius: bothSidesRadius=300 (mult x3.0) â€” distance-filtered 12
[2026-05-08 22:08:47.565] [CrestBattleConvergenceLogic] Y.12d-fix23 stagger: initial=45s cadence=5s -> first lord at +45s, last (idx 27) at +180s
[2026-05-08 22:08:47.565] [CrestBattleConvergenceLogic] Y.12d Stage1: defenderSpawnPositions=3 attackerSpawnPositions=3 partiesSeen=1489 eligibleCandidates=28 neutralRej=75
[2026-05-08 22:08:47.580] [CrestBattleConvergenceLogic] OnMissionTick first call after Stage1: candidates=28
[2026-05-08 22:08:52.524] [CrestBattleConvergenceLogic] tick-status: now=15.8 pending=28 elapsed=0 closestRemaining=40.0s collectDef=0 collectAtt=0 reservedDef=0 reservedAtt=0
[2026-05-08 22:08:57.533] [CrestBattleConvergenceLogic] tick-status: now=20.8 pending=28 elapsed=0 closestRemaining=35.0s collectDef=0 collectAtt=0 reservedDef=0 reservedAtt=0
[2026-05-08 22:09:02.547] [CrestBattleConvergenceLogic] tick-status: now=25.8 pending=28 elapsed=0 closestRemaining=30.0s collectDef=0 collectAtt=0 reservedDef=0 reservedAtt=0
[2026-05-08 22:09:07.557] [CrestBattleConvergenceLogic] tick-status: now=30.8 pending=28 elapsed=0 closestRemaining=25.0s collectDef=0 collectAtt=0 reservedDef=0 reservedAtt=0
[2026-05-08 22:09:12.575] [CrestBattleConvergenceLogic] tick-status: now=35.8 pending=28 elapsed=0 closestRemaining=19.9s collectDef=0 collectAtt=0 reservedDef=0 reservedAtt=0
[2026-05-08 22:09:17.577] [CrestBattleConvergenceLogic] tick-status: now=40.8 pending=28 elapsed=0 closestRemaining=14.9s collectDef=0 collectAtt=0 reservedDef=0 reservedAtt=0
[2026-05-08 22:09:22.582] [CrestBattleConvergenceLogic] tick-status: now=45.8 pending=28 elapsed=0 closestRemaining=9.9s collectDef=0 collectAtt=0 reservedDef=0 reservedAtt=0
[2026-05-08 22:09:27.583] [CrestBattleConvergenceLogic] tick-status: now=50.8 pending=28 elapsed=0 closestRemaining=4.9s collectDef=0 collectAtt=0 reservedDef=0 reservedAtt=0
[2026-05-08 22:09:32.557] [CrestBattleConvergenceLogic] queued Servic's Party (Vlandia) team=1 side=Defender dist=7.3 active=1/5
[2026-05-08 22:09:32.597] [CrestBattleConvergenceLogic] tick-status: now=55.8 pending=27 elapsed=0 closestRemaining=4.9s collectDef=1 collectAtt=0 reservedDef=0 reservedAtt=0
[2026-05-08 22:09:32.661] [CrestBattleConvergenceLogic] registered Servic's Party on Defender: 127 agents queued (queue size now 127)
[2026-05-08 22:09:32.663] [CrestBattleHornCue] GetEventIdFromString not found -- horn cue disabled
[2026-05-08 22:09:32.678] [CrestBattleConvergenceLogic] Y.30B: pool tier=2 delta=-27 variant=Standard
[2026-05-08 22:09:32.682] [CrestBattleConvergenceLogic] Y.34: pool anchors set inf=(247.4,644.1) arch=(247.8,656.1) cav=(229.4,644.8)
[2026-05-08 22:09:32.682] [CrestBattleConvergenceLogic] Y.30: enemy pool[0] lead=Servic's Party tactics=145 (first); LordCount=1
[2026-05-08 22:09:32.828] [CrestBattleConvergenceLogic] Y.42 [enemy.0] lead=Servic's Party tier=2 parity=-27 variant=Standard units=127
[2026-05-08 22:09:32.836] [CrestBattleConvergenceLogic] Y.42 [enemy.0] inf: units=74 pos=(0.0,0.0) anchorD=690.0 enemyD=-1.0 engineMove=n/a engineArr=TaleWorlds.MountAndBlade.ArrangementOrder wantMove=TaleWorlds.MountAndBlade.MovementOrder wantArr=TaleWorlds.MountAndBlade.ArrangementOrder beh=(unset)
[2026-05-08 22:09:32.836] [CrestBattleConvergenceLogic] Y.42 [enemy.0] arch: units=14 pos=(0.0,0.0) anchorD=701.4 enemyD=-1.0 engineMove=n/a engineArr=TaleWorlds.MountAndBlade.ArrangementOrder wantMove=TaleWorlds.MountAndBlade.MovementOrder wantArr=TaleWorlds.MountAndBlade.ArrangementOrder beh=(unset)
[2026-05-08 22:09:32.836] [CrestBattleConvergenceLogic] Y.42 [enemy.0] cav: units=39 pos=(0.0,0.0) anchorD=684.4 enemyD=-1.0 engineMove=n/a engineArr=TaleWorlds.MountAndBlade.ArrangementOrder wantMove=TaleWorlds.MountAndBlade.MovementOrder wantArr=TaleWorlds.MountAndBlade.ArrangementOrder beh=(unset)
[2026-05-08 22:09:37.643] [CrestBattleConvergenceLogic] queued Adaltrud's Party (Vlandia) team=1 side=Defender dist=43.2 active=2/5
[2026-05-08 22:09:37.711] [CrestBattleConvergenceLogic] tick-status: now=60.9 pending=26 elapsed=0 closestRemaining=4.9s collectDef=1 collectAtt=0 reservedDef=0 reservedAtt=0
[2026-05-08 22:09:37.830] [CrestBattleConvergenceLogic] Y.42 [enemy.0] lead=Servic's Party tier=2 parity=-27 variant=Standard units=127
[2026-05-08 22:09:37.830] [CrestBattleConvergenceLogic] Y.42 [enemy.0] inf: units=74 pos=(0.0,0.0) anchorD=690.0 enemyD=-1.0 engineMove=n/a engineArr=TaleWorlds.MountAndBlade.ArrangementOrder wantMove=TaleWorlds.MountAndBlade.MovementOrder wantArr=TaleWorlds.MountAndBlade.ArrangementOrder beh=(unset)
[2026-05-08 22:09:37.830] [CrestBattleConvergenceLogic] Y.42 [enemy.0] arch: units=14 pos=(0.0,0.0) anchorD=701.4 enemyD=-1.0 engineMove=n/a engineArr=TaleWorlds.MountAndBlade.ArrangementOrder wantMove=TaleWorlds.MountAndBlade.MovementOrder wantArr=TaleWorlds.MountAndBlade.ArrangementOrder beh=(unset)
[2026-05-08 22:09:37.830] [CrestBattleConvergenceLogic] Y.42 [enemy.0] cav: units=39 pos=(0.0,0.0) anchorD=684.4 enemyD=-1.0 engineMove=n/a engineArr=TaleWorlds.MountAndBlade.ArrangementOrder wantMove=TaleWorlds.MountAndBlade.MovementOrder wantArr=TaleWorlds.MountAndBlade.ArrangementOrder beh=(unset)
[2026-05-08 22:09:38.778] [CrestBattleConvergenceLogic] registered Adaltrud's Party on Defender: 72 agents queued (queue size now 72)
[2026-05-08 22:09:38.778] [CrestBattleConvergenceLogic] Y.30B: pool tier=2 delta=100 variant=Standard
[2026-05-08 22:09:38.778] [CrestBattleConvergenceLogic] Y.30: enemy pool[0] lead=Adaltrud's Party tactics=196 (escalated); LordCount=2
[2026-05-08 22:09:42.643] [CrestBattleConvergenceLogic] queued Ecarand's Party (Vlandia) team=1 side=Defender dist=57.4 active=3/5
[2026-05-08 22:09:42.719] [CrestBattleConvergenceLogic] tick-status: now=65.9 pending=25 elapsed=0 closestRemaining=4.9s collectDef=1 collectAtt=0 reservedDef=0 reservedAtt=0
[2026-05-08 22:09:42.839] [CrestBattleConvergenceLogic] Y.42 [enemy.0] lead=Adaltrud's Party tier=2 parity=100 variant=Standard units=199
[2026-05-08 22:09:42.839] [CrestBattleConvergenceLogic] Y.42 [enemy.0] inf: units=119 pos=(0.0,0.0) anchorD=690.0 enemyD=-1.0 engineMove=n/a engineArr=TaleWorlds.MountAndBlade.ArrangementOrder wantMove=TaleWorlds.MountAndBlade.MovementOrder wantArr=TaleWorlds.MountAndBlade.ArrangementOrder beh=(unset)
[2026-05-08 22:09:42.839] [CrestBattleConvergenceLogic] Y.42 [enemy.0] arch: units=24 pos=(0.0,0.0) anchorD=701.4 enemyD=-1.0 engineMove=n/a engineArr=TaleWorlds.MountAndBlade.ArrangementOrder wantMove=TaleWorlds.MountAndBlade.MovementOrder wantArr=TaleWorlds.MountAndBlade.ArrangementOrder beh=(unset)
[2026-05-08 22:09:42.839] [CrestBattleConvergenceLogic] Y.42 [enemy.0] cav: units=56 pos=(0.0,0.0) anchorD=684.4 enemyD=-1.0 engineMove=n/a engineArr=TaleWorlds.MountAndBlade.ArrangementOrder wantMove=TaleWorlds.MountAndBlade.MovementOrder wantArr=TaleWorlds.MountAndBlade.ArrangementOrder beh=(unset)
[2026-05-08 22:09:44.800] [CrestBattleConvergenceLogic] registered Ecarand's Party on Defender: 74 agents queued (queue size now 74)
[2026-05-08 22:09:44.800] [CrestBattleConvergenceLogic] Y.30: enemy pool[0] joined by Ecarand's Party (tactics=175); pool lead unchanged (196)
[2026-05-08 22:09:47.647] [CrestBattleConvergenceLogic] queued Furnhard's Party (Vlandia) team=1 side=Defender dist=70.9 active=4/5
[2026-05-08 22:09:47.722] [CrestBattleConvergenceLogic] tick-status: now=70.9 pending=24 elapsed=0 closestRemaining=4.9s collectDef=1 collectAtt=0 reservedDef=0 reservedAtt=0
[2026-05-08 22:09:47.813] [CrestBattleConvergenceLogic] registered Furnhard's Party on Defender: 53 agents queued (queue size now 53)
[2026-05-08 22:09:47.814] [CrestBattleConvergenceLogic] Y.30B: pool tier=2 delta=246 variant=Standard
[2026-05-08 22:09:47.814] [CrestBattleConvergenceLogic] Y.34: pool anchors set inf=(234.9,305.2) arch=(234.5,293.2) cav=(252.9,304.5)
[2026-05-08 22:09:47.814] [CrestBattleConvergenceLogic] Y.30: enemy pool[1] lead=Furnhard's Party tactics=176 (first); LordCount=1
[2026-05-08 22:09:47.891] [CrestBattleConvergenceLogic] Y.42 [enemy.0] lead=Adaltrud's Party tier=2 parity=100 variant=Standard units=273
[2026-05-08 22:09:47.891] [CrestBattleConvergenceLogic] Y.42 [enemy.0] inf: units=165 pos=(0.0,0.0) anchorD=690.0 enemyD=-1.0 engineMove=n/a engineArr=TaleWorlds.MountAndBlade.ArrangementOrder wantMove=TaleWorlds.MountAndBlade.MovementOrder wantArr=TaleWorlds.MountAndBlade.ArrangementOrder beh=(unset)
[2026-05-08 22:09:47.891] [CrestBattleConvergenceLogic] Y.42 [enemy.0] arch: units=32 pos=(0.0,0.0) anchorD=701.4 enemyD=-1.0 engineMove=n/a engineArr=TaleWorlds.MountAndBlade.ArrangementOrder wantMove=TaleWorlds.MountAndBlade.MovementOrder wantArr=TaleWorlds.MountAndBlade.ArrangementOrder beh=(unset)
[2026-05-08 22:09:47.891] [CrestBattleConvergenceLogic] Y.42 [enemy.0] cav: units=76 pos=(0.0,0.0) anchorD=684.4 enemyD=-1.0 engineMove=n/a engineArr=TaleWorlds.MountAndBlade.ArrangementOrder wantMove=TaleWorlds.MountAndBlade.MovementOrder wantArr=TaleWorlds.MountAndBlade.ArrangementOrder beh=(unset)
[2026-05-08 22:09:47.891] [CrestBattleConvergenceLogic] Y.42 [enemy.1] lead=Furnhard's Party tier=2 parity=246 variant=Standard units=53
[2026-05-08 22:09:47.891] [CrestBattleConvergenceLogic] Y.42 [enemy.1] inf: units=26 pos=(0.0,0.0) anchorD=385.1 enemyD=-1.0 engineMove=n/a engineArr=TaleWorlds.MountAndBlade.ArrangementOrder wantMove=TaleWorlds.MountAndBlade.MovementOrder wantArr=TaleWorlds.MountAndBlade.ArrangementOrder beh=(unset)
[2026-05-08 22:09:47.891] [CrestBattleConvergenceLogic] Y.42 [enemy.1] arch: units=8 pos=(0.0,0.0) anchorD=375.4 enemyD=-1.0 engineMove=n/a engineArr=TaleWorlds.MountAndBlade.ArrangementOrder wantMove=TaleWorlds.MountAndBlade.MovementOrder wantArr=TaleWorlds.MountAndBlade.ArrangementOrder beh=(unset)
[2026-05-08 22:09:47.891] [CrestBattleConvergenceLogic] Y.42 [enemy.1] cav: units=19 pos=(0.0,0.0) anchorD=395.9 enemyD=-1.0 engineMove=n/a engineArr=TaleWorlds.MountAndBlade.ArrangementOrder wantMove=TaleWorlds.MountAndBlade.MovementOrder wantArr=TaleWorlds.MountAndBlade.ArrangementOrder beh=(unset)
[2026-05-08 22:09:52.658] [CrestBattleConvergenceLogic] queued Bothero of the Brotherhood's Party (Brotherhood of the Woods) team=0 side=Attacker dist=75.9 active=1/5
[2026-05-08 22:09:52.741] [CrestBattleConvergenceLogic] tick-status: now=75.9 pending=23 elapsed=0 closestRemaining=4.9s collectDef=0 collectAtt=1 reservedDef=0 reservedAtt=0
[2026-05-08 22:09:52.893] [CrestBattleConvergenceLogic] Y.42 [enemy.0] lead=Adaltrud's Party tier=2 parity=100 variant=Standard units=268
[2026-05-08 22:09:52.893] [CrestBattleConvergenceLogic] Y.42 [enemy.0] inf: units=165 pos=(0.0,0.0) anchorD=690.0 enemyD=-1.0 engineMove=n/a engineArr=TaleWorlds.MountAndBlade.ArrangementOrder wantMove=TaleWorlds.MountAndBlade.MovementOrder wantArr=TaleWorlds.MountAndBlade.ArrangementOrder beh=(unset)
[2026-05-08 22:09:52.893] [CrestBattleConvergenceLogic] Y.42 [enemy.0] arch: units=32 pos=(0.0,0.0) anchorD=701.4 enemyD=-1.0 engineMove=n/a engineArr=TaleWorlds.MountAndBlade.ArrangementOrder wantMove=TaleWorlds.MountAndBlade.MovementOrder wantArr=TaleWorlds.MountAndBlade.ArrangementOrder beh=(unset)
[2026-05-08 22:09:52.893] [CrestBattleConvergenceLogic] Y.42 [enemy.0] cav: units=71 pos=(0.0,0.0) anchorD=684.4 enemyD=-1.0 engineMove=n/a engineArr=TaleWorlds.MountAndBlade.ArrangementOrder wantMove=TaleWorlds.MountAndBlade.MovementOrder wantArr=TaleWorlds.MountAndBlade.ArrangementOrder beh=(unset)
[2026-05-08 22:09:52.893] [CrestBattleConvergenceLogic] Y.42 [enemy.1] lead=Furnhard's Party tier=2 parity=246 variant=Standard units=53
[2026-05-08 22:09:52.893] [CrestBattleConvergenceLogic] Y.42 [enemy.1] inf: units=26 pos=(0.0,0.0) anchorD=385.1 enemyD=-1.0 engineMove=n/a engineArr=TaleWorlds.MountAndBlade.ArrangementOrder wantMove=TaleWorlds.MountAndBlade.MovementOrder wantArr=TaleWorlds.MountAndBlade.ArrangementOrder beh=(unset)
[2026-05-08 22:09:52.893] [CrestBattleConvergenceLogic] Y.42 [enemy.1] arch: units=8 pos=(0.0,0.0) anchorD=375.4 enemyD=-1.0 engineMove=n/a engineArr=TaleWorlds.MountAndBlade.ArrangementOrder wantMove=TaleWorlds.MountAndBlade.MovementOrder wantArr=TaleWorlds.MountAndBlade.ArrangementOrder beh=(unset)
[2026-05-08 22:09:52.893] [CrestBattleConvergenceLogic] Y.42 [enemy.1] cav: units=19 pos=(0.0,0.0) anchorD=395.9 enemyD=-1.0 engineMove=n/a engineArr=TaleWorlds.MountAndBlade.ArrangementOrder wantMove=TaleWorlds.MountAndBlade.MovementOrder wantArr=TaleWorlds.MountAndBlade.ArrangementOrder beh=(unset)
[2026-05-08 22:09:53.839] [CrestBattleConvergenceLogic] registered Bothero of the Brotherhood's Party on Attacker: 89 agents queued (queue size now 89)
[2026-05-08 22:09:53.843] [CrestBattleConvergenceLogic] Y.30B: pool tier=2 delta=-293 variant=ShieldWall
[2026-05-08 22:09:53.843] [CrestBattleConvergenceLogic] Y.34: pool anchors set inf=(231.4,308.5) arch=(230.7,296.5) cav=(249.3,307.4)
[2026-05-08 22:09:53.843] [CrestBattleConvergenceLogic] Y.30: ally pool[0] lead=Bothero of the Brotherhood's Party tactics=114 (first); LordCount=1
[2026-05-08 22:09:57.669] [CrestBattleConvergenceLogic] queued Origand of the Brotherhood's Party (Brotherhood of the Woods) team=0 side=Attacker dist=77.5 active=2/5
[2026-05-08 22:09:57.766] [CrestBattleConvergenceLogic] tick-status: now=80.9 pending=22 elapsed=0 closestRemaining=4.9s collectDef=0 collectAtt=1 reservedDef=0 reservedAtt=0
[2026-05-08 22:09:57.916] [CrestBattleConvergenceLogic] Y.42 [ally.0] lead=Bothero of the Brotherhood's Party tier=2 parity=-293 variant=ShieldWall units=87
[2026-05-08 22:09:57.917] [CrestBattleConvergenceLogic] Y.42 [ally.0] inf: units=1 pos=(0.0,0.0) anchorD=385.6 enemyD=-1.0 engineMove=n/a engineArr=TaleWorlds.MountAndBlade.ArrangementOrder wantMove=TaleWorlds.MountAndBlade.MovementOrder wantArr=TaleWorlds.MountAndBlade.ArrangementOrder beh=Charge
[2026-05-08 22:09:57.917] [CrestBattleConvergenceLogic] Y.42 [ally.0] arch: units=86 pos=(0.0,0.0) anchorD=375.7 enemyD=-1.0 engineMove=n/a engineArr=TaleWorlds.MountAndBlade.ArrangementOrder wantMove=TaleWorlds.MountAndBlade.MovementOrder wantArr=TaleWorlds.MountAndBlade.ArrangementOrder beh=Charge
[2026-05-08 22:09:57.917] [CrestBattleConvergenceLogic] Y.42 [ally.0] cav: units=0 (empty)
[2026-05-08 22:09:57.917] [CrestBattleConvergenceLogic] Y.42 [enemy.0] lead=Adaltrud's Party tier=2 parity=293 variant=Standard units=267
[2026-05-08 22:09:57.917] [CrestBattleConvergenceLogic] Y.42 [enemy.0] inf: units=165 pos=(0.0,0.0) anchorD=690.0 enemyD=-1.0 engineMove=n/a engineArr=TaleWorlds.MountAndBlade.ArrangementOrder wantMove=TaleWorlds.MountAndBlade.MovementOrder wantArr=TaleWorlds.MountAndBlade.ArrangementOrder beh=(unset)
[2026-05-08 22:09:57.917] [CrestBattleConvergenceLogic] Y.42 [enemy.0] arch: units=32 pos=(0.0,0.0) anchorD=701.4 enemyD=-1.0 engineMove=n/a engineArr=TaleWorlds.MountAndBlade.ArrangementOrder wantMove=TaleWorlds.MountAndBlade.MovementOrder wantArr=TaleWorlds.MountAndBlade.ArrangementOrder beh=(unset)
[2026-05-08 22:09:57.917] [CrestBattleConvergenceLogic] Y.42 [enemy.0] cav: units=70 pos=(0.0,0.0) anchorD=684.4 enemyD=-1.0 engineMove=n/a engineArr=TaleWorlds.MountAndBlade.ArrangementOrder wantMove=TaleWorlds.MountAndBlade.MovementOrder wantArr=TaleWorlds.MountAndBlade.ArrangementOrder beh=(unset)
[2026-05-08 22:09:57.917] [CrestBattleConvergenceLogic] Y.42 [enemy.1] lead=Furnhard's Party tier=2 parity=246 variant=Standard units=53
[2026-05-08 22:09:57.917] [CrestBattleConvergenceLogic] Y.42 [enemy.1] inf: units=26 pos=(0.0,0.0) anchorD=385.1 enemyD=-1.0 engineMove=n/a engineArr=TaleWorlds.MountAndBlade.ArrangementOrder wantMove=TaleWorlds.MountAndBlade.MovementOrder wantArr=TaleWorlds.MountAndBlade.ArrangementOrder beh=(unset)
[2026-05-08 22:09:57.917] [CrestBattleConvergenceLogic] Y.42 [enemy.1] arch: units=8 pos=(0.0,0.0) anchorD=375.4 enemyD=-1.0 engineMove=n/a engineArr=TaleWorlds.MountAndBlade.ArrangementOrder wantMove=TaleWorlds.MountAndBlade.MovementOrder wantArr=TaleWorlds.MountAndBlade.ArrangementOrder beh=(unset)
[2026-05-08 22:09:57.917] [CrestBattleConvergenceLogic] Y.42 [enemy.1] cav: units=19 pos=(0.0,0.0) anchorD=395.9 enemyD=-1.0 engineMove=n/a engineArr=TaleWorlds.MountAndBlade.ArrangementOrder wantMove=TaleWorlds.MountAndBlade.MovementOrder wantArr=TaleWorlds.MountAndBlade.ArrangementOrder beh=(unset)
[2026-05-08 22:09:59.862] [CrestBattleConvergenceLogic] registered Origand of the Brotherhood's Party on Attacker: 135 agents queued (queue size now 135)
[2026-05-08 22:09:59.864] [CrestBattleConvergenceLogic] Y.30B: pool tier=2 delta=-204 variant=ShieldWall
[2026-05-08 22:09:59.864] [CrestBattleConvergenceLogic] Y.30: ally pool[0] lead=Origand of the Brotherhood's Party tactics=132 (escalated); LordCount=2
[2026-05-08 22:10:03.363] [CrestBattleConvergenceLogic] queued Turvald of the Brotherhood's Party (Brotherhood of the Woods) team=0 side=Attacker dist=77.9 active=3/5
[2026-05-08 22:10:03.465] [CrestBattleConvergenceLogic] tick-status: now=85.9 pending=21 elapsed=0 closestRemaining=4.9s collectDef=0 collectAtt=1 reservedDef=0 reservedAtt=0
[2026-05-08 22:10:03.555] [CrestBattleConvergenceLogic] registered Turvald of the Brotherhood's Party on Attacker: 111 agents queued (queue size now 111)
[2026-05-08 22:10:03.555] [CrestBattleConvergenceLogic] Y.30: ally pool[0] joined by Turvald of the Brotherhood's Party (tactics=132); pool lead unchanged (132)
[2026-05-08 22:10:03.704] [CrestBattleConvergenceLogic] Y.42 [ally.0] lead=Origand of the Brotherhood's Party tier=2 parity=-204 variant=ShieldWall units=332
[2026-05-08 22:10:03.704] [CrestBattleConvergenceLogic] Y.42 [ally.0] inf: units=3 pos=(0.0,0.0) anchorD=385.6 enemyD=-1.0 engineMove=n/a engineArr=TaleWorlds.MountAndBlade.ArrangementOrder wantMove=TaleWorlds.MountAndBlade.MovementOrder wantArr=TaleWorlds.MountAndBlade.ArrangementOrder beh=Charge
[2026-05-08 22:10:03.704] [CrestBattleConvergenceLogic] Y.42 [ally.0] arch: units=329 pos=(0.0,0.0) anchorD=375.7 enemyD=-1.0 engineMove=n/a engineArr=TaleWorlds.MountAndBlade.ArrangementOrder wantMove=TaleWorlds.MountAndBlade.MovementOrder wantArr=TaleWorlds.MountAndBlade.ArrangementOrder beh=Charge
[2026-05-08 22:10:03.704] [CrestBattleConvergenceLogic] Y.42 [ally.0] cav: units=0 (empty)
[2026-05-08 22:10:03.704] [CrestBattleConvergenceLogic] Y.42 [enemy.0] lead=Adaltrud's Party tier=2 parity=293 variant=Standard units=266
[2026-05-08 22:10:03.704] [CrestBattleConvergenceLogic] Y.42 [enemy.0] inf: units=165 pos=(0.0,0.0) anchorD=690.0 enemyD=-1.0 engineMove=n/a engineArr=TaleWorlds.MountAndBlade.ArrangementOrder wantMove=TaleWorlds.MountAndBlade.MovementOrder wantArr=TaleWorlds.MountAndBlade.ArrangementOrder beh=(unset)
[2026-05-08 22:10:03.704] [CrestBattleConvergenceLogic] Y.42 [enemy.0] arch: units=32 pos=(0.0,0.0) anchorD=701.4 enemyD=-1.0 engineMove=n/a engineArr=TaleWorlds.MountAndBlade.ArrangementOrder wantMove=TaleWorlds.MountAndBlade.MovementOrder wantArr=TaleWorlds.MountAndBlade.ArrangementOrder beh=(unset)
[2026-05-08 22:10:03.704] [CrestBattleConvergenceLogic] Y.42 [enemy.0] cav: units=69 pos=(0.0,0.0) anchorD=684.4 enemyD=-1.0 engineMove=n/a engineArr=TaleWorlds.MountAndBlade.ArrangementOrder wantMove=TaleWorlds.MountAndBlade.MovementOrder wantArr=TaleWorlds.MountAndBlade.ArrangementOrder beh=(unset)
[2026-05-08 22:10:03.704] [CrestBattleConvergenceLogic] Y.42 [enemy.1] lead=Furnhard's Party tier=2 parity=65 variant=Standard units=47
[2026-05-08 22:10:03.704] [CrestBattleConvergenceLogic] Y.42 [enemy.1] inf: units=21 pos=(0.0,0.0) anchorD=385.1 enemyD=-1.0 engineMove=n/a engineArr=TaleWorlds.MountAndBlade.ArrangementOrder wantMove=TaleWorlds.MountAndBlade.MovementOrder wantArr=TaleWorlds.MountAndBlade.ArrangementOrder beh=(unset)
[2026-05-08 22:10:03.704] [CrestBattleConvergenceLogic] Y.42 [enemy.1] arch: units=7 pos=(0.0,0.0) anchorD=375.4 enemyD=-1.0 engineMove=n/a engineArr=TaleWorlds.MountAndBlade.ArrangementOrder wantMove=TaleWorlds.MountAndBlade.MovementOrder wantArr=TaleWorlds.MountAndBlade.ArrangementOrder beh=(unset)
[2026-05-08 22:10:03.704] [CrestBattleConvergenceLogic] Y.42 [enemy.1] cav: units=19 pos=(0.0,0.0) anchorD=395.9 enemyD=-1.0 engineMove=n/a engineArr=TaleWorlds.MountAndBlade.ArrangementOrder wantMove=TaleWorlds.MountAndBlade.MovementOrder wantArr=TaleWorlds.MountAndBlade.ArrangementOrder beh=(unset)
[2026-05-08 22:10:08.444] [CrestBattleConvergenceLogic] queued Belgir's Party (Vlandia) team=1 side=Defender dist=111.5 active=5/5
[2026-05-08 22:10:08.547] [CrestBattleConvergenceLogic] tick-status: now=90.9 pending=20 elapsed=0 closestRemaining=4.9s collectDef=1 collectAtt=0 reservedDef=0 reservedAtt=0
[2026-05-08 22:10:08.709] [CrestBattleConvergenceLogic] Y.42 [ally.0] lead=Origand of the Brotherhood's Party tier=2 parity=-204 variant=ShieldWall units=327
[2026-05-08 22:10:08.709] [CrestBattleConvergenceLogic] Y.42 [ally.0] inf: units=3 pos=(0.0,0.0) anchorD=385.6 enemyD=-1.0 engineMove=n/a engineArr=TaleWorlds.MountAndBlade.ArrangementOrder wantMove=TaleWorlds.MountAndBlade.MovementOrder wantArr=TaleWorlds.MountAndBlade.ArrangementOrder beh=Charge
[2026-05-08 22:10:08.709] [CrestBattleConvergenceLogic] Y.42 [ally.0] arch: units=324 pos=(0.0,0.0) anchorD=375.7 enemyD=-1.0 engineMove=n/a engineArr=TaleWorlds.MountAndBlade.ArrangementOrder wantMove=TaleWorlds.MountAndBlade.MovementOrder wantArr=TaleWorlds.MountAndBlade.ArrangementOrder beh=Charge
[2026-05-08 22:10:08.709] [CrestBattleConvergenceLogic] Y.42 [ally.0] cav: units=0 (empty)
[2026-05-08 22:10:08.709] [CrestBattleConvergenceLogic] Y.42 [enemy.0] lead=Adaltrud's Party tier=2 parity=293 variant=Standard units=266
[2026-05-08 22:10:08.709] [CrestBattleConvergenceLogic] Y.42 [enemy.0] inf: units=165 pos=(0.0,0.0) anchorD=690.0 enemyD=-1.0 engineMove=n/a engineArr=TaleWorlds.MountAndBlade.ArrangementOrder wantMove=TaleWorlds.MountAndBlade.MovementOrder wantArr=TaleWorlds.MountAndBlade.ArrangementOrder beh=(unset)
[2026-05-08 22:10:08.709] [CrestBattleConvergenceLogic] Y.42 [enemy.0] arch: units=32 pos=(0.0,0.0) anchorD=701.4 enemyD=-1.0 engineMove=n/a engineArr=TaleWorlds.MountAndBlade.ArrangementOrder wantMove=TaleWorlds.MountAndBlade.MovementOrder wantArr=TaleWorlds.MountAndBlade.ArrangementOrder beh=(unset)
[2026-05-08 22:10:08.709] [CrestBattleConvergenceLogic] Y.42 [enemy.0] cav: units=69 pos=(0.0,0.0) anchorD=684.4 enemyD=-1.0 engineMove=n/a engineArr=TaleWorlds.MountAndBlade.ArrangementOrder wantMove=TaleWorlds.MountAndBlade.MovementOrder wantArr=TaleWorlds.MountAndBlade.ArrangementOrder beh=(unset)
[2026-05-08 22:10:08.709] [CrestBattleConvergenceLogic] Y.42 [enemy.1] lead=Furnhard's Party tier=2 parity=65 variant=Standard units=44
[2026-05-08 22:10:08.709] [CrestBattleConvergenceLogic] Y.42 [enemy.1] inf: units=19 pos=(0.0,0.0) anchorD=385.1 enemyD=-1.0 engineMove=n/a engineArr=TaleWorlds.MountAndBlade.ArrangementOrder wantMove=TaleWorlds.MountAndBlade.MovementOrder wantArr=TaleWorlds.MountAndBlade.ArrangementOrder beh=(unset)
[2026-05-08 22:10:08.709] [CrestBattleConvergenceLogic] Y.42 [enemy.1] arch: units=6 pos=(0.0,0.0) anchorD=375.4 enemyD=-1.0 engineMove=n/a engineArr=TaleWorlds.MountAndBlade.ArrangementOrder wantMove=TaleWorlds.MountAndBlade.MovementOrder wantArr=TaleWorlds.MountAndBlade.ArrangementOrder beh=(unset)
[2026-05-08 22:10:08.709] [CrestBattleConvergenceLogic] Y.42 [enemy.1] cav: units=19 pos=(0.0,0.0) anchorD=395.9 enemyD=-1.0 engineMove=n/a engineArr=TaleWorlds.MountAndBlade.ArrangementOrder wantMove=TaleWorlds.MountAndBlade.MovementOrder wantArr=TaleWorlds.MountAndBlade.ArrangementOrder beh=(unset)
[2026-05-08 22:10:09.591] [CrestBattleConvergenceLogic] Y.30B: pool tier=2 delta=-48 variant=Standard
[2026-05-08 22:10:09.648] [CrestBattleConvergenceLogic] registered Belgir's Party on Defender: 135 agents queued (queue size now 135)
[2026-05-08 22:10:09.648] [CrestBattleConvergenceLogic] Y.30B: pool tier=2 delta=-48 variant=Standard
[2026-05-08 22:10:09.648] [CrestBattleConvergenceLogic] Y.30: enemy pool[1] lead=Belgir's Party tactics=179 (escalated); LordCount=2
[2026-05-08 22:10:13.480] [CrestBattleConvergenceLogic]   cap reached on Defender (5/5); Hecard's Party added to waiting list (size 1)
[2026-05-08 22:10:13.603] [CrestBattleConvergenceLogic] tick-status: now=95.9 pending=19 elapsed=0 closestRemaining=4.9s collectDef=0 collectAtt=0 reservedDef=0 reservedAtt=0
[2026-05-08 22:10:13.756] [CrestBattleConvergenceLogic] Y.42 [ally.0] lead=Origand of the Brotherhood's Party tier=2 parity=-204 variant=ShieldWall units=322
[2026-05-08 22:10:13.757] [CrestBattleConvergenceLogic] Y.42 [ally.0] inf: units=3 pos=(0.0,0.0) anchorD=385.6 enemyD=-1.0 engineMove=n/a engineArr=TaleWorlds.MountAndBlade.ArrangementOrder wantMove=TaleWorlds.MountAndBlade.MovementOrder wantArr=TaleWorlds.MountAndBlade.ArrangementOrder beh=Charge
[2026-05-08 22:10:13.757] [CrestBattleConvergenceLogic] Y.42 [ally.0] arch: units=319 pos=(0.0,0.0) anchorD=375.7 enemyD=-1.0 engineMove=n/a engineArr=TaleWorlds.MountAndBlade.ArrangementOrder wantMove=TaleWorlds.MountAndBlade.MovementOrder wantArr=TaleWorlds.MountAndBlade.ArrangementOrder beh=Charge
[2026-05-08 22:10:13.757] [CrestBattleConvergenceLogic] Y.42 [ally.0] cav: units=0 (empty)
[2026-05-08 22:10:13.757] [CrestBattleConvergenceLogic] Y.42 [enemy.0] lead=Adaltrud's Party tier=2 parity=-48 variant=Standard units=265
[2026-05-08 22:10:13.757] [CrestBattleConvergenceLogic] Y.42 [enemy.0] inf: units=165 pos=(0.0,0.0) anchorD=690.0 enemyD=-1.0 engineMove=n/a engineArr=TaleWorlds.MountAndBlade.ArrangementOrder wantMove=TaleWorlds.MountAndBlade.MovementOrder wantArr=TaleWorlds.MountAndBlade.ArrangementOrder beh=(unset)
[2026-05-08 22:10:13.757] [CrestBattleConvergenceLogic] Y.42 [enemy.0] arch: units=32 pos=(0.0,0.0) anchorD=701.4 enemyD=-1.0 engineMove=n/a engineArr=TaleWorlds.MountAndBlade.ArrangementOrder wantMove=TaleWorlds.MountAndBlade.MovementOrder wantArr=TaleWorlds.MountAndBlade.ArrangementOrder beh=(unset)
[2026-05-08 22:10:13.757] [CrestBattleConvergenceLogic] Y.42 [enemy.0] cav: units=68 pos=(0.0,0.0) anchorD=684.4 enemyD=-1.0 engineMove=n/a engineArr=TaleWorlds.MountAndBlade.ArrangementOrder wantMove=TaleWorlds.MountAndBlade.MovementOrder wantArr=TaleWorlds.MountAndBlade.ArrangementOrder beh=(unset)
[2026-05-08 22:10:13.757] [CrestBattleConvergenceLogic] Y.42 [enemy.1] lead=Belgir's Party tier=2 parity=-48 variant=Standard units=165
[2026-05-08 22:10:13.757] [CrestBattleConvergenceLogic] Y.42 [enemy.1] inf: units=90 pos=(0.0,0.0) anchorD=385.1 enemyD=-1.0 engineMove=n/a engineArr=TaleWorlds.MountAndBlade.ArrangementOrder wantMove=TaleWorlds.MountAndBlade.MovementOrder wantArr=TaleWorlds.MountAndBlade.ArrangementOrder beh=(unset)
[2026-05-08 22:10:13.757] [CrestBattleConvergenceLogic] Y.42 [enemy.1] arch: units=26 pos=(0.0,0.0) anchorD=375.4 enemyD=-1.0 engineMove=n/a engineArr=TaleWorlds.MountAndBlade.ArrangementOrder wantMove=TaleWorlds.MountAndBlade.MovementOrder wantArr=TaleWorlds.MountAndBlade.ArrangementOrder beh=(unset)
[2026-05-08 22:10:13.757] [CrestBattleConvergenceLogic] Y.42 [enemy.1] cav: units=49 pos=(0.0,0.0) anchorD=395.9 enemyD=-1.0 engineMove=n/a engineArr=TaleWorlds.MountAndBlade.ArrangementOrder wantMove=TaleWorlds.MountAndBlade.MovementOrder wantArr=TaleWorlds.MountAndBlade.ArrangementOrder beh=(unset)
[2026-05-08 22:10:15.689] [CrestBattleConvergenceLogic] Y.30B: pool tier=2 delta=-68 variant=Standard
[2026-05-08 22:10:18.484] [CrestBattleConvergenceLogic]   cap reached on Defender (5/5); Richelda's Party added to waiting list (size 2)
[2026-05-08 22:10:18.604] [CrestBattleConvergenceLogic] tick-status: now=100.9 pending=18 elapsed=0 closestRemaining=4.9s collectDef=0 collectAtt=0 reservedDef=0 reservedAtt=0
[2026-05-08 22:10:18.778] [CrestBattleConvergenceLogic] Y.42 [ally.0] lead=Origand of the Brotherhood's Party tier=2 parity=-68 variant=Standard units=311
[2026-05-08 22:10:18.778] [CrestBattleConvergenceLogic] Y.42 [ally.0] inf: units=3 pos=(0.0,0.0) anchorD=385.6 enemyD=-1.0 engineMove=n/a engineArr=TaleWorlds.MountAndBlade.ArrangementOrder wantMove=TaleWorlds.MountAndBlade.MovementOrder wantArr=TaleWorlds.MountAndBlade.ArrangementOrder beh=Charge
[2026-05-08 22:10:18.778] [CrestBattleConvergenceLogic] Y.42 [ally.0] arch: units=308 pos=(0.0,0.0) anchorD=375.7 enemyD=-1.0 engineMove=n/a engineArr=TaleWorlds.MountAndBlade.ArrangementOrder wantMove=TaleWorlds.MountAndBlade.MovementOrder wantArr=TaleWorlds.MountAndBlade.ArrangementOrder beh=Charge
[2026-05-08 22:10:18.778] [CrestBattleConvergenceLogic] Y.42 [ally.0] cav: units=0 (empty)
[2026-05-08 22:10:18.778] [CrestBattleConvergenceLogic] Y.42 [enemy.0] lead=Adaltrud's Party tier=2 parity=-48 variant=Standard units=261
[2026-05-08 22:10:18.778] [CrestBattleConvergenceLogic] Y.42 [enemy.0] inf: units=165 pos=(0.0,0.0) anchorD=690.0 enemyD=-1.0 engineMove=n/a engineArr=TaleWorlds.MountAndBlade.ArrangementOrder wantMove=TaleWorlds.MountAndBlade.MovementOrder wantArr=TaleWorlds.MountAndBlade.ArrangementOrder beh=(unset)
[2026-05-08 22:10:18.778] [CrestBattleConvergenceLogic] Y.42 [enemy.0] arch: units=32 pos=(0.0,0.0) anchorD=701.4 enemyD=-1.0 engineMove=n/a engineArr=TaleWorlds.MountAndBlade.ArrangementOrder wantMove=TaleWorlds.MountAndBlade.MovementOrder wantArr=TaleWorlds.MountAndBlade.ArrangementOrder beh=(unset)
[2026-05-08 22:10:18.778] [CrestBattleConvergenceLogic] Y.42 [enemy.0] cav: units=64 pos=(0.0,0.0) anchorD=684.4 enemyD=-1.0 engineMove=n/a engineArr=TaleWorlds.MountAndBlade.ArrangementOrder wantMove=TaleWorlds.MountAndBlade.MovementOrder wantArr=TaleWorlds.MountAndBlade.ArrangementOrder beh=(unset)
[2026-05-08 22:10:18.778] [CrestBattleConvergenceLogic] Y.42 [enemy.1] lead=Belgir's Party tier=2 parity=-48 variant=Standard units=129
[2026-05-08 22:10:18.778] [CrestBattleConvergenceLogic] Y.42 [enemy.1] inf: units=65 pos=(0.0,0.0) anchorD=385.1 enemyD=-1.0 engineMove=n/a engineArr=TaleWorlds.MountAndBlade.ArrangementOrder wantMove=TaleWorlds.MountAndBlade.MovementOrder wantArr=TaleWorlds.MountAndBlade.ArrangementOrder beh=(unset)
[2026-05-08 22:10:18.778] [CrestBattleConvergenceLogic] Y.42 [enemy.1] arch: units=17 pos=(0.0,0.0) anchorD=375.4 enemyD=-1.0 engineMove=n/a engineArr=TaleWorlds.MountAndBlade.ArrangementOrder wantMove=TaleWorlds.MountAndBlade.MovementOrder wantArr=TaleWorlds.MountAndBlade.ArrangementOrder beh=(unset)
[2026-05-08 22:10:18.778] [CrestBattleConvergenceLogic] Y.42 [enemy.1] cav: units=47 pos=(0.0,0.0) anchorD=395.9 enemyD=-1.0 engineMove=n/a engineArr=TaleWorlds.MountAndBlade.ArrangementOrder wantMove=TaleWorlds.MountAndBlade.MovementOrder wantArr=TaleWorlds.MountAndBlade.ArrangementOrder beh=(unset)
[2026-05-08 22:10:23.488] [CrestBattleConvergenceLogic]   cap reached on Defender (5/5); Vartin's Party added to waiting list (size 3)
[2026-05-08 22:10:23.606] [CrestBattleConvergenceLogic] tick-status: now=105.9 pending=17 elapsed=0 closestRemaining=4.9s collectDef=0 collectAtt=0 reservedDef=0 reservedAtt=0
[2026-05-08 22:10:23.776] [CrestBattleConvergenceLogic] Y.42 [ally.0] lead=Origand of the Brotherhood's Party tier=2 parity=-68 variant=Standard units=295
[2026-05-08 22:10:23.776] [CrestBattleConvergenceLogic] Y.42 [ally.0] inf: units=3 pos=(0.0,0.0) anchorD=385.6 enemyD=-1.0 engineMove=n/a engineArr=TaleWorlds.MountAndBlade.ArrangementOrder wantMove=TaleWorlds.MountAndBlade.MovementOrder wantArr=TaleWorlds.MountAndBlade.ArrangementOrder beh=Charge
[2026-05-08 22:10:23.776] [CrestBattleConvergenceLogic] Y.42 [ally.0] arch: units=292 pos=(0.0,0.0) anchorD=375.7 enemyD=-1.0 engineMove=n/a engineArr=TaleWorlds.MountAndBlade.ArrangementOrder wantMove=TaleWorlds.MountAndBlade.MovementOrder wantArr=TaleWorlds.MountAndBlade.ArrangementOrder beh=Charge
[2026-05-08 22:10:23.776] [CrestBattleConvergenceLogic] Y.42 [ally.0] cav: units=0 (empty)
[2026-05-08 22:10:23.776] [CrestBattleConvergenceLogic] Y.42 [enemy.0] lead=Adaltrud's Party tier=2 parity=-48 variant=Standard units=261
[2026-05-08 22:10:23.776] [CrestBattleConvergenceLogic] Y.42 [enemy.0] inf: units=165 pos=(0.0,0.0) anchorD=690.0 enemyD=-1.0 engineMove=n/a engineArr=TaleWorlds.MountAndBlade.ArrangementOrder wantMove=TaleWorlds.MountAndBlade.MovementOrder wantArr=TaleWorlds.MountAndBlade.ArrangementOrder beh=(unset)
[2026-05-08 22:10:23.776] [CrestBattleConvergenceLogic] Y.42 [enemy.0] arch: units=32 pos=(0.0,0.0) anchorD=701.4 enemyD=-1.0 engineMove=n/a engineArr=TaleWorlds.MountAndBlade.ArrangementOrder wantMove=TaleWorlds.MountAndBlade.MovementOrder wantArr=TaleWorlds.MountAndBlade.ArrangementOrder beh=(unset)
[2026-05-08 22:10:23.776] [CrestBattleConvergenceLogic] Y.42 [enemy.0] cav: units=64 pos=(0.0,0.0) anchorD=684.4 enemyD=-1.0 engineMove=n/a engineArr=TaleWorlds.MountAndBlade.ArrangementOrder wantMove=TaleWorlds.MountAndBlade.MovementOrder wantArr=TaleWorlds.MountAndBlade.ArrangementOrder beh=(unset)
[2026-05-08 22:10:23.776] [CrestBattleConvergenceLogic] Y.42 [enemy.1] lead=Belgir's Party tier=2 parity=-48 variant=Standard units=109
[2026-05-08 22:10:23.776] [CrestBattleConvergenceLogic] Y.42 [enemy.1] inf: units=52 pos=(0.0,0.0) anchorD=385.1 enemyD=-1.0 engineMove=n/a engineArr=TaleWorlds.MountAndBlade.ArrangementOrder wantMove=TaleWorlds.MountAndBlade.MovementOrder wantArr=TaleWorlds.MountAndBlade.ArrangementOrder beh=(unset)
[2026-05-08 22:10:23.776] [CrestBattleConvergenceLogic] Y.42 [enemy.1] arch: units=11 pos=(0.0,0.0) anchorD=375.4 enemyD=-1.0 engineMove=n/a engineArr=TaleWorlds.MountAndBlade.ArrangementOrder wantMove=TaleWorlds.MountAndBlade.MovementOrder wantArr=TaleWorlds.MountAndBlade.ArrangementOrder beh=(unset)
[2026-05-08 22:10:23.776] [CrestBattleConvergenceLogic] Y.42 [enemy.1] cav: units=46 pos=(0.0,0.0) anchorD=395.9 enemyD=-1.0 engineMove=n/a engineArr=TaleWorlds.MountAndBlade.ArrangementOrder wantMove=TaleWorlds.MountAndBlade.MovementOrder wantArr=TaleWorlds.MountAndBlade.ArrangementOrder beh=(unset)
[2026-05-08 22:10:28.489] [CrestBattleConvergenceLogic]   cap reached on Defender (5/5); Romund's Party added to waiting list (size 4)
[2026-05-08 22:10:28.611] [CrestBattleConvergenceLogic] tick-status: now=110.9 pending=16 elapsed=0 closestRemaining=4.9s collectDef=0 collectAtt=0 reservedDef=0 reservedAtt=0
[2026-05-08 22:10:28.781] [CrestBattleConvergenceLogic] Y.42 [ally.0] lead=Origand of the Brotherhood's Party tier=2 parity=-68 variant=Standard units=287
[2026-05-08 22:10:28.781] [CrestBattleConvergenceLogic] Y.42 [ally.0] inf: units=3 pos=(0.0,0.0) anchorD=385.6 enemyD=-1.0 engineMove=n/a engineArr=TaleWorlds.MountAndBlade.ArrangementOrder wantMove=TaleWorlds.MountAndBlade.MovementOrder wantArr=TaleWorlds.MountAndBlade.ArrangementOrder beh=Charge
[2026-05-08 22:10:28.781] [CrestBattleConvergenceLogic] Y.42 [ally.0] arch: units=284 pos=(0.0,0.0) anchorD=375.7 enemyD=-1.0 engineMove=n/a engineArr=TaleWorlds.MountAndBlade.ArrangementOrder wantMove=TaleWorlds.MountAndBlade.MovementOrder wantArr=TaleWorlds.MountAndBlade.ArrangementOrder beh=Charge
[2026-05-08 22:10:28.781] [CrestBattleConvergenceLogic] Y.42 [ally.0] cav: units=0 (empty)
[2026-05-08 22:10:28.781] [CrestBattleConvergenceLogic] Y.42 [enemy.0] lead=Adaltrud's Party tier=2 parity=43 variant=Standard units=257
[2026-05-08 22:10:28.781] [CrestBattleConvergenceLogic] Y.42 [enemy.0] inf: units=164 pos=(0.0,0.0) anchorD=690.0 enemyD=-1.0 engineMove=n/a engineArr=TaleWorlds.MountAndBlade.ArrangementOrder wantMove=TaleWorlds.MountAndBlade.MovementOrder wantArr=TaleWorlds.MountAndBlade.ArrangementOrder beh=(unset)
[2026-05-08 22:10:28.781] [CrestBattleConvergenceLogic] Y.42 [enemy.0] arch: units=32 pos=(0.0,0.0) anchorD=701.4 enemyD=-1.0 engineMove=n/a engineArr=TaleWorlds.MountAndBlade.ArrangementOrder wantMove=TaleWorlds.MountAndBlade.MovementOrder wantArr=TaleWorlds.MountAndBlade.ArrangementOrder beh=(unset)
[2026-05-08 22:10:28.781] [CrestBattleConvergenceLogic] Y.42 [enemy.0] cav: units=61 pos=(0.0,0.0) anchorD=684.4 enemyD=-1.0 engineMove=n/a engineArr=TaleWorlds.MountAndBlade.ArrangementOrder wantMove=TaleWorlds.MountAndBlade.MovementOrder wantArr=TaleWorlds.MountAndBlade.ArrangementOrder beh=(unset)
[2026-05-08 22:10:28.781] [CrestBattleConvergenceLogic] Y.42 [enemy.1] lead=Belgir's Party tier=2 parity=43 variant=Standard units=86
[2026-05-08 22:10:28.781] [CrestBattleConvergenceLogic] Y.42 [enemy.1] inf: units=38 pos=(0.0,0.0) anchorD=385.1 enemyD=-1.0 engineMove=n/a engineArr=TaleWorlds.MountAndBlade.ArrangementOrder wantMove=TaleWorlds.MountAndBlade.MovementOrder wantArr=TaleWorlds.MountAndBlade.ArrangementOrder beh=(unset)
[2026-05-08 22:10:28.781] [CrestBattleConvergenceLogic] Y.42 [enemy.1] arch: units=4 pos=(0.0,0.0) anchorD=375.4 enemyD=-1.0 engineMove=n/a engineArr=TaleWorlds.MountAndBlade.ArrangementOrder wantMove=TaleWorlds.MountAndBlade.MovementOrder wantArr=TaleWorlds.MountAndBlade.ArrangementOrder beh=(unset)
[2026-05-08 22:10:28.781] [CrestBattleConvergenceLogic] Y.42 [enemy.1] cav: units=44 pos=(0.0,0.0) anchorD=395.9 enemyD=-1.0 engineMove=n/a engineArr=TaleWorlds.MountAndBlade.ArrangementOrder wantMove=TaleWorlds.MountAndBlade.MovementOrder wantArr=TaleWorlds.MountAndBlade.ArrangementOrder beh=(unset)
[2026-05-08 22:10:33.493] [CrestBattleConvergenceLogic]   cap reached on Defender (5/5); Derthert's Party added to waiting list (size 5)
[2026-05-08 22:10:33.615] [CrestBattleConvergenceLogic] tick-status: now=115.9 pending=15 elapsed=0 closestRemaining=4.9s collectDef=0 collectAtt=0 reservedDef=0 reservedAtt=0
[2026-05-08 22:10:33.784] [CrestBattleConvergenceLogic] Y.42 [ally.0] lead=Origand of the Brotherhood's Party tier=2 parity=-24 variant=Standard units=270
[2026-05-08 22:10:33.784] [CrestBattleConvergenceLogic] Y.42 [ally.0] inf: units=1 pos=(0.0,0.0) anchorD=385.6 enemyD=-1.0 engineMove=n/a engineArr=TaleWorlds.MountAndBlade.ArrangementOrder wantMove=TaleWorlds.MountAndBlade.MovementOrder wantArr=TaleWorlds.MountAndBlade.ArrangementOrder beh=Charge
[2026-05-08 22:10:33.784] [CrestBattleConvergenceLogic] Y.42 [ally.0] arch: units=269 pos=(0.0,0.0) anchorD=375.7 enemyD=-1.0 engineMove=n/a engineArr=TaleWorlds.MountAndBlade.ArrangementOrder wantMove=TaleWorlds.MountAndBlade.MovementOrder wantArr=TaleWorlds.MountAndBlade.ArrangementOrder beh=Charge
[2026-05-08 22:10:33.784] [CrestBattleConvergenceLogic] Y.42 [ally.0] cav: units=0 (empty)
[2026-05-08 22:10:33.784] [CrestBattleConvergenceLogic] Y.42 [enemy.0] lead=Adaltrud's Party tier=2 parity=43 variant=Standard units=253
[2026-05-08 22:10:33.784] [CrestBattleConvergenceLogic] Y.42 [enemy.0] inf: units=164 pos=(0.0,0.0) anchorD=690.0 enemyD=-1.0 engineMove=n/a engineArr=TaleWorlds.MountAndBlade.ArrangementOrder wantMove=TaleWorlds.MountAndBlade.MovementOrder wantArr=TaleWorlds.MountAndBlade.ArrangementOrder beh=(unset)
[2026-05-08 22:10:33.784] [CrestBattleConvergenceLogic] Y.42 [enemy.0] arch: units=32 pos=(0.0,0.0) anchorD=701.4 enemyD=-1.0 engineMove=n/a engineArr=TaleWorlds.MountAndBlade.ArrangementOrder wantMove=TaleWorlds.MountAndBlade.MovementOrder wantArr=TaleWorlds.MountAndBlade.ArrangementOrder beh=(unset)
[2026-05-08 22:10:33.784] [CrestBattleConvergenceLogic] Y.42 [enemy.0] cav: units=57 pos=(0.0,0.0) anchorD=684.4 enemyD=-1.0 engineMove=n/a engineArr=TaleWorlds.MountAndBlade.ArrangementOrder wantMove=TaleWorlds.MountAndBlade.MovementOrder wantArr=TaleWorlds.MountAndBlade.ArrangementOrder beh=(unset)
[2026-05-08 22:10:33.784] [CrestBattleConvergenceLogic] Y.42 [enemy.1] lead=Belgir's Party tier=2 parity=43 variant=Standard units=62
[2026-05-08 22:10:33.784] [CrestBattleConvergenceLogic] Y.42 [enemy.1] inf: units=20 pos=(0.0,0.0) anchorD=385.1 enemyD=-1.0 engineMove=n/a engineArr=TaleWorlds.MountAndBlade.ArrangementOrder wantMove=TaleWorlds.MountAndBlade.MovementOrder wantArr=TaleWorlds.MountAndBlade.ArrangementOrder beh=(unset)
[2026-05-08 22:10:33.784] [CrestBattleConvergenceLogic] Y.42 [enemy.1] arch: units=2 pos=(0.0,0.0) anchorD=375.4 enemyD=-1.0 engineMove=n/a engineArr=TaleWorlds.MountAndBlade.ArrangementOrder wantMove=TaleWorlds.MountAndBlade.MovementOrder wantArr=TaleWorlds.MountAndBlade.ArrangementOrder beh=(unset)
[2026-05-08 22:10:33.784] [CrestBattleConvergenceLogic] Y.42 [enemy.1] cav: units=40 pos=(0.0,0.0) anchorD=395.9 enemyD=-1.0 engineMove=n/a engineArr=TaleWorlds.MountAndBlade.ArrangementOrder wantMove=TaleWorlds.MountAndBlade.MovementOrder wantArr=TaleWorlds.MountAndBlade.ArrangementOrder beh=(unset)
[2026-05-08 22:10:38.497] [CrestBattleConvergenceLogic]   cap reached on Defender (5/5); Morcon's Party added to waiting list (size 6)
[2026-05-08 22:10:38.620] [CrestBattleConvergenceLogic] tick-status: now=120.9 pending=14 elapsed=0 closestRemaining=4.9s collectDef=0 collectAtt=0 reservedDef=0 reservedAtt=0
[2026-05-08 22:10:38.792] [CrestBattleConvergenceLogic] Y.42 [ally.0] lead=Origand of the Brotherhood's Party tier=2 parity=-24 variant=Standard units=262
[2026-05-08 22:10:38.792] [CrestBattleConvergenceLogic] Y.42 [ally.0] inf: units=1 pos=(0.0,0.0) anchorD=385.6 enemyD=-1.0 engineMove=n/a engineArr=TaleWorlds.MountAndBlade.ArrangementOrder wantMove=TaleWorlds.MountAndBlade.MovementOrder wantArr=TaleWorlds.MountAndBlade.ArrangementOrder beh=Charge
[2026-05-08 22:10:38.792] [CrestBattleConvergenceLogic] Y.42 [ally.0] arch: units=261 pos=(0.0,0.0) anchorD=375.7 enemyD=-1.0 engineMove=n/a engineArr=TaleWorlds.MountAndBlade.ArrangementOrder wantMove=TaleWorlds.MountAndBlade.MovementOrder wantArr=TaleWorlds.MountAndBlade.ArrangementOrder beh=Charge
[2026-05-08 22:10:38.792] [CrestBattleConvergenceLogic] Y.42 [ally.0] cav: units=0 (empty)
[2026-05-08 22:10:38.792] [CrestBattleConvergenceLogic] Y.42 [enemy.0] lead=Adaltrud's Party tier=2 parity=43 variant=Standard units=249
[2026-05-08 22:10:38.792] [CrestBattleConvergenceLogic] Y.42 [enemy.0] inf: units=164 pos=(0.0,0.0) anchorD=690.0 enemyD=-1.0 engineMove=n/a engineArr=TaleWorlds.MountAndBlade.ArrangementOrder wantMove=TaleWorlds.MountAndBlade.MovementOrder wantArr=TaleWorlds.MountAndBlade.ArrangementOrder beh=(unset)
[2026-05-08 22:10:38.792] [CrestBattleConvergenceLogic] Y.42 [enemy.0] arch: units=32 pos=(0.0,0.0) anchorD=701.4 enemyD=-1.0 engineMove=n/a engineArr=TaleWorlds.MountAndBlade.ArrangementOrder wantMove=TaleWorlds.MountAndBlade.MovementOrder wantArr=TaleWorlds.MountAndBlade.ArrangementOrder beh=(unset)
[2026-05-08 22:10:38.792] [CrestBattleConvergenceLogic] Y.42 [enemy.0] cav: units=53 pos=(0.0,0.0) anchorD=684.4 enemyD=-1.0 engineMove=n/a engineArr=TaleWorlds.MountAndBlade.ArrangementOrder wantMove=TaleWorlds.MountAndBlade.MovementOrder wantArr=TaleWorlds.MountAndBlade.ArrangementOrder beh=(unset)
[2026-05-08 22:10:38.792] [CrestBattleConvergenceLogic] Y.42 [enemy.1] lead=Belgir's Party tier=2 parity=43 variant=Standard units=39
[2026-05-08 22:10:38.792] [CrestBattleConvergenceLogic] Y.42 [enemy.1] inf: units=5 pos=(0.0,0.0) anchorD=385.1 enemyD=-1.0 engineMove=n/a engineArr=TaleWorlds.MountAndBlade.ArrangementOrder wantMove=TaleWorlds.MountAndBlade.MovementOrder wantArr=TaleWorlds.MountAndBlade.ArrangementOrder beh=(unset)
[2026-05-08 22:10:38.792] [CrestBattleConvergenceLogic] Y.42 [enemy.1] arch: units=1 pos=(0.0,0.0) anchorD=375.4 enemyD=-1.0 engineMove=n/a engineArr=TaleWorlds.MountAndBlade.ArrangementOrder wantMove=TaleWorlds.MountAndBlade.MovementOrder wantArr=TaleWorlds.MountAndBlade.ArrangementOrder beh=(unset)
[2026-05-08 22:10:38.792] [CrestBattleConvergenceLogic] Y.42 [enemy.1] cav: units=33 pos=(0.0,0.0) anchorD=395.9 enemyD=-1.0 engineMove=n/a engineArr=TaleWorlds.MountAndBlade.ArrangementOrder wantMove=TaleWorlds.MountAndBlade.MovementOrder wantArr=TaleWorlds.MountAndBlade.ArrangementOrder beh=(unset)
[2026-05-08 22:10:43.495] [CrestBattleConvergenceLogic] queued Asgotha's Party (Nord) team=0 side=Attacker dist=146.7 active=4/5
[2026-05-08 22:10:43.629] [CrestBattleConvergenceLogic] tick-status: now=125.9 pending=13 elapsed=0 closestRemaining=4.9s collectDef=0 collectAtt=1 reservedDef=0 reservedAtt=0
[2026-05-08 22:10:43.797] [CrestBattleConvergenceLogic] Y.42 [ally.0] lead=Origand of the Brotherhood's Party tier=2 parity=-24 variant=Standard units=261
[2026-05-08 22:10:43.797] [CrestBattleConvergenceLogic] Y.42 [ally.0] inf: units=1 pos=(0.0,0.0) anchorD=385.6 enemyD=-1.0 engineMove=n/a engineArr=TaleWorlds.MountAndBlade.ArrangementOrder wantMove=TaleWorlds.MountAndBlade.MovementOrder wantArr=TaleWorlds.MountAndBlade.ArrangementOrder beh=Charge
[2026-05-08 22:10:43.797] [CrestBattleConvergenceLogic] Y.42 [ally.0] arch: units=260 pos=(0.0,0.0) anchorD=375.7 enemyD=-1.0 engineMove=n/a engineArr=TaleWorlds.MountAndBlade.ArrangementOrder wantMove=TaleWorlds.MountAndBlade.MovementOrder wantArr=TaleWorlds.MountAndBlade.ArrangementOrder beh=Charge
[2026-05-08 22:10:43.797] [CrestBattleConvergenceLogic] Y.42 [ally.0] cav: units=0 (empty)
[2026-05-08 22:10:43.797] [CrestBattleConvergenceLogic] Y.42 [enemy.0] lead=Adaltrud's Party tier=2 parity=-4 variant=Standard units=244
[2026-05-08 22:10:43.797] [CrestBattleConvergenceLogic] Y.42 [enemy.0] inf: units=163 pos=(0.0,0.0) anchorD=690.0 enemyD=-1.0 engineMove=n/a engineArr=TaleWorlds.MountAndBlade.ArrangementOrder wantMove=TaleWorlds.MountAndBlade.MovementOrder wantArr=TaleWorlds.MountAndBlade.ArrangementOrder beh=(unset)
[2026-05-08 22:10:43.797] [CrestBattleConvergenceLogic] Y.42 [enemy.0] arch: units=32 pos=(0.0,0.0) anchorD=701.4 enemyD=-1.0 engineMove=n/a engineArr=TaleWorlds.MountAndBlade.ArrangementOrder wantMove=TaleWorlds.MountAndBlade.MovementOrder wantArr=TaleWorlds.MountAndBlade.ArrangementOrder beh=(unset)
[2026-05-08 22:10:43.797] [CrestBattleConvergenceLogic] Y.42 [enemy.0] cav: units=49 pos=(0.0,0.0) anchorD=684.4 enemyD=-1.0 engineMove=n/a engineArr=TaleWorlds.MountAndBlade.ArrangementOrder wantMove=TaleWorlds.MountAndBlade.MovementOrder wantArr=TaleWorlds.MountAndBlade.ArrangementOrder beh=(unset)
[2026-05-08 22:10:43.797] [CrestBattleConvergenceLogic] Y.42 [enemy.1] lead=Belgir's Party tier=2 parity=-4 variant=Standard units=30
[2026-05-08 22:10:43.797] [CrestBattleConvergenceLogic] Y.42 [enemy.1] inf: units=1 pos=(0.0,0.0) anchorD=385.1 enemyD=-1.0 engineMove=n/a engineArr=TaleWorlds.MountAndBlade.ArrangementOrder wantMove=TaleWorlds.MountAndBlade.MovementOrder wantArr=TaleWorlds.MountAndBlade.ArrangementOrder beh=(unset)
[2026-05-08 22:10:43.797] [CrestBattleConvergenceLogic] Y.42 [enemy.1] arch: units=0 (empty)
[2026-05-08 22:10:43.797] [CrestBattleConvergenceLogic] Y.42 [enemy.1] cav: units=29 pos=(0.0,0.0) anchorD=395.9 enemyD=-1.0 engineMove=n/a engineArr=TaleWorlds.MountAndBlade.ArrangementOrder wantMove=TaleWorlds.MountAndBlade.MovementOrder wantArr=TaleWorlds.MountAndBlade.ArrangementOrder beh=(unset)
[2026-05-08 22:10:45.769] [CrestBattleConvergenceLogic] registered Asgotha's Party on Attacker: 171 agents queued (queue size now 171)
[2026-05-08 22:10:45.771] [CrestBattleConvergenceLogic] Y.30B: pool tier=2 delta=20 variant=Standard
[2026-05-08 22:10:45.771] [CrestBattleConvergenceLogic] Y.34: pool anchors set inf=(247.4,644.1) arch=(247.8,656.1) cav=(229.4,644.8)
[2026-05-08 22:10:45.771] [CrestBattleConvergenceLogic] Y.30: ally pool[1] lead=Asgotha's Party tactics=176 (first); LordCount=1
[2026-05-08 22:10:48.651] [CrestBattleConvergenceLogic]   cap reached on Defender (5/5); Unthery's Party added to waiting list (size 7)
[2026-05-08 22:10:48.785] [CrestBattleConvergenceLogic] tick-status: now=130.9 pending=12 elapsed=0 closestRemaining=4.9s collectDef=0 collectAtt=0 reservedDef=0 reservedAtt=21
[2026-05-08 22:10:48.977] [CrestBattleConvergenceLogic] Y.42 [ally.0] lead=Origand of the Brotherhood's Party tier=2 parity=20 variant=Standard units=259
[2026-05-08 22:10:48.977] [CrestBattleConvergenceLogic] Y.42 [ally.0] inf: units=1 pos=(0.0,0.0) anchorD=385.6 enemyD=-1.0 engineMove=n/a engineArr=TaleWorlds.MountAndBlade.ArrangementOrder wantMove=TaleWorlds.MountAndBlade.MovementOrder wantArr=TaleWorlds.MountAndBlade.ArrangementOrder beh=Charge
[2026-05-08 22:10:48.977] [CrestBattleConvergenceLogic] Y.42 [ally.0] arch: units=258 pos=(0.0,0.0) anchorD=375.7 enemyD=-1.0 engineMove=n/a engineArr=TaleWorlds.MountAndBlade.ArrangementOrder wantMove=TaleWorlds.MountAndBlade.MovementOrder wantArr=TaleWorlds.MountAndBlade.ArrangementOrder beh=Charge
[2026-05-08 22:10:48.977] [CrestBattleConvergenceLogic] Y.42 [ally.0] cav: units=0 (empty)
[2026-05-08 22:10:48.977] [CrestBattleConvergenceLogic] Y.42 [ally.1] lead=Asgotha's Party tier=2 parity=20 variant=Standard units=171
[2026-05-08 22:10:48.977] [CrestBattleConvergenceLogic] Y.42 [ally.1] inf: units=122 pos=(0.0,0.0) anchorD=690.0 enemyD=-1.0 engineMove=n/a engineArr=TaleWorlds.MountAndBlade.ArrangementOrder wantMove=TaleWorlds.MountAndBlade.MovementOrder wantArr=TaleWorlds.MountAndBlade.ArrangementOrder beh=Charge
[2026-05-08 22:10:48.977] [CrestBattleConvergenceLogic] Y.42 [ally.1] arch: units=49 pos=(0.0,0.0) anchorD=701.4 enemyD=-1.0 engineMove=n/a engineArr=TaleWorlds.MountAndBlade.ArrangementOrder wantMove=TaleWorlds.MountAndBlade.MovementOrder wantArr=TaleWorlds.MountAndBlade.ArrangementOrder beh=Charge
[2026-05-08 22:10:48.977] [CrestBattleConvergenceLogic] Y.42 [ally.1] cav: units=0 (empty)
[2026-05-08 22:10:48.977] [CrestBattleConvergenceLogic] Y.42 [enemy.0] lead=Adaltrud's Party tier=2 parity=-4 variant=Standard units=238
[2026-05-08 22:10:48.977] [CrestBattleConvergenceLogic] Y.42 [enemy.0] inf: units=160 pos=(0.0,0.0) anchorD=690.0 enemyD=-1.0 engineMove=n/a engineArr=TaleWorlds.MountAndBlade.ArrangementOrder wantMove=TaleWorlds.MountAndBlade.MovementOrder wantArr=TaleWorlds.MountAndBlade.ArrangementOrder beh=(unset)
[2026-05-08 22:10:48.977] [CrestBattleConvergenceLogic] Y.42 [enemy.0] arch: units=32 pos=(0.0,0.0) anchorD=701.4 enemyD=-1.0 engineMove=n/a engineArr=TaleWorlds.MountAndBlade.ArrangementOrder wantMove=TaleWorlds.MountAndBlade.MovementOrder wantArr=TaleWorlds.MountAndBlade.ArrangementOrder beh=(unset)
[2026-05-08 22:10:48.977] [CrestBattleConvergenceLogic] Y.42 [enemy.0] cav: units=46 pos=(0.0,0.0) anchorD=684.4 enemyD=-1.0 engineMove=n/a engineArr=TaleWorlds.MountAndBlade.ArrangementOrder wantMove=TaleWorlds.MountAndBlade.MovementOrder wantArr=TaleWorlds.MountAndBlade.ArrangementOrder beh=(unset)
[2026-05-08 22:10:48.977] [CrestBattleConvergenceLogic] Y.42 [enemy.1] lead=Belgir's Party tier=2 parity=-4 variant=Standard units=20
[2026-05-08 22:10:48.977] [CrestBattleConvergenceLogic] Y.42 [enemy.1] inf: units=0 (empty)
[2026-05-08 22:10:48.977] [CrestBattleConvergenceLogic] Y.42 [enemy.1] arch: units=0 (empty)
[2026-05-08 22:10:48.977] [CrestBattleConvergenceLogic] Y.42 [enemy.1] cav: units=20 pos=(0.0,0.0) anchorD=395.9 enemyD=-1.0 engineMove=n/a engineArr=TaleWorlds.MountAndBlade.ArrangementOrder wantMove=TaleWorlds.MountAndBlade.MovementOrder wantArr=TaleWorlds.MountAndBlade.ArrangementOrder beh=(unset)
[2026-05-08 22:10:53.655] [CrestBattleConvergenceLogic]   cap reached on Defender (5/5); Arthamund's Party added to waiting list (size 8)
[2026-05-08 22:10:53.789] [CrestBattleConvergenceLogic] tick-status: now=135.9 pending=11 elapsed=0 closestRemaining=4.9s collectDef=0 collectAtt=0 reservedDef=0 reservedAtt=0
[2026-05-08 22:10:53.994] [CrestBattleConvergenceLogic] Y.42 [ally.0] lead=Origand of the Brotherhood's Party tier=2 parity=20 variant=Standard units=258
[2026-05-08 22:10:53.994] [CrestBattleConvergenceLogic] Y.42 [ally.0] inf: units=1 pos=(0.0,0.0) anchorD=385.6 enemyD=-1.0 engineMove=n/a engineArr=TaleWorlds.MountAndBlade.ArrangementOrder wantMove=TaleWorlds.MountAndBlade.MovementOrder wantArr=TaleWorlds.MountAndBlade.ArrangementOrder beh=Charge
[2026-05-08 22:10:53.994] [CrestBattleConvergenceLogic] Y.42 [ally.0] arch: units=257 pos=(0.0,0.0) anchorD=375.7 enemyD=-1.0 engineMove=n/a engineArr=TaleWorlds.MountAndBlade.ArrangementOrder wantMove=TaleWorlds.MountAndBlade.MovementOrder wantArr=TaleWorlds.MountAndBlade.ArrangementOrder beh=Charge
[2026-05-08 22:10:53.994] [CrestBattleConvergenceLogic] Y.42 [ally.0] cav: units=0 (empty)
[2026-05-08 22:10:53.994] [CrestBattleConvergenceLogic] Y.42 [ally.1] lead=Asgotha's Party tier=2 parity=20 variant=Standard units=165
[2026-05-08 22:10:53.994] [CrestBattleConvergenceLogic] Y.42 [ally.1] inf: units=120 pos=(0.0,0.0) anchorD=690.0 enemyD=-1.0 engineMove=n/a engineArr=TaleWorlds.MountAndBlade.ArrangementOrder wantMove=TaleWorlds.MountAndBlade.MovementOrder wantArr=TaleWorlds.MountAndBlade.ArrangementOrder beh=Charge
[2026-05-08 22:10:53.994] [CrestBattleConvergenceLogic] Y.42 [ally.1] arch: units=45 pos=(0.0,0.0) anchorD=701.4 enemyD=-1.0 engineMove=n/a engineArr=TaleWorlds.MountAndBlade.ArrangementOrder wantMove=TaleWorlds.MountAndBlade.MovementOrder wantArr=TaleWorlds.MountAndBlade.ArrangementOrder beh=Charge
[2026-05-08 22:10:53.994] [CrestBattleConvergenceLogic] Y.42 [ally.1] cav: units=0 (empty)
[2026-05-08 22:10:53.994] [CrestBattleConvergenceLogic] Y.42 [enemy.0] lead=Adaltrud's Party tier=2 parity=-4 variant=Standard units=222
[2026-05-08 22:10:53.994] [CrestBattleConvergenceLogic] Y.42 [enemy.0] inf: units=153 pos=(0.0,0.0) anchorD=690.0 enemyD=-1.0 engineMove=n/a engineArr=TaleWorlds.MountAndBlade.ArrangementOrder wantMove=TaleWorlds.MountAndBlade.MovementOrder wantArr=TaleWorlds.MountAndBlade.ArrangementOrder beh=(unset)
[2026-05-08 22:10:53.994] [CrestBattleConvergenceLogic] Y.42 [enemy.0] arch: units=26 pos=(0.0,0.0) anchorD=701.4 enemyD=-1.0 engineMove=n/a engineArr=TaleWorlds.MountAndBlade.ArrangementOrder wantMove=TaleWorlds.MountAndBlade.MovementOrder wantArr=TaleWorlds.MountAndBlade.ArrangementOrder beh=(unset)
[2026-05-08 22:10:53.994] [CrestBattleConvergenceLogic] Y.42 [enemy.0] cav: units=43 pos=(0.0,0.0) anchorD=684.4 enemyD=-1.0 engineMove=n/a engineArr=TaleWorlds.MountAndBlade.ArrangementOrder wantMove=TaleWorlds.MountAndBlade.MovementOrder wantArr=TaleWorlds.MountAndBlade.ArrangementOrder beh=(unset)
[2026-05-08 22:10:53.994] [CrestBattleConvergenceLogic] Y.42 [enemy.1] lead=Belgir's Party tier=2 parity=-4 variant=Standard units=9
[2026-05-08 22:10:53.994] [CrestBattleConvergenceLogic] Y.42 [enemy.1] inf: units=0 (empty)
[2026-05-08 22:10:53.994] [CrestBattleConvergenceLogic] Y.42 [enemy.1] arch: units=0 (empty)
[2026-05-08 22:10:53.994] [CrestBattleConvergenceLogic] Y.42 [enemy.1] cav: units=9 pos=(0.0,0.0) anchorD=395.9 enemyD=-1.0 engineMove=n/a engineArr=TaleWorlds.MountAndBlade.ArrangementOrder wantMove=TaleWorlds.MountAndBlade.MovementOrder wantArr=TaleWorlds.MountAndBlade.ArrangementOrder beh=(unset)
[2026-05-08 22:10:54.827] [CrestBattleConvergenceLogic] Y.30B: pool tier=2 delta=-225 variant=ShieldWall
[2026-05-08 22:10:54.888] [CrestBattleConvergenceLogic] Y.30B: pool tier=2 delta=-225 variant=ShieldWall
[2026-05-08 22:10:57.295] [CrestBattleConvergenceLogic] party eliminated: Furnhard's Party (Vlandia); defActive=4 attActive=4
[2026-05-08 22:10:58.654] [CrestBattleConvergenceLogic] queued Calatild's Party (Vlandia) team=1 side=Defender dist=173.8 active=5/5
[2026-05-08 22:10:58.805] [CrestBattleConvergenceLogic] tick-status: now=140.9 pending=10 elapsed=0 closestRemaining=4.8s collectDef=1 collectAtt=0 reservedDef=0 reservedAtt=0
[2026-05-08 22:10:59.010] [CrestBattleConvergenceLogic] Y.42 [ally.0] lead=Origand of the Brotherhood's Party tier=2 parity=20 variant=Standard units=257
[2026-05-08 22:10:59.010] [CrestBattleConvergenceLogic] Y.42 [ally.0] inf: units=1 pos=(0.0,0.0) anchorD=385.6 enemyD=-1.0 engineMove=n/a engineArr=TaleWorlds.MountAndBlade.ArrangementOrder wantMove=TaleWorlds.MountAndBlade.MovementOrder wantArr=TaleWorlds.MountAndBlade.ArrangementOrder beh=Charge
[2026-05-08 22:10:59.010] [CrestBattleConvergenceLogic] Y.42 [ally.0] arch: units=256 pos=(0.0,0.0) anchorD=375.7 enemyD=-1.0 engineMove=n/a engineArr=TaleWorlds.MountAndBlade.ArrangementOrder wantMove=TaleWorlds.MountAndBlade.MovementOrder wantArr=TaleWorlds.MountAndBlade.ArrangementOrder beh=Charge
[2026-05-08 22:10:59.010] [CrestBattleConvergenceLogic] Y.42 [ally.0] cav: units=0 (empty)
[2026-05-08 22:10:59.010] [CrestBattleConvergenceLogic] Y.42 [ally.1] lead=Asgotha's Party tier=2 parity=20 variant=Standard units=161
[2026-05-08 22:10:59.010] [CrestBattleConvergenceLogic] Y.42 [ally.1] inf: units=117 pos=(0.0,0.0) anchorD=690.0 enemyD=-1.0 engineMove=n/a engineArr=TaleWorlds.MountAndBlade.ArrangementOrder wantMove=TaleWorlds.MountAndBlade.MovementOrder wantArr=TaleWorlds.MountAndBlade.ArrangementOrder beh=Charge
[2026-05-08 22:10:59.010] [CrestBattleConvergenceLogic] Y.42 [ally.1] arch: units=44 pos=(0.0,0.0) anchorD=701.4 enemyD=-1.0 engineMove=n/a engineArr=TaleWorlds.MountAndBlade.ArrangementOrder wantMove=TaleWorlds.MountAndBlade.MovementOrder wantArr=TaleWorlds.MountAndBlade.ArrangementOrder beh=Charge
[2026-05-08 22:10:59.010] [CrestBattleConvergenceLogic] Y.42 [ally.1] cav: units=0 (empty)
[2026-05-08 22:10:59.010] [CrestBattleConvergenceLogic] Y.42 [enemy.0] lead=Adaltrud's Party tier=2 parity=-225 variant=ShieldWall units=213
[2026-05-08 22:10:59.010] [CrestBattleConvergenceLogic] Y.42 [enemy.0] inf: units=152 pos=(0.0,0.0) anchorD=690.0 enemyD=-1.0 engineMove=n/a engineArr=TaleWorlds.MountAndBlade.ArrangementOrder wantMove=TaleWorlds.MountAndBlade.MovementOrder wantArr=TaleWorlds.MountAndBlade.ArrangementOrder beh=(unset)
[2026-05-08 22:10:59.010] [CrestBattleConvergenceLogic] Y.42 [enemy.0] arch: units=20 pos=(0.0,0.0) anchorD=701.4 enemyD=-1.0 engineMove=n/a engineArr=TaleWorlds.MountAndBlade.ArrangementOrder wantMove=TaleWorlds.MountAndBlade.MovementOrder wantArr=TaleWorlds.MountAndBlade.ArrangementOrder beh=(unset)
[2026-05-08 22:10:59.010] [CrestBattleConvergenceLogic] Y.42 [enemy.0] cav: units=41 pos=(0.0,0.0) anchorD=684.4 enemyD=-1.0 engineMove=n/a engineArr=TaleWorlds.MountAndBlade.ArrangementOrder wantMove=TaleWorlds.MountAndBlade.MovementOrder wantArr=TaleWorlds.MountAndBlade.ArrangementOrder beh=(unset)
[2026-05-08 22:10:59.010] [CrestBattleConvergenceLogic] Y.42 [enemy.1] lead=Belgir's Party tier=2 parity=-225 variant=ShieldWall units=3
[2026-05-08 22:10:59.010] [CrestBattleConvergenceLogic] Y.42 [enemy.1] inf: units=0 (empty)
[2026-05-08 22:10:59.010] [CrestBattleConvergenceLogic] Y.42 [enemy.1] arch: units=0 (empty)
[2026-05-08 22:10:59.010] [CrestBattleConvergenceLogic] Y.42 [enemy.1] cav: units=3 pos=(0.0,0.0) anchorD=395.9 enemyD=-1.0 engineMove=n/a engineArr=TaleWorlds.MountAndBlade.ArrangementOrder wantMove=TaleWorlds.MountAndBlade.MovementOrder wantArr=TaleWorlds.MountAndBlade.ArrangementOrder beh=(unset)
[2026-05-08 22:11:00.882] [CrestBattleConvergenceLogic] Y.30B: pool tier=2 delta=240 variant=Standard
[2026-05-08 22:11:00.946] [CrestBattleConvergenceLogic] Y.30B: pool tier=2 delta=240 variant=Standard
[2026-05-08 22:11:00.961] [CrestBattleConvergenceLogic] registered Calatild's Party on Defender: 109 agents queued (queue size now 109)
[2026-05-08 22:11:00.961] [CrestBattleConvergenceLogic] Y.30: enemy pool[1] joined by Calatild's Party (tactics=90); pool lead unchanged (179)
[2026-05-08 22:11:03.688] [CrestBattleConvergenceLogic]   cap reached on Defender (5/5); Ospir's Party added to waiting list (size 1)
[2026-05-08 22:11:03.856] [CrestBattleConvergenceLogic] tick-status: now=145.9 pending=9 elapsed=0 closestRemaining=4.8s collectDef=0 collectAtt=0 reservedDef=0 reservedAtt=0
[2026-05-08 22:11:03.936] [CrestBattleConvergenceLogic] party eliminated: Belgir's Party (Vlandia); defActive=4 attActive=4
[2026-05-08 22:11:04.060] [CrestBattleConvergenceLogic] Y.42 [ally.0] lead=Origand of the Brotherhood's Party tier=2 parity=240 variant=Standard units=254
[2026-05-08 22:11:04.060] [CrestBattleConvergenceLogic] Y.42 [ally.0] inf: units=0 (empty)
[2026-05-08 22:11:04.060] [CrestBattleConvergenceLogic] Y.42 [ally.0] arch: units=254 pos=(0.0,0.0) anchorD=375.7 enemyD=-1.0 engineMove=n/a engineArr=TaleWorlds.MountAndBlade.ArrangementOrder wantMove=TaleWorlds.MountAndBlade.MovementOrder wantArr=TaleWorlds.MountAndBlade.ArrangementOrder beh=Charge
[2026-05-08 22:11:04.060] [CrestBattleConvergenceLogic] Y.42 [ally.0] cav: units=0 (empty)
[2026-05-08 22:11:04.060] [CrestBattleConvergenceLogic] Y.42 [ally.1] lead=Asgotha's Party tier=2 parity=240 variant=Standard units=153
[2026-05-08 22:11:04.060] [CrestBattleConvergenceLogic] Y.42 [ally.1] inf: units=112 pos=(0.0,0.0) anchorD=690.0 enemyD=-1.0 engineMove=n/a engineArr=TaleWorlds.MountAndBlade.ArrangementOrder wantMove=TaleWorlds.MountAndBlade.MovementOrder wantArr=TaleWorlds.MountAndBlade.ArrangementOrder beh=Charge
[2026-05-08 22:11:04.060] [CrestBattleConvergenceLogic] Y.42 [ally.1] arch: units=41 pos=(0.0,0.0) anchorD=701.4 enemyD=-1.0 engineMove=n/a engineArr=TaleWorlds.MountAndBlade.ArrangementOrder wantMove=TaleWorlds.MountAndBlade.MovementOrder wantArr=TaleWorlds.MountAndBlade.ArrangementOrder beh=Charge
[2026-05-08 22:11:04.060] [CrestBattleConvergenceLogic] Y.42 [ally.1] cav: units=0 (empty)
[2026-05-08 22:11:04.060] [CrestBattleConvergenceLogic] Y.42 [enemy.0] lead=Adaltrud's Party tier=2 parity=-225 variant=ShieldWall units=186
[2026-05-08 22:11:04.060] [CrestBattleConvergenceLogic] Y.42 [enemy.0] inf: units=136 pos=(0.0,0.0) anchorD=690.0 enemyD=-1.0 engineMove=n/a engineArr=TaleWorlds.MountAndBlade.ArrangementOrder wantMove=TaleWorlds.MountAndBlade.MovementOrder wantArr=TaleWorlds.MountAndBlade.ArrangementOrder beh=(unset)
[2026-05-08 22:11:04.060] [CrestBattleConvergenceLogic] Y.42 [enemy.0] arch: units=15 pos=(0.0,0.0) anchorD=701.4 enemyD=-1.0 engineMove=n/a engineArr=TaleWorlds.MountAndBlade.ArrangementOrder wantMove=TaleWorlds.MountAndBlade.MovementOrder wantArr=TaleWorlds.MountAndBlade.ArrangementOrder beh=(unset)
[2026-05-08 22:11:04.060] [CrestBattleConvergenceLogic] Y.42 [enemy.0] cav: units=35 pos=(0.0,0.0) anchorD=684.4 enemyD=-1.0 engineMove=n/a engineArr=TaleWorlds.MountAndBlade.ArrangementOrder wantMove=TaleWorlds.MountAndBlade.MovementOrder wantArr=TaleWorlds.MountAndBlade.ArrangementOrder beh=(unset)
[2026-05-08 22:11:04.060] [CrestBattleConvergenceLogic] Y.42 [enemy.1] lead=Belgir's Party tier=2 parity=-225 variant=ShieldWall units=108
[2026-05-08 22:11:04.060] [CrestBattleConvergenceLogic] Y.42 [enemy.1] inf: units=58 pos=(0.0,0.0) anchorD=385.1 enemyD=-1.0 engineMove=n/a engineArr=TaleWorlds.MountAndBlade.ArrangementOrder wantMove=TaleWorlds.MountAndBlade.MovementOrder wantArr=TaleWorlds.MountAndBlade.ArrangementOrder beh=(unset)
[2026-05-08 22:11:04.060] [CrestBattleConvergenceLogic] Y.42 [enemy.1] arch: units=17 pos=(0.0,0.0) anchorD=375.4 enemyD=-1.0 engineMove=n/a engineArr=TaleWorlds.MountAndBlade.ArrangementOrder wantMove=TaleWorlds.MountAndBlade.MovementOrder wantArr=TaleWorlds.MountAndBlade.ArrangementOrder beh=(unset)
[2026-05-08 22:11:04.060] [CrestBattleConvergenceLogic] Y.42 [enemy.1] cav: units=33 pos=(0.0,0.0) anchorD=395.9 enemyD=-1.0 engineMove=n/a engineArr=TaleWorlds.MountAndBlade.ArrangementOrder wantMove=TaleWorlds.MountAndBlade.MovementOrder wantArr=TaleWorlds.MountAndBlade.ArrangementOrder beh=(unset)
[2026-05-08 22:11:08.692] [CrestBattleConvergenceLogic] queued Berican's Party (Vlandia) team=1 side=Defender dist=201.4 active=5/5
[2026-05-08 22:11:08.876] [CrestBattleConvergenceLogic] tick-status: now=151.0 pending=8 elapsed=0 closestRemaining=4.8s collectDef=1 collectAtt=0 reservedDef=0 reservedAtt=0
[2026-05-08 22:11:09.069] [CrestBattleConvergenceLogic] Y.42 [ally.0] lead=Origand of the Brotherhood's Party tier=2 parity=240 variant=Standard units=248
[2026-05-08 22:11:09.069] [CrestBattleConvergenceLogic] Y.42 [ally.0] inf: units=0 (empty)
[2026-05-08 22:11:09.069] [CrestBattleConvergenceLogic] Y.42 [ally.0] arch: units=248 pos=(0.0,0.0) anchorD=375.7 enemyD=-1.0 engineMove=n/a engineArr=TaleWorlds.MountAndBlade.ArrangementOrder wantMove=TaleWorlds.MountAndBlade.MovementOrder wantArr=TaleWorlds.MountAndBlade.ArrangementOrder beh=Charge
[2026-05-08 22:11:09.069] [CrestBattleConvergenceLogic] Y.42 [ally.0] cav: units=0 (empty)
[2026-05-08 22:11:09.069] [CrestBattleConvergenceLogic] Y.42 [ally.1] lead=Asgotha's Party tier=2 parity=240 variant=Standard units=145
[2026-05-08 22:11:09.069] [CrestBattleConvergenceLogic] Y.42 [ally.1] inf: units=108 pos=(0.0,0.0) anchorD=690.0 enemyD=-1.0 engineMove=n/a engineArr=TaleWorlds.MountAndBlade.ArrangementOrder wantMove=TaleWorlds.MountAndBlade.MovementOrder wantArr=TaleWorlds.MountAndBlade.ArrangementOrder beh=Charge
[2026-05-08 22:11:09.069] [CrestBattleConvergenceLogic] Y.42 [ally.1] arch: units=37 pos=(0.0,0.0) anchorD=701.4 enemyD=-1.0 engineMove=n/a engineArr=TaleWorlds.MountAndBlade.ArrangementOrder wantMove=TaleWorlds.MountAndBlade.MovementOrder wantArr=TaleWorlds.MountAndBlade.ArrangementOrder beh=Charge
[2026-05-08 22:11:09.069] [CrestBattleConvergenceLogic] Y.42 [ally.1] cav: units=0 (empty)
[2026-05-08 22:11:09.069] [CrestBattleConvergenceLogic] Y.42 [enemy.0] lead=Adaltrud's Party tier=2 parity=-225 variant=ShieldWall units=161
[2026-05-08 22:11:09.069] [CrestBattleConvergenceLogic] Y.42 [enemy.0] inf: units=119 pos=(0.0,0.0) anchorD=690.0 enemyD=-1.0 engineMove=n/a engineArr=TaleWorlds.MountAndBlade.ArrangementOrder wantMove=TaleWorlds.MountAndBlade.MovementOrder wantArr=TaleWorlds.MountAndBlade.ArrangementOrder beh=(unset)
[2026-05-08 22:11:09.069] [CrestBattleConvergenceLogic] Y.42 [enemy.0] arch: units=8 pos=(0.0,0.0) anchorD=701.4 enemyD=-1.0 engineMove=n/a engineArr=TaleWorlds.MountAndBlade.ArrangementOrder wantMove=TaleWorlds.MountAndBlade.MovementOrder wantArr=TaleWorlds.MountAndBlade.ArrangementOrder beh=(unset)
[2026-05-08 22:11:09.069] [CrestBattleConvergenceLogic] Y.42 [enemy.0] cav: units=34 pos=(0.0,0.0) anchorD=684.4 enemyD=-1.0 engineMove=n/a engineArr=TaleWorlds.MountAndBlade.ArrangementOrder wantMove=TaleWorlds.MountAndBlade.MovementOrder wantArr=TaleWorlds.MountAndBlade.ArrangementOrder beh=(unset)
[2026-05-08 22:11:09.069] [CrestBattleConvergenceLogic] Y.42 [enemy.1] lead=Belgir's Party tier=2 parity=-225 variant=ShieldWall units=92
[2026-05-08 22:11:09.069] [CrestBattleConvergenceLogic] Y.42 [enemy.1] inf: units=56 pos=(0.0,0.0) anchorD=385.1 enemyD=-1.0 engineMove=n/a engineArr=TaleWorlds.MountAndBlade.ArrangementOrder wantMove=TaleWorlds.MountAndBlade.MovementOrder wantArr=TaleWorlds.MountAndBlade.ArrangementOrder beh=(unset)
[2026-05-08 22:11:09.069] [CrestBattleConvergenceLogic] Y.42 [enemy.1] arch: units=9 pos=(0.0,0.0) anchorD=375.4 enemyD=-1.0 engineMove=n/a engineArr=TaleWorlds.MountAndBlade.ArrangementOrder wantMove=TaleWorlds.MountAndBlade.MovementOrder wantArr=TaleWorlds.MountAndBlade.ArrangementOrder beh=(unset)
[2026-05-08 22:11:09.069] [CrestBattleConvergenceLogic] Y.42 [enemy.1] cav: units=27 pos=(0.0,0.0) anchorD=395.9 enemyD=-1.0 engineMove=n/a engineArr=TaleWorlds.MountAndBlade.ArrangementOrder wantMove=TaleWorlds.MountAndBlade.MovementOrder wantArr=TaleWorlds.MountAndBlade.ArrangementOrder beh=(unset)
[2026-05-08 22:11:09.873] [CrestBattleConvergenceLogic] Y.30B: pool tier=2 delta=-173 variant=ShieldWall
[2026-05-08 22:11:09.928] [CrestBattleConvergenceLogic] Y.30B: pool tier=2 delta=-173 variant=ShieldWall
[2026-05-08 22:11:10.014] [CrestBattleConvergenceLogic] registered Berican's Party on Defender: 97 agents queued (queue size now 97)
[2026-05-08 22:11:13.702] [CrestBattleConvergenceLogic]   cap reached on Defender (5/5); Ingalther's Party added to waiting list (size 1)
[2026-05-08 22:11:13.887] [CrestBattleConvergenceLogic] tick-status: now=156.0 pending=7 elapsed=0 closestRemaining=4.8s collectDef=0 collectAtt=0 reservedDef=0 reservedAtt=0
[2026-05-08 22:11:14.091] [CrestBattleConvergenceLogic] Y.42 [ally.0] lead=Origand of the Brotherhood's Party tier=2 parity=240 variant=Standard units=244
[2026-05-08 22:11:14.091] [CrestBattleConvergenceLogic] Y.42 [ally.0] inf: units=0 (empty)
[2026-05-08 22:11:14.091] [CrestBattleConvergenceLogic] Y.42 [ally.0] arch: units=244 pos=(0.0,0.0) anchorD=375.7 enemyD=-1.0 engineMove=n/a engineArr=TaleWorlds.MountAndBlade.ArrangementOrder wantMove=TaleWorlds.MountAndBlade.MovementOrder wantArr=TaleWorlds.MountAndBlade.ArrangementOrder beh=Charge
[2026-05-08 22:11:14.091] [CrestBattleConvergenceLogic] Y.42 [ally.0] cav: units=0 (empty)
[2026-05-08 22:11:14.091] [CrestBattleConvergenceLogic] Y.42 [ally.1] lead=Asgotha's Party tier=2 parity=240 variant=Standard units=139
[2026-05-08 22:11:14.091] [CrestBattleConvergenceLogic] Y.42 [ally.1] inf: units=103 pos=(0.0,0.0) anchorD=690.0 enemyD=-1.0 engineMove=n/a engineArr=TaleWorlds.MountAndBlade.ArrangementOrder wantMove=TaleWorlds.MountAndBlade.MovementOrder wantArr=TaleWorlds.MountAndBlade.ArrangementOrder beh=Charge
[2026-05-08 22:11:14.091] [CrestBattleConvergenceLogic] Y.42 [ally.1] arch: units=36 pos=(0.0,0.0) anchorD=701.4 enemyD=-1.0 engineMove=n/a engineArr=TaleWorlds.MountAndBlade.ArrangementOrder wantMove=TaleWorlds.MountAndBlade.MovementOrder wantArr=TaleWorlds.MountAndBlade.ArrangementOrder beh=Charge
[2026-05-08 22:11:14.091] [CrestBattleConvergenceLogic] Y.42 [ally.1] cav: units=0 (empty)
[2026-05-08 22:11:14.091] [CrestBattleConvergenceLogic] Y.42 [enemy.0] lead=Adaltrud's Party tier=2 parity=-173 variant=ShieldWall units=144
[2026-05-08 22:11:14.091] [CrestBattleConvergenceLogic] Y.42 [enemy.0] inf: units=108 pos=(0.0,0.0) anchorD=690.0 enemyD=-1.0 engineMove=n/a engineArr=TaleWorlds.MountAndBlade.ArrangementOrder wantMove=TaleWorlds.MountAndBlade.MovementOrder wantArr=TaleWorlds.MountAndBlade.ArrangementOrder beh=(unset)
[2026-05-08 22:11:14.091] [CrestBattleConvergenceLogic] Y.42 [enemy.0] arch: units=4 pos=(0.0,0.0) anchorD=701.4 enemyD=-1.0 engineMove=n/a engineArr=TaleWorlds.MountAndBlade.ArrangementOrder wantMove=TaleWorlds.MountAndBlade.MovementOrder wantArr=TaleWorlds.MountAndBlade.ArrangementOrder beh=(unset)
[2026-05-08 22:11:14.091] [CrestBattleConvergenceLogic] Y.42 [enemy.0] cav: units=32 pos=(0.0,0.0) anchorD=684.4 enemyD=-1.0 engineMove=n/a engineArr=TaleWorlds.MountAndBlade.ArrangementOrder wantMove=TaleWorlds.MountAndBlade.MovementOrder wantArr=TaleWorlds.MountAndBlade.ArrangementOrder beh=(unset)
[2026-05-08 22:11:14.091] [CrestBattleConvergenceLogic] Y.42 [enemy.1] lead=Belgir's Party tier=2 parity=-173 variant=ShieldWall units=73
[2026-05-08 22:11:14.091] [CrestBattleConvergenceLogic] Y.42 [enemy.1] inf: units=51 pos=(0.0,0.0) anchorD=385.1 enemyD=-1.0 engineMove=n/a engineArr=TaleWorlds.MountAndBlade.ArrangementOrder wantMove=TaleWorlds.MountAndBlade.MovementOrder wantArr=TaleWorlds.MountAndBlade.ArrangementOrder beh=(unset)
[2026-05-08 22:11:14.091] [CrestBattleConvergenceLogic] Y.42 [enemy.1] arch: units=1 pos=(0.0,0.0) anchorD=375.4 enemyD=-1.0 engineMove=n/a engineArr=TaleWorlds.MountAndBlade.ArrangementOrder wantMove=TaleWorlds.MountAndBlade.MovementOrder wantArr=TaleWorlds.MountAndBlade.ArrangementOrder beh=(unset)
[2026-05-08 22:11:14.091] [CrestBattleConvergenceLogic] Y.42 [enemy.1] cav: units=21 pos=(0.0,0.0) anchorD=395.9 enemyD=-1.0 engineMove=n/a engineArr=TaleWorlds.MountAndBlade.ArrangementOrder wantMove=TaleWorlds.MountAndBlade.MovementOrder wantArr=TaleWorlds.MountAndBlade.ArrangementOrder beh=(unset)
[2026-05-08 22:11:18.704] [CrestBattleConvergenceLogic]   cap reached on Defender (5/5); Amalgun's Party added to waiting list (size 2)
[2026-05-08 22:11:18.898] [CrestBattleConvergenceLogic] tick-status: now=161.0 pending=6 elapsed=0 closestRemaining=4.8s collectDef=0 collectAtt=0 reservedDef=0 reservedAtt=0
[2026-05-08 22:11:19.108] [CrestBattleConvergenceLogic] Y.42 [ally.0] lead=Origand of the Brotherhood's Party tier=2 parity=106 variant=Standard units=236
[2026-05-08 22:11:19.108] [CrestBattleConvergenceLogic] Y.42 [ally.0] inf: units=0 (empty)
[2026-05-08 22:11:19.108] [CrestBattleConvergenceLogic] Y.42 [ally.0] arch: units=236 pos=(0.0,0.0) anchorD=375.7 enemyD=-1.0 engineMove=n/a engineArr=TaleWorlds.MountAndBlade.ArrangementOrder wantMove=TaleWorlds.MountAndBlade.MovementOrder wantArr=TaleWorlds.MountAndBlade.ArrangementOrder beh=Charge
[2026-05-08 22:11:19.108] [CrestBattleConvergenceLogic] Y.42 [ally.0] cav: units=0 (empty)
[2026-05-08 22:11:19.108] [CrestBattleConvergenceLogic] Y.42 [ally.1] lead=Asgotha's Party tier=2 parity=106 variant=Standard units=133
[2026-05-08 22:11:19.108] [CrestBattleConvergenceLogic] Y.42 [ally.1] inf: units=97 pos=(0.0,0.0) anchorD=690.0 enemyD=-1.0 engineMove=n/a engineArr=TaleWorlds.MountAndBlade.ArrangementOrder wantMove=TaleWorlds.MountAndBlade.MovementOrder wantArr=TaleWorlds.MountAndBlade.ArrangementOrder beh=Charge
[2026-05-08 22:11:19.108] [CrestBattleConvergenceLogic] Y.42 [ally.1] arch: units=36 pos=(0.0,0.0) anchorD=701.4 enemyD=-1.0 engineMove=n/a engineArr=TaleWorlds.MountAndBlade.ArrangementOrder wantMove=TaleWorlds.MountAndBlade.MovementOrder wantArr=TaleWorlds.MountAndBlade.ArrangementOrder beh=Charge
[2026-05-08 22:11:19.108] [CrestBattleConvergenceLogic] Y.42 [ally.1] cav: units=0 (empty)
[2026-05-08 22:11:19.108] [CrestBattleConvergenceLogic] Y.42 [enemy.0] lead=Adaltrud's Party tier=2 parity=-173 variant=ShieldWall units=120
[2026-05-08 22:11:19.108] [CrestBattleConvergenceLogic] Y.42 [enemy.0] inf: units=87 pos=(0.0,0.0) anchorD=690.0 enemyD=-1.0 engineMove=n/a engineArr=TaleWorlds.MountAndBlade.ArrangementOrder wantMove=TaleWorlds.MountAndBlade.MovementOrder wantArr=TaleWorlds.MountAndBlade.ArrangementOrder beh=(unset)
[2026-05-08 22:11:19.108] [CrestBattleConvergenceLogic] Y.42 [enemy.0] arch: units=3 pos=(0.0,0.0) anchorD=701.4 enemyD=-1.0 engineMove=n/a engineArr=TaleWorlds.MountAndBlade.ArrangementOrder wantMove=TaleWorlds.MountAndBlade.MovementOrder wantArr=TaleWorlds.MountAndBlade.ArrangementOrder beh=(unset)
[2026-05-08 22:11:19.108] [CrestBattleConvergenceLogic] Y.42 [enemy.0] cav: units=30 pos=(0.0,0.0) anchorD=684.4 enemyD=-1.0 engineMove=n/a engineArr=TaleWorlds.MountAndBlade.ArrangementOrder wantMove=TaleWorlds.MountAndBlade.MovementOrder wantArr=TaleWorlds.MountAndBlade.ArrangementOrder beh=(unset)
[2026-05-08 22:11:19.108] [CrestBattleConvergenceLogic] Y.42 [enemy.1] lead=Belgir's Party tier=2 parity=-173 variant=ShieldWall units=58
[2026-05-08 22:11:19.108] [CrestBattleConvergenceLogic] Y.42 [enemy.1] inf: units=46 pos=(0.0,0.0) anchorD=385.1 enemyD=-1.0 engineMove=n/a engineArr=TaleWorlds.MountAndBlade.ArrangementOrder wantMove=TaleWorlds.MountAndBlade.MovementOrder wantArr=TaleWorlds.MountAndBlade.ArrangementOrder beh=(unset)
[2026-05-08 22:11:19.108] [CrestBattleConvergenceLogic] Y.42 [enemy.1] arch: units=0 (empty)
[2026-05-08 22:11:19.108] [CrestBattleConvergenceLogic] Y.42 [enemy.1] cav: units=12 pos=(0.0,0.0) anchorD=395.9 enemyD=-1.0 engineMove=n/a engineArr=TaleWorlds.MountAndBlade.ArrangementOrder wantMove=TaleWorlds.MountAndBlade.MovementOrder wantArr=TaleWorlds.MountAndBlade.ArrangementOrder beh=(unset)
[2026-05-08 22:11:23.706] [CrestBattleConvergenceLogic] queued Raganvad's Party (Sturgia) team=0 side=Attacker dist=222.7 active=5/5
[2026-05-08 22:11:23.901] [CrestBattleConvergenceLogic] tick-status: now=166.0 pending=5 elapsed=0 closestRemaining=4.8s collectDef=0 collectAtt=1 reservedDef=0 reservedAtt=0
[2026-05-08 22:11:24.124] [CrestBattleConvergenceLogic] Y.42 [ally.0] lead=Origand of the Brotherhood's Party tier=2 parity=106 variant=Standard units=227
[2026-05-08 22:11:24.124] [CrestBattleConvergenceLogic] Y.42 [ally.0] inf: units=0 (empty)
[2026-05-08 22:11:24.124] [CrestBattleConvergenceLogic] Y.42 [ally.0] arch: units=227 pos=(0.0,0.0) anchorD=375.7 enemyD=-1.0 engineMove=n/a engineArr=TaleWorlds.MountAndBlade.ArrangementOrder wantMove=TaleWorlds.MountAndBlade.MovementOrder wantArr=TaleWorlds.MountAndBlade.ArrangementOrder beh=Charge
[2026-05-08 22:11:24.124] [CrestBattleConvergenceLogic] Y.42 [ally.0] cav: units=0 (empty)
[2026-05-08 22:11:24.124] [CrestBattleConvergenceLogic] Y.42 [ally.1] lead=Asgotha's Party tier=2 parity=106 variant=Standard units=130
[2026-05-08 22:11:24.124] [CrestBattleConvergenceLogic] Y.42 [ally.1] inf: units=94 pos=(0.0,0.0) anchorD=690.0 enemyD=-1.0 engineMove=n/a engineArr=TaleWorlds.MountAndBlade.ArrangementOrder wantMove=TaleWorlds.MountAndBlade.MovementOrder wantArr=TaleWorlds.MountAndBlade.ArrangementOrder beh=Charge
[2026-05-08 22:11:24.124] [CrestBattleConvergenceLogic] Y.42 [ally.1] arch: units=36 pos=(0.0,0.0) anchorD=701.4 enemyD=-1.0 engineMove=n/a engineArr=TaleWorlds.MountAndBlade.ArrangementOrder wantMove=TaleWorlds.MountAndBlade.MovementOrder wantArr=TaleWorlds.MountAndBlade.ArrangementOrder beh=Charge
[2026-05-08 22:11:24.125] [CrestBattleConvergenceLogic] Y.42 [ally.1] cav: units=0 (empty)
[2026-05-08 22:11:24.125] [CrestBattleConvergenceLogic] Y.42 [enemy.0] lead=Adaltrud's Party tier=2 parity=-173 variant=ShieldWall units=102
[2026-05-08 22:11:24.125] [CrestBattleConvergenceLogic] Y.42 [enemy.0] inf: units=71 pos=(0.0,0.0) anchorD=690.0 enemyD=-1.0 engineMove=n/a engineArr=TaleWorlds.MountAndBlade.ArrangementOrder wantMove=TaleWorlds.MountAndBlade.MovementOrder wantArr=TaleWorlds.MountAndBlade.ArrangementOrder beh=(unset)
[2026-05-08 22:11:24.125] [CrestBattleConvergenceLogic] Y.42 [enemy.0] arch: units=1 pos=(0.0,0.0) anchorD=701.4 enemyD=-1.0 engineMove=n/a engineArr=TaleWorlds.MountAndBlade.ArrangementOrder wantMove=TaleWorlds.MountAndBlade.MovementOrder wantArr=TaleWorlds.MountAndBlade.ArrangementOrder beh=(unset)
[2026-05-08 22:11:24.125] [CrestBattleConvergenceLogic] Y.42 [enemy.0] cav: units=30 pos=(0.0,0.0) anchorD=684.4 enemyD=-1.0 engineMove=n/a engineArr=TaleWorlds.MountAndBlade.ArrangementOrder wantMove=TaleWorlds.MountAndBlade.MovementOrder wantArr=TaleWorlds.MountAndBlade.ArrangementOrder beh=(unset)
[2026-05-08 22:11:24.125] [CrestBattleConvergenceLogic] Y.42 [enemy.1] lead=Belgir's Party tier=2 parity=-173 variant=ShieldWall units=53
[2026-05-08 22:11:24.125] [CrestBattleConvergenceLogic] Y.42 [enemy.1] inf: units=44 pos=(0.0,0.0) anchorD=385.1 enemyD=-1.0 engineMove=n/a engineArr=TaleWorlds.MountAndBlade.ArrangementOrder wantMove=TaleWorlds.MountAndBlade.MovementOrder wantArr=TaleWorlds.MountAndBlade.ArrangementOrder beh=(unset)
[2026-05-08 22:11:24.125] [CrestBattleConvergenceLogic] Y.42 [enemy.1] arch: units=0 (empty)
[2026-05-08 22:11:24.125] [CrestBattleConvergenceLogic] Y.42 [enemy.1] cav: units=9 pos=(0.0,0.0) anchorD=395.9 enemyD=-1.0 engineMove=n/a engineArr=TaleWorlds.MountAndBlade.ArrangementOrder wantMove=TaleWorlds.MountAndBlade.MovementOrder wantArr=TaleWorlds.MountAndBlade.ArrangementOrder beh=(unset)
[2026-05-08 22:11:25.058] [CrestBattleConvergenceLogic] registered Raganvad's Party on Attacker: 251 agents queued (queue size now 251)
[2026-05-08 22:11:25.058] [CrestBattleConvergenceLogic] Y.30B: pool tier=3 delta=136 variant=Standard
[2026-05-08 22:11:25.058] [CrestBattleConvergenceLogic] Y.30: ally pool[1] lead=Raganvad's Party tactics=227 (escalated); LordCount=2
[2026-05-08 22:11:29.159] [CrestBattleConvergenceLogic] tick-status: now=171.0 pending=4 elapsed=0 closestRemaining=4.8s collectDef=0 collectAtt=0 reservedDef=0 reservedAtt=0
[2026-05-08 22:11:29.390] [CrestBattleConvergenceLogic] Y.42 [ally.0] lead=Origand of the Brotherhood's Party tier=2 parity=106 variant=Standard units=223
[2026-05-08 22:11:29.392] [CrestBattleConvergenceLogic] Y.42 [ally.0] inf: units=0 (empty)
[2026-05-08 22:11:29.392] [CrestBattleConvergenceLogic] Y.42 [ally.0] arch: units=223 pos=(0.0,0.0) anchorD=375.7 enemyD=-1.0 engineMove=n/a engineArr=TaleWorlds.MountAndBlade.ArrangementOrder wantMove=TaleWorlds.MountAndBlade.MovementOrder wantArr=TaleWorlds.MountAndBlade.ArrangementOrder beh=Charge
[2026-05-08 22:11:29.392] [CrestBattleConvergenceLogic] Y.42 [ally.0] cav: units=0 (empty)
[2026-05-08 22:11:29.392] [CrestBattleConvergenceLogic] Y.42 [ally.1] lead=Raganvad's Party tier=3 parity=136 variant=Standard units=377
[2026-05-08 22:11:29.392] [CrestBattleConvergenceLogic] Y.42 [ally.1] inf: units=300 pos=(0.0,0.0) anchorD=690.0 enemyD=-1.0 engineMove=n/a engineArr=TaleWorlds.MountAndBlade.ArrangementOrder wantMove=TaleWorlds.MountAndBlade.MovementOrder wantArr=TaleWorlds.MountAndBlade.ArrangementOrder beh=Charge
[2026-05-08 22:11:29.392] [CrestBattleConvergenceLogic] Y.42 [ally.1] arch: units=68 pos=(0.0,0.0) anchorD=701.4 enemyD=-1.0 engineMove=n/a engineArr=TaleWorlds.MountAndBlade.ArrangementOrder wantMove=TaleWorlds.MountAndBlade.MovementOrder wantArr=TaleWorlds.MountAndBlade.ArrangementOrder beh=Charge
[2026-05-08 22:11:29.392] [CrestBattleConvergenceLogic] Y.42 [ally.1] cav: units=9 pos=(0.0,0.0) anchorD=684.4 enemyD=-1.0 engineMove=n/a engineArr=TaleWorlds.MountAndBlade.ArrangementOrder wantMove=TaleWorlds.MountAndBlade.MovementOrder wantArr=TaleWorlds.MountAndBlade.ArrangementOrder beh=Charge
[2026-05-08 22:11:29.392] [CrestBattleConvergenceLogic] Y.42 [enemy.0] lead=Adaltrud's Party tier=2 parity=-136 variant=ShieldWall units=87
[2026-05-08 22:11:29.392] [CrestBattleConvergenceLogic] Y.42 [enemy.0] inf: units=57 pos=(0.0,0.0) anchorD=690.0 enemyD=-1.0 engineMove=n/a engineArr=TaleWorlds.MountAndBlade.ArrangementOrder wantMove=TaleWorlds.MountAndBlade.MovementOrder wantArr=TaleWorlds.MountAndBlade.ArrangementOrder beh=(unset)
[2026-05-08 22:11:29.392] [CrestBattleConvergenceLogic] Y.42 [enemy.0] arch: units=1 pos=(0.0,0.0) anchorD=701.4 enemyD=-1.0 engineMove=n/a engineArr=TaleWorlds.MountAndBlade.ArrangementOrder wantMove=TaleWorlds.MountAndBlade.MovementOrder wantArr=TaleWorlds.MountAndBlade.ArrangementOrder beh=(unset)
[2026-05-08 22:11:29.392] [CrestBattleConvergenceLogic] Y.42 [enemy.0] cav: units=29 pos=(0.0,0.0) anchorD=684.4 enemyD=-1.0 engineMove=n/a engineArr=TaleWorlds.MountAndBlade.ArrangementOrder wantMove=TaleWorlds.MountAndBlade.MovementOrder wantArr=TaleWorlds.MountAndBlade.ArrangementOrder beh=(unset)
[2026-05-08 22:11:29.392] [CrestBattleConvergenceLogic] Y.42 [enemy.1] lead=Belgir's Party tier=2 parity=-136 variant=ShieldWall units=47
[2026-05-08 22:11:29.392] [CrestBattleConvergenceLogic] Y.42 [enemy.1] inf: units=40 pos=(0.0,0.0) anchorD=385.1 enemyD=-1.0 engineMove=n/a engineArr=TaleWorlds.MountAndBlade.ArrangementOrder wantMove=TaleWorlds.MountAndBlade.MovementOrder wantArr=TaleWorlds.MountAndBlade.ArrangementOrder beh=(unset)
[2026-05-08 22:11:29.392] [CrestBattleConvergenceLogic] Y.42 [enemy.1] arch: units=0 (empty)
[2026-05-08 22:11:29.392] [CrestBattleConvergenceLogic] Y.42 [enemy.1] cav: units=7 pos=(0.0,0.0) anchorD=395.9 enemyD=-1.0 engineMove=n/a engineArr=TaleWorlds.MountAndBlade.ArrangementOrder wantMove=TaleWorlds.MountAndBlade.MovementOrder wantArr=TaleWorlds.MountAndBlade.ArrangementOrder beh=(unset)
[2026-05-08 22:11:34.170] [CrestBattleConvergenceLogic] tick-status: now=176.0 pending=3 elapsed=0 closestRemaining=4.8s collectDef=0 collectAtt=0 reservedDef=0 reservedAtt=0
[2026-05-08 22:11:34.394] [CrestBattleConvergenceLogic] Y.42 [ally.0] lead=Origand of the Brotherhood's Party tier=2 parity=404 variant=Standard units=208
[2026-05-08 22:11:34.394] [CrestBattleConvergenceLogic] Y.42 [ally.0] inf: units=0 (empty)
[2026-05-08 22:11:34.394] [CrestBattleConvergenceLogic] Y.42 [ally.0] arch: units=208 pos=(0.0,0.0) anchorD=375.7 enemyD=-1.0 engineMove=n/a engineArr=TaleWorlds.MountAndBlade.ArrangementOrder wantMove=TaleWorlds.MountAndBlade.MovementOrder wantArr=TaleWorlds.MountAndBlade.ArrangementOrder beh=Charge
[2026-05-08 22:11:34.394] [CrestBattleConvergenceLogic] Y.42 [ally.0] cav: units=0 (empty)
[2026-05-08 22:11:34.394] [CrestBattleConvergenceLogic] Y.42 [ally.1] lead=Raganvad's Party tier=3 parity=136 variant=Standard units=376
[2026-05-08 22:11:34.394] [CrestBattleConvergenceLogic] Y.42 [ally.1] inf: units=299 pos=(0.0,0.0) anchorD=690.0 enemyD=-1.0 engineMove=n/a engineArr=TaleWorlds.MountAndBlade.ArrangementOrder wantMove=TaleWorlds.MountAndBlade.MovementOrder wantArr=TaleWorlds.MountAndBlade.ArrangementOrder beh=Charge
[2026-05-08 22:11:34.394] [CrestBattleConvergenceLogic] Y.42 [ally.1] arch: units=68 pos=(0.0,0.0) anchorD=701.4 enemyD=-1.0 engineMove=n/a engineArr=TaleWorlds.MountAndBlade.ArrangementOrder wantMove=TaleWorlds.MountAndBlade.MovementOrder wantArr=TaleWorlds.MountAndBlade.ArrangementOrder beh=Charge
[2026-05-08 22:11:34.394] [CrestBattleConvergenceLogic] Y.42 [ally.1] cav: units=9 pos=(0.0,0.0) anchorD=684.4 enemyD=-1.0 engineMove=n/a engineArr=TaleWorlds.MountAndBlade.ArrangementOrder wantMove=TaleWorlds.MountAndBlade.MovementOrder wantArr=TaleWorlds.MountAndBlade.ArrangementOrder beh=Charge
[2026-05-08 22:11:34.394] [CrestBattleConvergenceLogic] Y.42 [enemy.0] lead=Adaltrud's Party tier=2 parity=-136 variant=ShieldWall units=63
[2026-05-08 22:11:34.394] [CrestBattleConvergenceLogic] Y.42 [enemy.0] inf: units=38 pos=(0.0,0.0) anchorD=690.0 enemyD=-1.0 engineMove=n/a engineArr=TaleWorlds.MountAndBlade.ArrangementOrder wantMove=TaleWorlds.MountAndBlade.MovementOrder wantArr=TaleWorlds.MountAndBlade.ArrangementOrder beh=(unset)
[2026-05-08 22:11:34.394] [CrestBattleConvergenceLogic] Y.42 [enemy.0] arch: units=0 (empty)
[2026-05-08 22:11:34.394] [CrestBattleConvergenceLogic] Y.42 [enemy.0] cav: units=25 pos=(0.0,0.0) anchorD=684.4 enemyD=-1.0 engineMove=n/a engineArr=TaleWorlds.MountAndBlade.ArrangementOrder wantMove=TaleWorlds.MountAndBlade.MovementOrder wantArr=TaleWorlds.MountAndBlade.ArrangementOrder beh=(unset)
[2026-05-08 22:11:34.394] [CrestBattleConvergenceLogic] Y.42 [enemy.1] lead=Belgir's Party tier=2 parity=-136 variant=ShieldWall units=36
[2026-05-08 22:11:34.394] [CrestBattleConvergenceLogic] Y.42 [enemy.1] inf: units=33 pos=(0.0,0.0) anchorD=385.1 enemyD=-1.0 engineMove=n/a engineArr=TaleWorlds.MountAndBlade.ArrangementOrder wantMove=TaleWorlds.MountAndBlade.MovementOrder wantArr=TaleWorlds.MountAndBlade.ArrangementOrder beh=(unset)
[2026-05-08 22:11:34.394] [CrestBattleConvergenceLogic] Y.42 [enemy.1] arch: units=0 (empty)
[2026-05-08 22:11:34.394] [CrestBattleConvergenceLogic] Y.42 [enemy.1] cav: units=3 pos=(0.0,0.0) anchorD=395.9 enemyD=-1.0 engineMove=n/a engineArr=TaleWorlds.MountAndBlade.ArrangementOrder wantMove=TaleWorlds.MountAndBlade.MovementOrder wantArr=TaleWorlds.MountAndBlade.ArrangementOrder beh=(unset)
[2026-05-08 22:11:39.171] [CrestBattleConvergenceLogic] tick-status: now=181.0 pending=2 elapsed=0 closestRemaining=4.8s collectDef=0 collectAtt=0 reservedDef=0 reservedAtt=0
[2026-05-08 22:11:39.406] [CrestBattleConvergenceLogic] Y.42 [ally.0] lead=Origand of the Brotherhood's Party tier=2 parity=404 variant=Standard units=200
[2026-05-08 22:11:39.406] [CrestBattleConvergenceLogic] Y.42 [ally.0] inf: units=0 (empty)
[2026-05-08 22:11:39.406] [CrestBattleConvergenceLogic] Y.42 [ally.0] arch: units=200 pos=(0.0,0.0) anchorD=375.7 enemyD=-1.0 engineMove=n/a engineArr=TaleWorlds.MountAndBlade.ArrangementOrder wantMove=TaleWorlds.MountAndBlade.MovementOrder wantArr=TaleWorlds.MountAndBlade.ArrangementOrder beh=Charge
[2026-05-08 22:11:39.406] [CrestBattleConvergenceLogic] Y.42 [ally.0] cav: units=0 (empty)
[2026-05-08 22:11:39.406] [CrestBattleConvergenceLogic] Y.42 [ally.1] lead=Raganvad's Party tier=3 parity=136 variant=Standard units=373
[2026-05-08 22:11:39.406] [CrestBattleConvergenceLogic] Y.42 [ally.1] inf: units=296 pos=(0.0,0.0) anchorD=690.0 enemyD=-1.0 engineMove=n/a engineArr=TaleWorlds.MountAndBlade.ArrangementOrder wantMove=TaleWorlds.MountAndBlade.MovementOrder wantArr=TaleWorlds.MountAndBlade.ArrangementOrder beh=Charge
[2026-05-08 22:11:39.406] [CrestBattleConvergenceLogic] Y.42 [ally.1] arch: units=68 pos=(0.0,0.0) anchorD=701.4 enemyD=-1.0 engineMove=n/a engineArr=TaleWorlds.MountAndBlade.ArrangementOrder wantMove=TaleWorlds.MountAndBlade.MovementOrder wantArr=TaleWorlds.MountAndBlade.ArrangementOrder beh=Charge
[2026-05-08 22:11:39.406] [CrestBattleConvergenceLogic] Y.42 [ally.1] cav: units=9 pos=(0.0,0.0) anchorD=684.4 enemyD=-1.0 engineMove=n/a engineArr=TaleWorlds.MountAndBlade.ArrangementOrder wantMove=TaleWorlds.MountAndBlade.MovementOrder wantArr=TaleWorlds.MountAndBlade.ArrangementOrder beh=Charge
[2026-05-08 22:11:39.406] [CrestBattleConvergenceLogic] Y.42 [enemy.0] lead=Adaltrud's Party tier=2 parity=-136 variant=ShieldWall units=42
[2026-05-08 22:11:39.406] [CrestBattleConvergenceLogic] Y.42 [enemy.0] inf: units=20 pos=(0.0,0.0) anchorD=690.0 enemyD=-1.0 engineMove=n/a engineArr=TaleWorlds.MountAndBlade.ArrangementOrder wantMove=TaleWorlds.MountAndBlade.MovementOrder wantArr=TaleWorlds.MountAndBlade.ArrangementOrder beh=(unset)
[2026-05-08 22:11:39.406] [CrestBattleConvergenceLogic] Y.42 [enemy.0] arch: units=0 (empty)
[2026-05-08 22:11:39.406] [CrestBattleConvergenceLogic] Y.42 [enemy.0] cav: units=22 pos=(0.0,0.0) anchorD=684.4 enemyD=-1.0 engineMove=n/a engineArr=TaleWorlds.MountAndBlade.ArrangementOrder wantMove=TaleWorlds.MountAndBlade.MovementOrder wantArr=TaleWorlds.MountAndBlade.ArrangementOrder beh=(unset)
[2026-05-08 22:11:39.406] [CrestBattleConvergenceLogic] Y.42 [enemy.1] lead=Belgir's Party tier=2 parity=-136 variant=ShieldWall units=23
[2026-05-08 22:11:39.406] [CrestBattleConvergenceLogic] Y.42 [enemy.1] inf: units=21 pos=(0.0,0.0) anchorD=385.1 enemyD=-1.0 engineMove=n/a engineArr=TaleWorlds.MountAndBlade.ArrangementOrder wantMove=TaleWorlds.MountAndBlade.MovementOrder wantArr=TaleWorlds.MountAndBlade.ArrangementOrder beh=(unset)
[2026-05-08 22:11:39.406] [CrestBattleConvergenceLogic] Y.42 [enemy.1] arch: units=0 (empty)
[2026-05-08 22:11:39.406] [CrestBattleConvergenceLogic] Y.42 [enemy.1] cav: units=2 pos=(0.0,0.0) anchorD=395.9 enemyD=-1.0 engineMove=n/a engineArr=TaleWorlds.MountAndBlade.ArrangementOrder wantMove=TaleWorlds.MountAndBlade.MovementOrder wantArr=TaleWorlds.MountAndBlade.ArrangementOrder beh=(unset)
[2026-05-08 22:11:40.151] [CrestBattleConvergenceLogic] Y.30B: pool tier=2 delta=-446 variant=ShieldWall
[2026-05-08 22:11:40.210] [CrestBattleConvergenceLogic] Y.30B: pool tier=2 delta=-446 variant=ShieldWall
[2026-05-08 22:11:43.959] [CrestBattleConvergenceLogic]   cap reached on Attacker (5/5); Vyldur's Party added to waiting list (size 1)
[2026-05-08 22:11:44.186] [CrestBattleConvergenceLogic] tick-status: now=186.0 pending=1 elapsed=0 closestRemaining=4.8s collectDef=0 collectAtt=0 reservedDef=0 reservedAtt=0
[2026-05-08 22:11:44.424] [CrestBattleConvergenceLogic] Y.42 [ally.0] lead=Origand of the Brotherhood's Party tier=2 parity=404 variant=Standard units=187
[2026-05-08 22:11:44.424] [CrestBattleConvergenceLogic] Y.42 [ally.0] inf: units=0 (empty)
[2026-05-08 22:11:44.424] [CrestBattleConvergenceLogic] Y.42 [ally.0] arch: units=187 pos=(0.0,0.0) anchorD=375.7 enemyD=-1.0 engineMove=n/a engineArr=TaleWorlds.MountAndBlade.ArrangementOrder wantMove=TaleWorlds.MountAndBlade.MovementOrder wantArr=TaleWorlds.MountAndBlade.ArrangementOrder beh=Charge
[2026-05-08 22:11:44.424] [CrestBattleConvergenceLogic] Y.42 [ally.0] cav: units=0 (empty)
[2026-05-08 22:11:44.424] [CrestBattleConvergenceLogic] Y.42 [ally.1] lead=Raganvad's Party tier=3 parity=448 variant=Standard units=372
[2026-05-08 22:11:44.424] [CrestBattleConvergenceLogic] Y.42 [ally.1] inf: units=295 pos=(0.0,0.0) anchorD=690.0 enemyD=-1.0 engineMove=n/a engineArr=TaleWorlds.MountAndBlade.ArrangementOrder wantMove=TaleWorlds.MountAndBlade.MovementOrder wantArr=TaleWorlds.MountAndBlade.ArrangementOrder beh=Charge
[2026-05-08 22:11:44.424] [CrestBattleConvergenceLogic] Y.42 [ally.1] arch: units=68 pos=(0.0,0.0) anchorD=701.4 enemyD=-1.0 engineMove=n/a engineArr=TaleWorlds.MountAndBlade.ArrangementOrder wantMove=TaleWorlds.MountAndBlade.MovementOrder wantArr=TaleWorlds.MountAndBlade.ArrangementOrder beh=Charge
[2026-05-08 22:11:44.424] [CrestBattleConvergenceLogic] Y.42 [ally.1] cav: units=9 pos=(0.0,0.0) anchorD=684.4 enemyD=-1.0 engineMove=n/a engineArr=TaleWorlds.MountAndBlade.ArrangementOrder wantMove=TaleWorlds.MountAndBlade.MovementOrder wantArr=TaleWorlds.MountAndBlade.ArrangementOrder beh=Charge
[2026-05-08 22:11:44.424] [CrestBattleConvergenceLogic] Y.42 [enemy.0] lead=Adaltrud's Party tier=2 parity=-446 variant=ShieldWall units=21
[2026-05-08 22:11:44.424] [CrestBattleConvergenceLogic] Y.42 [enemy.0] inf: units=3 pos=(0.0,0.0) anchorD=690.0 enemyD=-1.0 engineMove=n/a engineArr=TaleWorlds.MountAndBlade.ArrangementOrder wantMove=TaleWorlds.MountAndBlade.MovementOrder wantArr=TaleWorlds.MountAndBlade.ArrangementOrder beh=(unset)
[2026-05-08 22:11:44.424] [CrestBattleConvergenceLogic] Y.42 [enemy.0] arch: units=0 (empty)
[2026-05-08 22:11:44.424] [CrestBattleConvergenceLogic] Y.42 [enemy.0] cav: units=18 pos=(0.0,0.0) anchorD=684.4 enemyD=-1.0 engineMove=n/a engineArr=TaleWorlds.MountAndBlade.ArrangementOrder wantMove=TaleWorlds.MountAndBlade.MovementOrder wantArr=TaleWorlds.MountAndBlade.ArrangementOrder beh=(unset)
[2026-05-08 22:11:44.424] [CrestBattleConvergenceLogic] Y.42 [enemy.1] lead=Belgir's Party tier=2 parity=-446 variant=ShieldWall units=9
[2026-05-08 22:11:44.424] [CrestBattleConvergenceLogic] Y.42 [enemy.1] inf: units=9 pos=(0.0,0.0) anchorD=385.1 enemyD=-1.0 engineMove=n/a engineArr=TaleWorlds.MountAndBlade.ArrangementOrder wantMove=TaleWorlds.MountAndBlade.MovementOrder wantArr=TaleWorlds.MountAndBlade.ArrangementOrder beh=(unset)
[2026-05-08 22:11:44.424] [CrestBattleConvergenceLogic] Y.42 [enemy.1] arch: units=0 (empty)
[2026-05-08 22:11:44.424] [CrestBattleConvergenceLogic] Y.42 [enemy.1] cav: units=0 (empty)
[2026-05-08 22:11:48.967] [CrestBattleConvergenceLogic]   cap reached on Attacker (5/5); Gautgar's Party added to waiting list (size 2)
[2026-05-08 22:11:49.198] [CrestBattleConvergenceLogic] tick-status: now=191.0 pending=0 elapsed=0 closestRemaining=n/a collectDef=0 collectAtt=0 reservedDef=0 reservedAtt=0
[2026-05-08 22:11:49.434] [CrestBattleConvergenceLogic] Y.42 [ally.0] lead=Origand of the Brotherhood's Party tier=2 parity=466 variant=Standard units=180
[2026-05-08 22:11:49.434] [CrestBattleConvergenceLogic] Y.42 [ally.0] inf: units=0 (empty)
[2026-05-08 22:11:49.434] [CrestBattleConvergenceLogic] Y.42 [ally.0] arch: units=180 pos=(0.0,0.0) anchorD=375.7 enemyD=-1.0 engineMove=n/a engineArr=TaleWorlds.MountAndBlade.ArrangementOrder wantMove=TaleWorlds.MountAndBlade.MovementOrder wantArr=TaleWorlds.MountAndBlade.ArrangementOrder beh=Charge
[2026-05-08 22:11:49.434] [CrestBattleConvergenceLogic] Y.42 [ally.0] cav: units=0 (empty)
[2026-05-08 22:11:49.434] [CrestBattleConvergenceLogic] Y.42 [ally.1] lead=Raganvad's Party tier=3 parity=448 variant=Standard units=371
[2026-05-08 22:11:49.434] [CrestBattleConvergenceLogic] Y.42 [ally.1] inf: units=295 pos=(0.0,0.0) anchorD=690.0 enemyD=-1.0 engineMove=n/a engineArr=TaleWorlds.MountAndBlade.ArrangementOrder wantMove=TaleWorlds.MountAndBlade.MovementOrder wantArr=TaleWorlds.MountAndBlade.ArrangementOrder beh=Charge
[2026-05-08 22:11:49.434] [CrestBattleConvergenceLogic] Y.42 [ally.1] arch: units=68 pos=(0.0,0.0) anchorD=701.4 enemyD=-1.0 engineMove=n/a engineArr=TaleWorlds.MountAndBlade.ArrangementOrder wantMove=TaleWorlds.MountAndBlade.MovementOrder wantArr=TaleWorlds.MountAndBlade.ArrangementOrder beh=Charge
[2026-05-08 22:11:49.434] [CrestBattleConvergenceLogic] Y.42 [ally.1] cav: units=8 pos=(0.0,0.0) anchorD=684.4 enemyD=-1.0 engineMove=n/a engineArr=TaleWorlds.MountAndBlade.ArrangementOrder wantMove=TaleWorlds.MountAndBlade.MovementOrder wantArr=TaleWorlds.MountAndBlade.ArrangementOrder beh=Charge
[2026-05-08 22:11:49.434] [CrestBattleConvergenceLogic] Y.42 [enemy.0] lead=Adaltrud's Party tier=2 parity=-446 variant=ShieldWall units=12
[2026-05-08 22:11:49.434] [CrestBattleConvergenceLogic] Y.42 [enemy.0] inf: units=2 pos=(0.0,0.0) anchorD=690.0 enemyD=-1.0 engineMove=n/a engineArr=TaleWorlds.MountAndBlade.ArrangementOrder wantMove=TaleWorlds.MountAndBlade.MovementOrder wantArr=TaleWorlds.MountAndBlade.ArrangementOrder beh=(unset)
[2026-05-08 22:11:49.434] [CrestBattleConvergenceLogic] Y.42 [enemy.0] arch: units=0 (empty)
[2026-05-08 22:11:49.434] [CrestBattleConvergenceLogic] Y.42 [enemy.0] cav: units=10 pos=(0.0,0.0) anchorD=684.4 enemyD=-1.0 engineMove=n/a engineArr=TaleWorlds.MountAndBlade.ArrangementOrder wantMove=TaleWorlds.MountAndBlade.MovementOrder wantArr=TaleWorlds.MountAndBlade.ArrangementOrder beh=(unset)
[2026-05-08 22:11:49.434] [CrestBattleConvergenceLogic] Y.42 [enemy.1] lead=Belgir's Party tier=2 parity=-446 variant=ShieldWall units=8
[2026-05-08 22:11:49.434] [CrestBattleConvergenceLogic] Y.42 [enemy.1] inf: units=8 pos=(0.0,0.0) anchorD=385.1 enemyD=-1.0 engineMove=n/a engineArr=TaleWorlds.MountAndBlade.ArrangementOrder wantMove=TaleWorlds.MountAndBlade.MovementOrder wantArr=TaleWorlds.MountAndBlade.ArrangementOrder beh=(unset)
[2026-05-08 22:11:49.434] [CrestBattleConvergenceLogic] Y.42 [enemy.1] arch: units=0 (empty)
[2026-05-08 22:11:49.434] [CrestBattleConvergenceLogic] Y.42 [enemy.1] cav: units=0 (empty)
[2026-05-08 22:11:54.436] [CrestBattleConvergenceLogic] Y.42 [ally.0] lead=Origand of the Brotherhood's Party tier=2 parity=466 variant=Standard units=168
[2026-05-08 22:11:54.436] [CrestBattleConvergenceLogic] Y.42 [ally.0] inf: units=0 (empty)
[2026-05-08 22:11:54.436] [CrestBattleConvergenceLogic] Y.42 [ally.0] arch: units=168 pos=(0.0,0.0) anchorD=375.7 enemyD=-1.0 engineMove=n/a engineArr=TaleWorlds.MountAndBlade.ArrangementOrder wantMove=TaleWorlds.MountAndBlade.MovementOrder wantArr=TaleWorlds.MountAndBlade.ArrangementOrder beh=Charge
[2026-05-08 22:11:54.436] [CrestBattleConvergenceLogic] Y.42 [ally.0] cav: units=0 (empty)
[2026-05-08 22:11:54.436] [CrestBattleConvergenceLogic] Y.42 [ally.1] lead=Raganvad's Party tier=3 parity=448 variant=Standard units=371
[2026-05-08 22:11:54.436] [CrestBattleConvergenceLogic] Y.42 [ally.1] inf: units=295 pos=(0.0,0.0) anchorD=690.0 enemyD=-1.0 engineMove=n/a engineArr=TaleWorlds.MountAndBlade.ArrangementOrder wantMove=TaleWorlds.MountAndBlade.MovementOrder wantArr=TaleWorlds.MountAndBlade.ArrangementOrder beh=Charge
[2026-05-08 22:11:54.436] [CrestBattleConvergenceLogic] Y.42 [ally.1] arch: units=68 pos=(0.0,0.0) anchorD=701.4 enemyD=-1.0 engineMove=n/a engineArr=TaleWorlds.MountAndBlade.ArrangementOrder wantMove=TaleWorlds.MountAndBlade.MovementOrder wantArr=TaleWorlds.MountAndBlade.ArrangementOrder beh=Charge
[2026-05-08 22:11:54.436] [CrestBattleConvergenceLogic] Y.42 [ally.1] cav: units=8 pos=(0.0,0.0) anchorD=684.4 enemyD=-1.0 engineMove=n/a engineArr=TaleWorlds.MountAndBlade.ArrangementOrder wantMove=TaleWorlds.MountAndBlade.MovementOrder wantArr=TaleWorlds.MountAndBlade.ArrangementOrder beh=Charge
[2026-05-08 22:11:54.436] [CrestBattleConvergenceLogic] Y.42 [enemy.0] lead=Adaltrud's Party tier=2 parity=-446 variant=ShieldWall units=4
[2026-05-08 22:11:54.436] [CrestBattleConvergenceLogic] Y.42 [enemy.0] inf: units=0 (empty)
[2026-05-08 22:11:54.436] [CrestBattleConvergenceLogic] Y.42 [enemy.0] arch: units=0 (empty)
[2026-05-08 22:11:54.436] [CrestBattleConvergenceLogic] Y.42 [enemy.0] cav: units=4 pos=(0.0,0.0) anchorD=684.4 enemyD=-1.0 engineMove=n/a engineArr=TaleWorlds.MountAndBlade.ArrangementOrder wantMove=TaleWorlds.MountAndBlade.MovementOrder wantArr=TaleWorlds.MountAndBlade.ArrangementOrder beh=(unset)
[2026-05-08 22:11:54.436] [CrestBattleConvergenceLogic] Y.42 [enemy.1] lead=Belgir's Party tier=2 parity=-446 variant=ShieldWall units=2
[2026-05-08 22:11:54.436] [CrestBattleConvergenceLogic] Y.42 [enemy.1] inf: units=2 pos=(0.0,0.0) anchorD=385.1 enemyD=-1.0 engineMove=n/a engineArr=TaleWorlds.MountAndBlade.ArrangementOrder wantMove=TaleWorlds.MountAndBlade.MovementOrder wantArr=TaleWorlds.MountAndBlade.ArrangementOrder beh=(unset)
[2026-05-08 22:11:54.436] [CrestBattleConvergenceLogic] Y.42 [enemy.1] arch: units=0 (empty)
[2026-05-08 22:11:54.436] [CrestBattleConvergenceLogic] Y.42 [enemy.1] cav: units=0 (empty)
[2026-05-08 22:11:55.263] [CrestBattleConvergenceLogic] party eliminated: Adaltrud's Party (Vlandia); defActive=4 attActive=5
[2026-05-08 22:11:56.705] [CrestBattleConvergenceLogic] party eliminated: Ecarand's Party (Vlandia); defActive=3 attActive=5
[2026-05-08 22:11:57.436] [CrestBattleConvergenceLogic] party eliminated: Servic's Party (Vlandia); defActive=2 attActive=5
[2026-05-08 22:11:59.442] [CrestBattleConvergenceLogic] Y.42 [ally.0] lead=Origand of the Brotherhood's Party tier=2 parity=466 variant=Standard units=162
[2026-05-08 22:11:59.442] [CrestBattleConvergenceLogic] Y.42 [ally.0] inf: units=0 (empty)
[2026-05-08 22:11:59.442] [CrestBattleConvergenceLogic] Y.42 [ally.0] arch: units=162 pos=(0.0,0.0) anchorD=375.7 enemyD=-1.0 engineMove=n/a engineArr=TaleWorlds.MountAndBlade.ArrangementOrder wantMove=TaleWorlds.MountAndBlade.MovementOrder wantArr=TaleWorlds.MountAndBlade.ArrangementOrder beh=Charge
[2026-05-08 22:11:59.442] [CrestBattleConvergenceLogic] Y.42 [ally.0] cav: units=0 (empty)
[2026-05-08 22:11:59.442] [CrestBattleConvergenceLogic] Y.42 [ally.1] lead=Raganvad's Party tier=3 parity=486 variant=Standard units=371
[2026-05-08 22:11:59.442] [CrestBattleConvergenceLogic] Y.42 [ally.1] inf: units=295 pos=(0.0,0.0) anchorD=690.0 enemyD=-1.0 engineMove=n/a engineArr=TaleWorlds.MountAndBlade.ArrangementOrder wantMove=TaleWorlds.MountAndBlade.MovementOrder wantArr=TaleWorlds.MountAndBlade.ArrangementOrder beh=Charge
[2026-05-08 22:11:59.442] [CrestBattleConvergenceLogic] Y.42 [ally.1] arch: units=68 pos=(0.0,0.0) anchorD=701.4 enemyD=-1.0 engineMove=n/a engineArr=TaleWorlds.MountAndBlade.ArrangementOrder wantMove=TaleWorlds.MountAndBlade.MovementOrder wantArr=TaleWorlds.MountAndBlade.ArrangementOrder beh=Charge
[2026-05-08 22:11:59.442] [CrestBattleConvergenceLogic] Y.42 [ally.1] cav: units=8 pos=(0.0,0.0) anchorD=684.4 enemyD=-1.0 engineMove=n/a engineArr=TaleWorlds.MountAndBlade.ArrangementOrder wantMove=TaleWorlds.MountAndBlade.MovementOrder wantArr=TaleWorlds.MountAndBlade.ArrangementOrder beh=Charge
[2026-05-08 22:11:59.442] [CrestBattleConvergenceLogic] Y.42 [enemy.1] lead=Belgir's Party tier=2 parity=-484 variant=ShieldWall units=1
[2026-05-08 22:11:59.442] [CrestBattleConvergenceLogic] Y.42 [enemy.1] inf: units=1 pos=(0.0,0.0) anchorD=385.1 enemyD=-1.0 engineMove=n/a engineArr=TaleWorlds.MountAndBlade.ArrangementOrder wantMove=TaleWorlds.MountAndBlade.MovementOrder wantArr=TaleWorlds.MountAndBlade.ArrangementOrder beh=(unset)
[2026-05-08 22:11:59.442] [CrestBattleConvergenceLogic] Y.42 [enemy.1] arch: units=0 (empty)
[2026-05-08 22:11:59.442] [CrestBattleConvergenceLogic] Y.42 [enemy.1] cav: units=0 (empty)
[2026-05-08 22:12:00.528] [CrestBattleConvergenceLogic] party eliminated: Calatild's Party (Vlandia); defActive=1 attActive=5
[2026-05-08 22:12:04.444] [CrestBattleConvergenceLogic] Y.42 [ally.0] lead=Origand of the Brotherhood's Party tier=2 parity=482 variant=Standard units=149
[2026-05-08 22:12:04.444] [CrestBattleConvergenceLogic] Y.42 [ally.0] inf: units=0 (empty)
[2026-05-08 22:12:04.444] [CrestBattleConvergenceLogic] Y.42 [ally.0] arch: units=149 pos=(0.0,0.0) anchorD=375.7 enemyD=-1.0 engineMove=n/a engineArr=TaleWorlds.MountAndBlade.ArrangementOrder wantMove=TaleWorlds.MountAndBlade.MovementOrder wantArr=TaleWorlds.MountAndBlade.ArrangementOrder beh=Charge
[2026-05-08 22:12:04.444] [CrestBattleConvergenceLogic] Y.42 [ally.0] cav: units=0 (empty)
[2026-05-08 22:12:04.444] [CrestBattleConvergenceLogic] Y.42 [ally.1] lead=Raganvad's Party tier=3 parity=486 variant=Standard units=371
[2026-05-08 22:12:04.444] [CrestBattleConvergenceLogic] Y.42 [ally.1] inf: units=295 pos=(0.0,0.0) anchorD=690.0 enemyD=-1.0 engineMove=n/a engineArr=TaleWorlds.MountAndBlade.ArrangementOrder wantMove=TaleWorlds.MountAndBlade.MovementOrder wantArr=TaleWorlds.MountAndBlade.ArrangementOrder beh=Charge
[2026-05-08 22:12:04.444] [CrestBattleConvergenceLogic] Y.42 [ally.1] arch: units=68 pos=(0.0,0.0) anchorD=701.4 enemyD=-1.0 engineMove=n/a engineArr=TaleWorlds.MountAndBlade.ArrangementOrder wantMove=TaleWorlds.MountAndBlade.MovementOrder wantArr=TaleWorlds.MountAndBlade.ArrangementOrder beh=Charge
[2026-05-08 22:12:04.444] [CrestBattleConvergenceLogic] Y.42 [ally.1] cav: units=8 pos=(0.0,0.0) anchorD=684.4 enemyD=-1.0 engineMove=n/a engineArr=TaleWorlds.MountAndBlade.ArrangementOrder wantMove=TaleWorlds.MountAndBlade.MovementOrder wantArr=TaleWorlds.MountAndBlade.ArrangementOrder beh=Charge
[2026-05-08 22:12:09.449] [CrestBattleConvergenceLogic] Y.42 [ally.0] lead=Origand of the Brotherhood's Party tier=2 parity=482 variant=Standard units=147
[2026-05-08 22:12:09.449] [CrestBattleConvergenceLogic] Y.42 [ally.0] inf: units=0 (empty)
[2026-05-08 22:12:09.449] [CrestBattleConvergenceLogic] Y.42 [ally.0] arch: units=147 pos=(0.0,0.0) anchorD=375.7 enemyD=-1.0 engineMove=n/a engineArr=TaleWorlds.MountAndBlade.ArrangementOrder wantMove=TaleWorlds.MountAndBlade.MovementOrder wantArr=TaleWorlds.MountAndBlade.ArrangementOrder beh=Charge
[2026-05-08 22:12:09.449] [CrestBattleConvergenceLogic] Y.42 [ally.0] cav: units=0 (empty)
[2026-05-08 22:12:09.449] [CrestBattleConvergenceLogic] Y.42 [ally.1] lead=Raganvad's Party tier=3 parity=486 variant=Standard units=371
[2026-05-08 22:12:09.449] [CrestBattleConvergenceLogic] Y.42 [ally.1] inf: units=295 pos=(0.0,0.0) anchorD=690.0 enemyD=-1.0 engineMove=n/a engineArr=TaleWorlds.MountAndBlade.ArrangementOrder wantMove=TaleWorlds.MountAndBlade.MovementOrder wantArr=TaleWorlds.MountAndBlade.ArrangementOrder beh=Charge
[2026-05-08 22:12:09.449] [CrestBattleConvergenceLogic] Y.42 [ally.1] arch: units=68 pos=(0.0,0.0) anchorD=701.4 enemyD=-1.0 engineMove=n/a engineArr=TaleWorlds.MountAndBlade.ArrangementOrder wantMove=TaleWorlds.MountAndBlade.MovementOrder wantArr=TaleWorlds.MountAndBlade.ArrangementOrder beh=Charge
[2026-05-08 22:12:09.449] [CrestBattleConvergenceLogic] Y.42 [ally.1] cav: units=8 pos=(0.0,0.0) anchorD=684.4 enemyD=-1.0 engineMove=n/a engineArr=TaleWorlds.MountAndBlade.ArrangementOrder wantMove=TaleWorlds.MountAndBlade.MovementOrder wantArr=TaleWorlds.MountAndBlade.ArrangementOrder beh=Charge
[2026-05-08 22:12:14.456] [CrestBattleConvergenceLogic] Y.42 [ally.0] lead=Origand of the Brotherhood's Party tier=2 parity=482 variant=Standard units=132
[2026-05-08 22:12:14.456] [CrestBattleConvergenceLogic] Y.42 [ally.0] inf: units=0 (empty)
[2026-05-08 22:12:14.456] [CrestBattleConvergenceLogic] Y.42 [ally.0] arch: units=132 pos=(0.0,0.0) anchorD=375.7 enemyD=-1.0 engineMove=n/a engineArr=TaleWorlds.MountAndBlade.ArrangementOrder wantMove=TaleWorlds.MountAndBlade.MovementOrder wantArr=TaleWorlds.MountAndBlade.ArrangementOrder beh=Charge
[2026-05-08 22:12:14.456] [CrestBattleConvergenceLogic] Y.42 [ally.0] cav: units=0 (empty)
[2026-05-08 22:12:14.456] [CrestBattleConvergenceLogic] Y.42 [ally.1] lead=Raganvad's Party tier=3 parity=478 variant=Standard units=371
[2026-05-08 22:12:14.456] [CrestBattleConvergenceLogic] Y.42 [ally.1] inf: units=295 pos=(0.0,0.0) anchorD=690.0 enemyD=-1.0 engineMove=n/a engineArr=TaleWorlds.MountAndBlade.ArrangementOrder wantMove=TaleWorlds.MountAndBlade.MovementOrder wantArr=TaleWorlds.MountAndBlade.ArrangementOrder beh=Charge
[2026-05-08 22:12:14.456] [CrestBattleConvergenceLogic] Y.42 [ally.1] arch: units=68 pos=(0.0,0.0) anchorD=701.4 enemyD=-1.0 engineMove=n/a engineArr=TaleWorlds.MountAndBlade.ArrangementOrder wantMove=TaleWorlds.MountAndBlade.MovementOrder wantArr=TaleWorlds.MountAndBlade.ArrangementOrder beh=Charge
[2026-05-08 22:12:14.456] [CrestBattleConvergenceLogic] Y.42 [ally.1] cav: units=8 pos=(0.0,0.0) anchorD=684.4 enemyD=-1.0 engineMove=n/a engineArr=TaleWorlds.MountAndBlade.ArrangementOrder wantMove=TaleWorlds.MountAndBlade.MovementOrder wantArr=TaleWorlds.MountAndBlade.ArrangementOrder beh=Charge
[2026-05-08 22:12:19.459] [CrestBattleConvergenceLogic] Y.42 [ally.0] lead=Origand of the Brotherhood's Party tier=2 parity=467 variant=Standard units=120
[2026-05-08 22:12:19.459] [CrestBattleConvergenceLogic] Y.42 [ally.0] inf: units=0 (empty)
[2026-05-08 22:12:19.459] [CrestBattleConvergenceLogic] Y.42 [ally.0] arch: units=120 pos=(0.0,0.0) anchorD=375.7 enemyD=-1.0 engineMove=n/a engineArr=TaleWorlds.MountAndBlade.ArrangementOrder wantMove=TaleWorlds.MountAndBlade.MovementOrder wantArr=TaleWorlds.MountAndBlade.ArrangementOrder beh=Charge
[2026-05-08 22:12:19.459] [CrestBattleConvergenceLogic] Y.42 [ally.0] cav: units=0 (empty)
[2026-05-08 22:12:19.459] [CrestBattleConvergenceLogic] Y.42 [ally.1] lead=Raganvad's Party tier=3 parity=478 variant=Standard units=371
[2026-05-08 22:12:19.459] [CrestBattleConvergenceLogic] Y.42 [ally.1] inf: units=295 pos=(0.0,0.0) anchorD=690.0 enemyD=-1.0 engineMove=n/a engineArr=TaleWorlds.MountAndBlade.ArrangementOrder wantMove=TaleWorlds.MountAndBlade.MovementOrder wantArr=TaleWorlds.MountAndBlade.ArrangementOrder beh=Charge
[2026-05-08 22:12:19.459] [CrestBattleConvergenceLogic] Y.42 [ally.1] arch: units=68 pos=(0.0,0.0) anchorD=701.4 enemyD=-1.0 engineMove=n/a engineArr=TaleWorlds.MountAndBlade.ArrangementOrder wantMove=TaleWorlds.MountAndBlade.MovementOrder wantArr=TaleWorlds.MountAndBlade.ArrangementOrder beh=Charge
[2026-05-08 22:12:19.459] [CrestBattleConvergenceLogic] Y.42 [ally.1] cav: units=8 pos=(0.0,0.0) anchorD=684.4 enemyD=-1.0 engineMove=n/a engineArr=TaleWorlds.MountAndBlade.ArrangementOrder wantMove=TaleWorlds.MountAndBlade.MovementOrder wantArr=TaleWorlds.MountAndBlade.ArrangementOrder beh=Charge
[2026-05-08 22:12:24.462] [CrestBattleConvergenceLogic] Y.42 [ally.0] lead=Origand of the Brotherhood's Party tier=2 parity=467 variant=Standard units=116
[2026-05-08 22:12:24.462] [CrestBattleConvergenceLogic] Y.42 [ally.0] inf: units=0 (empty)
[2026-05-08 22:12:24.462] [CrestBattleConvergenceLogic] Y.42 [ally.0] arch: units=116 pos=(0.0,0.0) anchorD=375.7 enemyD=-1.0 engineMove=n/a engineArr=TaleWorlds.MountAndBlade.ArrangementOrder wantMove=TaleWorlds.MountAndBlade.MovementOrder wantArr=TaleWorlds.MountAndBlade.ArrangementOrder beh=Charge
[2026-05-08 22:12:24.462] [CrestBattleConvergenceLogic] Y.42 [ally.0] cav: units=0 (empty)
[2026-05-08 22:12:24.462] [CrestBattleConvergenceLogic] Y.42 [ally.1] lead=Raganvad's Party tier=3 parity=478 variant=Standard units=371
[2026-05-08 22:12:24.462] [CrestBattleConvergenceLogic] Y.42 [ally.1] inf: units=295 pos=(0.0,0.0) anchorD=690.0 enemyD=-1.0 engineMove=n/a engineArr=TaleWorlds.MountAndBlade.ArrangementOrder wantMove=TaleWorlds.MountAndBlade.MovementOrder wantArr=TaleWorlds.MountAndBlade.ArrangementOrder beh=Charge
[2026-05-08 22:12:24.462] [CrestBattleConvergenceLogic] Y.42 [ally.1] arch: units=68 pos=(0.0,0.0) anchorD=701.4 enemyD=-1.0 engineMove=n/a engineArr=TaleWorlds.MountAndBlade.ArrangementOrder wantMove=TaleWorlds.MountAndBlade.MovementOrder wantArr=TaleWorlds.MountAndBlade.ArrangementOrder beh=Charge
[2026-05-08 22:12:24.462] [CrestBattleConvergenceLogic] Y.42 [ally.1] cav: units=8 pos=(0.0,0.0) anchorD=684.4 enemyD=-1.0 engineMove=n/a engineArr=TaleWorlds.MountAndBlade.ArrangementOrder wantMove=TaleWorlds.MountAndBlade.MovementOrder wantArr=TaleWorlds.MountAndBlade.ArrangementOrder beh=Charge
[2026-05-08 22:14:28.265] [CrestUnblock] processed 265 files in 11ms
[2026-05-08 22:14:28.277] [CrestQuickStart] patched VideoPlaybackState.OnVideoStarted
[2026-05-08 22:14:28.284] [CrestMessageStyle] patched TaleWorlds.Library.InformationManager.DisplayMessage(InformationMessage)
[2026-05-08 22:14:28.284] [CrestFasterTime] registered (master toggle gates per-tick work)
[2026-05-08 22:14:29.712] [CrestMessageStyle] first DisplayMessage probe -- Mission.Current=null, Campaign.Current=null (Game.Current=null, informational only)
[2026-05-08 22:14:30.586] [CrestFasterTime] API resolved: Campaign.SpeedUpMultiplier=ok, SetTimeSpeed(int)=ok, Input.IsKeyPressed=ok
[2026-05-08 22:14:34.253] [CrestPatchSelfTest] GetAllPatchedMethods returned 346 methods
[2026-05-08 22:14:34.267] [CrestPatchSelfTest] OK   UIExtenderEx.WidgetPrefab.LoadFrom (transpiler) — bound by Bannerlord.UIExtenderEx.Patches.WidgetPrefabPatch.WidgetPrefab_LoadFrom_Transpiler on LoadFrom
[2026-05-08 22:14:34.272] [CrestPatchSelfTest] HARD ButterLib.Module.SetInitialModuleScreenAsRootScreen (transpiler) — target method patched, but no patch from Bannerlord.ButterLib.Implementation.MBSubModuleBaseExtended.Patches.ModulePatch (owners: [MCM.UI.Adapter.MCMv5]; declaring types: [MCM.UI.MCMUIAdapterSubModule])
[2026-05-08 22:14:34.276] [CrestPatchSelfTest] HARD ButterLib.Module.FinalizeSubModules (postfix) — no patch found on TaleWorlds.MountAndBlade.Module.FinalizeSubModules (other patched methods on this type: LoadSubModules, InitializeSubModuleBases, ProcessApplicationArguments, SetInitialModuleScreenAsRootScreen)
[2026-05-08 22:14:34.278] [CrestPatchSelfTest] HARD BEW.Managed.ApplicationTick (finalizer) — no patch found on TaleWorlds.DotNet.Managed.ApplicationTick (no methods on this type are patched at all)
[2026-05-08 22:14:34.278] [CrestPatchSelfTest] HARD BEW.Module.OnApplicationTick (finalizer) — no patch found on TaleWorlds.MountAndBlade.Module.OnApplicationTick (other patched methods on this type: LoadSubModules, InitializeSubModuleBases, ProcessApplicationArguments, SetInitialModuleScreenAsRootScreen)
[2026-05-08 22:14:34.281] [CrestPatchSelfTest] HARD BEW.ScreenManager.Tick (finalizer) — no patch found on TaleWorlds.ScreenSystem.ScreenManager.Tick (no methods on this type are patched at all)
[2026-05-08 22:14:34.282] [CrestPatchSelfTest] HARD BEW.ManagedScriptHolder.TickComponents (finalizer) — no patch found on TaleWorlds.Engine.ManagedScriptHolder.TickComponents (no methods on this type are patched at all)
[2026-05-08 22:14:34.282] [CrestPatchSelfTest] HARD BEW.Mission.Tick (finalizer) — no patch found on TaleWorlds.MountAndBlade.Mission.Tick (other patched methods on this type: UpdateSceneTimeSpeed, OnTeamDeployed, OnDeploymentFinished, CanTakeControlOfAgent)
[2026-05-08 22:14:34.287] [CrestPatchSelfTest] SOFT UIExtenderEx.GauntletMovie.Load (conditional prefix) — no patch found on TaleWorlds.GauntletUI.Data.GauntletMovie.Load (other patched methods on this type: LoadMovie)
[2026-05-08 22:14:34.294] [CrestPatchSelfTest] OK   UIExtenderEx.WidgetFactory.GetCustomType (prefix) — bound by Bannerlord.UIExtenderEx.ResourceManager.WidgetFactoryManager.GetCustomTypePrefix on GetCustomType
[2026-05-08 22:14:34.296] [CrestPatchSelfTest] OK   UIExtenderEx.WidgetFactory.CreateBuiltinWidget (prefix) — bound by Bannerlord.UIExtenderEx.ResourceManager.WidgetFactoryManager.CreateBuiltinWidgetPrefix on CreateBuiltinWidget
[2026-05-08 22:14:34.300] [CrestPatchSelfTest] OK   UIExtenderEx.WidgetFactory.GetWidgetTypes (postfix) — bound by Bannerlord.UIExtenderEx.ResourceManager.WidgetFactoryManager.GetWidgetTypesPostfix on GetWidgetTypes
[2026-05-08 22:14:34.307] [CrestPatchSelfTest] OK   UIExtenderEx.WidgetFactory.IsCustomType (prefix) — bound by Bannerlord.UIExtenderEx.ResourceManager.WidgetFactoryManager.IsCustomTypePrefix on IsCustomType
[2026-05-08 22:14:34.308] [CrestPatchSelfTest] OK   UIExtenderEx.WidgetTemplate.CreateWidgets (transpiler, soft) — bound by Bannerlord.UIExtenderEx.ResourceManager.WidgetFactoryManager.BlankTranspiler on CreateWidgets
[2026-05-08 22:14:34.314] [CrestPatchSelfTest] OK   UIExtenderEx.GauntletMovie.LoadMovie (transpiler, soft) — bound by Bannerlord.UIExtenderEx.ResourceManager.WidgetFactoryManager.BlankTranspiler on LoadMovie
[2026-05-08 22:14:34.314] [CrestPatchSelfTest] summary: 7 bound, 7 hard miss, 1 soft miss (of 15 total)
[2026-05-08 22:14:34.326] [CrestCampaignLogFilter] patched CampaignInformationManager.NewLogEntryAdded — 39 classified entry types across 6 buckets
[2026-05-08 22:14:34.336] [CrestCutThroughEveryone] patched cut-through hooks (gated on EnableCutThroughEveryone master toggle)
[2026-05-08 22:14:34.339] [CrestPlayerInvincibleDamageClamp] patched Mission.RegisterBlow (damage clamp for player hero)
[2026-05-08 22:14:34.341] [CrestTacticPatch] patched TacticComponent.SetDefaultBehaviorWeights (skip for slot >= 10)
[2026-05-08 22:14:34.376] [CrestCampaignTweaks] FasterShips bound: TaleWorlds.CampaignSystem.Party.MobileParty.CalculateSpeed (postfix)
[2026-05-08 22:14:34.401] [CrestCampaignTweaks] AchievementsWithMods bound: SandBox.CampaignBehaviors.DumpIntegrityCampaignBehavior.IsGameIntegrityAchieved (postfix)
[2026-05-08 22:14:34.427] [CrestCampaignTweaks] AchievementsDeactivateBlock bound: StoryMode.GameComponents.CampaignBehaviors.AchievementsCampaignBehavior.DeactivateAchievements (prefix)
[2026-05-08 22:14:34.456] [CrestCampaignTweaks] RTSCameraNavalShim bound: RTSCamera.Patch.Naval.Patch_AgentNavalComponent.Prefix_OnTick (prefix)
[2026-05-08 22:14:34.473] [CrestCampaignTweaks] PreventClanDeath bound: TaleWorlds.CampaignSystem.CampaignBehaviors.AgingCampaignBehavior.IsItTimeOfDeath (prefix)
[2026-05-08 22:14:34.482] [CrestCampaignTweaks] PlayerNoFlinch bound: TaleWorlds.MountAndBlade.Mission.RegisterBlow (prefix)
[2026-05-08 22:14:34.499] [CrestCampaignTweaks] NoExecutionPenalty bound: TaleWorlds.CampaignSystem.CampaignBehaviors.CharacterRelationCampaignBehavior.OnHeroKilled (prefix)
[2026-05-08 22:14:34.514] [CrestCampaignTweaks] ClanTournamentExclusion bound: TaleWorlds.CampaignSystem.TournamentGames.FightTournamentGame.CanBeAParticipant (prefix)
[2026-05-08 22:14:34.530] [CrestCampaignTweaks] ClanPartySpeedBonus bound: TaleWorlds.CampaignSystem.Party.MobileParty.CalculateSpeed (postfix)
[2026-05-08 22:14:34.547] [CrestCampaignTweaks] StopPrisonerEscape (daily) bound: TaleWorlds.CampaignSystem.CampaignBehaviors.PrisonerReleaseCampaignBehavior.DailyHeroTick (prefix)
[2026-05-08 22:14:34.564] [CrestCampaignTweaks] StopPrisonerEscape (hourly) bound: TaleWorlds.CampaignSystem.CampaignBehaviors.PrisonerReleaseCampaignBehavior.HourlyPartyTick (prefix)
[2026-05-08 22:14:34.582] [CrestCampaignTweaks] LootCapturedHeroes bound: TaleWorlds.CampaignSystem.MapEvents.MapEvent.LootDefeatedPartyPrisoners (postfix)
[2026-05-08 22:14:34.600] [CrestCampaignTweaks] NoArrowsStuck bound: TaleWorlds.MountAndBlade.Mission.HandleMissileCollisionReaction (postfix)
[2026-05-08 22:14:34.616] [CrestCampaignTweaks] MarriageStaysInClan bound: TaleWorlds.CampaignSystem.GameComponents.DefaultMarriageModel.GetClanAfterMarriage (postfix)
[2026-05-08 22:14:34.634] [CrestCampaignTweaks] PregnancyChanceUncapped bound: TaleWorlds.CampaignSystem.GameComponents.DefaultPregnancyModel.GetDailyChanceOfPregnancyForHero (postfix)
[2026-05-08 22:14:34.649] [CrestCampaignTweaks] UnlockAllSmithingRecipes bound: TaleWorlds.CampaignSystem.CampaignBehaviors.CraftingCampaignBehavior.IsOpened (postfix)
[2026-05-08 22:14:34.665] [CrestCampaignTweaks] LifelongLearning bound: TaleWorlds.CampaignSystem.GameComponents.DefaultCharacterDevelopmentModel.CalculateLearningRate (postfix)
[2026-05-08 22:14:34.679] [CrestCampaignTweaks] TavernCompanions.DailyTick bound: TaleWorlds.CampaignSystem.CampaignBehaviors.CompanionsCampaignBehavior.DailyTick (postfix)
[2026-05-08 22:14:34.694] [CrestCampaignTweaks] TavernCompanions.DesiredCount bound: TaleWorlds.CampaignSystem.CampaignBehaviors.CompanionsCampaignBehavior.get__desiredTotalCompanionCount (postfix)
[2026-05-08 22:14:34.694] [CrestCampaignTweaks] patched campaign tweaks (legacy EnableCampaignTweaks group)
[2026-05-08 22:14:34.723] [CrestBattleSize] patched (always-on; preset count=7, agent cap=2040)
[2026-05-08 22:14:34.746] [CrestTierUnlocker] patched tier caps (gated on EnableTierUnlocker)
[2026-05-08 22:14:44.619] [CrestBattleConvergenceDialogueBehavior] registered rescue-thanks dialogue lines
[2026-05-08 22:14:44.619] [SubModule] Y.12d-feature#128: registered Battle Convergence rescue dialogue behavior
[2026-05-08 22:14:53.133] [CrestCampaignTweaks] AchievementsWithMods: blocked DeactivateAchievements call
[2026-05-08 22:15:03.383] [CrestCompanionHotswap] added swap + select behaviors to mission
[2026-05-08 22:15:03.385] [CrestBattleConvergence] added convergence behavior to mission
[2026-05-08 22:15:03.456] [CrestBattleConvergenceLogic] flat radius (slider mode): 100
[2026-05-08 22:15:03.510] [CrestBattleConvergenceLogic] Y.12d AfterStart: reinforce=True debug=False radius=100 maxPerSide=6 timerset=1000 playerSide=Attacker isPlayerDefender=False missionAgentSpawnLogic=null
[2026-05-08 22:15:11.302] [CrestBattleConvergenceLogic] Y.30: ensured 2 ally pools (6 formations, indices 10..15)
[2026-05-08 22:15:11.306] [CrestBattleConvergenceLogic] Y.35: ensured 2 enemy pools (6 formations, indices 10..15)
[2026-05-08 22:15:11.315] [CrestBattleConvergenceLogic] Cinema-fix-C symmetric radius: bothSidesRadius=300 (mult x3.0) â€” distance-filtered 12
[2026-05-08 22:15:11.316] [CrestBattleConvergenceLogic] Y.12d-fix23 stagger: initial=45s cadence=5s -> first lord at +45s, last (idx 27) at +180s
[2026-05-08 22:15:11.316] [CrestBattleConvergenceLogic] Y.12d Stage1: defenderSpawnPositions=3 attackerSpawnPositions=3 partiesSeen=1489 eligibleCandidates=28 neutralRej=75
[2026-05-08 22:15:11.331] [CrestBattleConvergenceLogic] OnMissionTick first call after Stage1: candidates=28
[2026-05-08 22:15:16.264] [CrestBattleConvergenceLogic] tick-status: now=11.2 pending=28 elapsed=0 closestRemaining=40.0s collectDef=0 collectAtt=0 reservedDef=0 reservedAtt=0
[2026-05-08 22:15:21.273] [CrestBattleConvergenceLogic] tick-status: now=16.2 pending=28 elapsed=0 closestRemaining=35.0s collectDef=0 collectAtt=0 reservedDef=0 reservedAtt=0
[2026-05-08 22:15:26.274] [CrestBattleConvergenceLogic] tick-status: now=21.2 pending=28 elapsed=0 closestRemaining=30.0s collectDef=0 collectAtt=0 reservedDef=0 reservedAtt=0
[2026-05-08 22:15:31.296] [CrestBattleConvergenceLogic] tick-status: now=26.2 pending=28 elapsed=0 closestRemaining=25.0s collectDef=0 collectAtt=0 reservedDef=0 reservedAtt=0
[2026-05-08 22:15:36.315] [CrestBattleConvergenceLogic] tick-status: now=31.2 pending=28 elapsed=0 closestRemaining=20.0s collectDef=0 collectAtt=0 reservedDef=0 reservedAtt=0
[2026-05-08 22:15:41.322] [CrestBattleConvergenceLogic] tick-status: now=36.2 pending=28 elapsed=0 closestRemaining=14.9s collectDef=0 collectAtt=0 reservedDef=0 reservedAtt=0
[2026-05-08 22:15:46.340] [CrestBattleConvergenceLogic] tick-status: now=41.2 pending=28 elapsed=0 closestRemaining=9.9s collectDef=0 collectAtt=0 reservedDef=0 reservedAtt=0
[2026-05-08 22:15:51.354] [CrestBattleConvergenceLogic] tick-status: now=46.2 pending=28 elapsed=0 closestRemaining=4.9s collectDef=0 collectAtt=0 reservedDef=0 reservedAtt=0
[2026-05-08 22:15:56.305] [CrestBattleConvergenceLogic] queued Servic's Party (Vlandia) team=1 side=Defender dist=7.3 active=1/5
[2026-05-08 22:15:56.363] [CrestBattleConvergenceLogic] tick-status: now=51.2 pending=27 elapsed=0 closestRemaining=4.9s collectDef=1 collectAtt=0 reservedDef=0 reservedAtt=0
[2026-05-08 22:15:56.383] [CrestBattleConvergenceLogic] registered Servic's Party on Defender: 127 agents queued (queue size now 127)
[2026-05-08 22:15:56.386] [CrestBattleHornCue] GetEventIdFromString not found -- horn cue disabled
[2026-05-08 22:15:56.400] [CrestBattleConvergenceLogic] Y.30B: pool tier=2 delta=-28 variant=Standard
[2026-05-08 22:15:56.404] [CrestBattleConvergenceLogic] Y.34: pool anchors set inf=(247.4,644.1) arch=(247.8,656.1) cav=(229.4,644.8)
[2026-05-08 22:15:56.404] [CrestBattleConvergenceLogic] Y.30: enemy pool[0] lead=Servic's Party tactics=145 (first); LordCount=1
[2026-05-08 22:15:56.548] [CrestBattleConvergenceLogic] Y.42 [enemy.0] lead=Servic's Party tier=2 parity=-28 variant=Standard units=127
[2026-05-08 22:15:56.557] [CrestBattleConvergenceLogic] Y.42 [enemy.0] inf: units=74 pos=(0.0,0.0) anchorD=690.0 enemyD=-1.0 engineMove=n/a engineArr=TaleWorlds.MountAndBlade.ArrangementOrder wantMove=TaleWorlds.MountAndBlade.MovementOrder wantArr=TaleWorlds.MountAndBlade.ArrangementOrder beh=(unset)
[2026-05-08 22:15:56.557] [CrestBattleConvergenceLogic] Y.42 [enemy.0] arch: units=14 pos=(0.0,0.0) anchorD=701.4 enemyD=-1.0 engineMove=n/a engineArr=TaleWorlds.MountAndBlade.ArrangementOrder wantMove=TaleWorlds.MountAndBlade.MovementOrder wantArr=TaleWorlds.MountAndBlade.ArrangementOrder beh=(unset)
[2026-05-08 22:15:56.557] [CrestBattleConvergenceLogic] Y.42 [enemy.0] cav: units=39 pos=(0.0,0.0) anchorD=684.4 enemyD=-1.0 engineMove=n/a engineArr=TaleWorlds.MountAndBlade.ArrangementOrder wantMove=TaleWorlds.MountAndBlade.MovementOrder wantArr=TaleWorlds.MountAndBlade.ArrangementOrder beh=(unset)
[2026-05-08 22:16:01.377] [CrestBattleConvergenceLogic] queued Adaltrud's Party (Vlandia) team=1 side=Defender dist=43.2 active=2/5
[2026-05-08 22:16:01.478] [CrestBattleConvergenceLogic] tick-status: now=56.3 pending=26 elapsed=0 closestRemaining=4.9s collectDef=1 collectAtt=0 reservedDef=0 reservedAtt=0
[2026-05-08 22:16:01.547] [CrestBattleConvergenceLogic] Y.42 [enemy.0] lead=Servic's Party tier=2 parity=-28 variant=Standard units=127
[2026-05-08 22:16:01.547] [CrestBattleConvergenceLogic] Y.42 [enemy.0] inf: units=74 pos=(0.0,0.0) anchorD=690.0 enemyD=-1.0 engineMove=n/a engineArr=TaleWorlds.MountAndBlade.ArrangementOrder wantMove=TaleWorlds.MountAndBlade.MovementOrder wantArr=TaleWorlds.MountAndBlade.ArrangementOrder beh=(unset)
[2026-05-08 22:16:01.547] [CrestBattleConvergenceLogic] Y.42 [enemy.0] arch: units=14 pos=(0.0,0.0) anchorD=701.4 enemyD=-1.0 engineMove=n/a engineArr=TaleWorlds.MountAndBlade.ArrangementOrder wantMove=TaleWorlds.MountAndBlade.MovementOrder wantArr=TaleWorlds.MountAndBlade.ArrangementOrder beh=(unset)
[2026-05-08 22:16:01.547] [CrestBattleConvergenceLogic] Y.42 [enemy.0] cav: units=39 pos=(0.0,0.0) anchorD=684.4 enemyD=-1.0 engineMove=n/a engineArr=TaleWorlds.MountAndBlade.ArrangementOrder wantMove=TaleWorlds.MountAndBlade.MovementOrder wantArr=TaleWorlds.MountAndBlade.ArrangementOrder beh=(unset)
[2026-05-08 22:16:02.485] [CrestBattleConvergenceLogic] registered Adaltrud's Party on Defender: 72 agents queued (queue size now 72)
[2026-05-08 22:16:02.485] [CrestBattleConvergenceLogic] Y.30B: pool tier=2 delta=98 variant=Standard
[2026-05-08 22:16:02.485] [CrestBattleConvergenceLogic] Y.30: enemy pool[0] lead=Adaltrud's Party tactics=196 (escalated); LordCount=2
[2026-05-08 22:16:06.384] [CrestBattleConvergenceLogic] queued Ecarand's Party (Vlandia) team=1 side=Defender dist=57.4 active=3/5
[2026-05-08 22:16:06.492] [CrestBattleConvergenceLogic] tick-status: now=61.3 pending=25 elapsed=0 closestRemaining=4.9s collectDef=1 collectAtt=0 reservedDef=0 reservedAtt=0
[2026-05-08 22:16:06.564] [CrestBattleConvergenceLogic] Y.42 [enemy.0] lead=Adaltrud's Party tier=2 parity=98 variant=Standard units=199
[2026-05-08 22:16:06.564] [CrestBattleConvergenceLogic] Y.42 [enemy.0] inf: units=119 pos=(0.0,0.0) anchorD=690.0 enemyD=-1.0 engineMove=n/a engineArr=TaleWorlds.MountAndBlade.ArrangementOrder wantMove=TaleWorlds.MountAndBlade.MovementOrder wantArr=TaleWorlds.MountAndBlade.ArrangementOrder beh=(unset)
[2026-05-08 22:16:06.564] [CrestBattleConvergenceLogic] Y.42 [enemy.0] arch: units=24 pos=(0.0,0.0) anchorD=701.4 enemyD=-1.0 engineMove=n/a engineArr=TaleWorlds.MountAndBlade.ArrangementOrder wantMove=TaleWorlds.MountAndBlade.MovementOrder wantArr=TaleWorlds.MountAndBlade.ArrangementOrder beh=(unset)
[2026-05-08 22:16:06.564] [CrestBattleConvergenceLogic] Y.42 [enemy.0] cav: units=56 pos=(0.0,0.0) anchorD=684.4 enemyD=-1.0 engineMove=n/a engineArr=TaleWorlds.MountAndBlade.ArrangementOrder wantMove=TaleWorlds.MountAndBlade.MovementOrder wantArr=TaleWorlds.MountAndBlade.ArrangementOrder beh=(unset)
[2026-05-08 22:16:08.496] [CrestBattleConvergenceLogic] registered Ecarand's Party on Defender: 74 agents queued (queue size now 74)
[2026-05-08 22:16:08.496] [CrestBattleConvergenceLogic] Y.30: enemy pool[0] joined by Ecarand's Party (tactics=175); pool lead unchanged (196)
[2026-05-08 22:16:11.381] [CrestBattleConvergenceLogic] queued Furnhard's Party (Vlandia) team=1 side=Defender dist=70.9 active=4/5
[2026-05-08 22:16:11.510] [CrestBattleConvergenceLogic] tick-status: now=66.3 pending=24 elapsed=0 closestRemaining=4.9s collectDef=1 collectAtt=0 reservedDef=0 reservedAtt=0
[2026-05-08 22:16:11.510] [CrestBattleConvergenceLogic] registered Furnhard's Party on Defender: 53 agents queued (queue size now 53)
[2026-05-08 22:16:11.510] [CrestBattleConvergenceLogic] Y.30B: pool tier=2 delta=240 variant=Standard
[2026-05-08 22:16:11.510] [CrestBattleConvergenceLogic] Y.34: pool anchors set inf=(234.9,305.2) arch=(234.5,293.2) cav=(252.9,304.5)
[2026-05-08 22:16:11.510] [CrestBattleConvergenceLogic] Y.30: enemy pool[1] lead=Furnhard's Party tactics=176 (first); LordCount=1
[2026-05-08 22:16:11.586] [CrestBattleConvergenceLogic] Y.42 [enemy.0] lead=Adaltrud's Party tier=2 parity=98 variant=Standard units=273
[2026-05-08 22:16:11.586] [CrestBattleConvergenceLogic] Y.42 [enemy.0] inf: units=165 pos=(0.0,0.0) anchorD=690.0 enemyD=-1.0 engineMove=n/a engineArr=TaleWorlds.MountAndBlade.ArrangementOrder wantMove=TaleWorlds.MountAndBlade.MovementOrder wantArr=TaleWorlds.MountAndBlade.ArrangementOrder beh=(unset)
[2026-05-08 22:16:11.586] [CrestBattleConvergenceLogic] Y.42 [enemy.0] arch: units=32 pos=(0.0,0.0) anchorD=701.4 enemyD=-1.0 engineMove=n/a engineArr=TaleWorlds.MountAndBlade.ArrangementOrder wantMove=TaleWorlds.MountAndBlade.MovementOrder wantArr=TaleWorlds.MountAndBlade.ArrangementOrder beh=(unset)
[2026-05-08 22:16:11.586] [CrestBattleConvergenceLogic] Y.42 [enemy.0] cav: units=76 pos=(0.0,0.0) anchorD=684.4 enemyD=-1.0 engineMove=n/a engineArr=TaleWorlds.MountAndBlade.ArrangementOrder wantMove=TaleWorlds.MountAndBlade.MovementOrder wantArr=TaleWorlds.MountAndBlade.ArrangementOrder beh=(unset)
[2026-05-08 22:16:11.586] [CrestBattleConvergenceLogic] Y.42 [enemy.1] lead=Furnhard's Party tier=2 parity=240 variant=Standard units=53
[2026-05-08 22:16:11.586] [CrestBattleConvergenceLogic] Y.42 [enemy.1] inf: units=26 pos=(0.0,0.0) anchorD=385.1 enemyD=-1.0 engineMove=n/a engineArr=TaleWorlds.MountAndBlade.ArrangementOrder wantMove=TaleWorlds.MountAndBlade.MovementOrder wantArr=TaleWorlds.MountAndBlade.ArrangementOrder beh=(unset)
[2026-05-08 22:16:11.586] [CrestBattleConvergenceLogic] Y.42 [enemy.1] arch: units=8 pos=(0.0,0.0) anchorD=375.4 enemyD=-1.0 engineMove=n/a engineArr=TaleWorlds.MountAndBlade.ArrangementOrder wantMove=TaleWorlds.MountAndBlade.MovementOrder wantArr=TaleWorlds.MountAndBlade.ArrangementOrder beh=(unset)
[2026-05-08 22:16:11.586] [CrestBattleConvergenceLogic] Y.42 [enemy.1] cav: units=19 pos=(0.0,0.0) anchorD=395.9 enemyD=-1.0 engineMove=n/a engineArr=TaleWorlds.MountAndBlade.ArrangementOrder wantMove=TaleWorlds.MountAndBlade.MovementOrder wantArr=TaleWorlds.MountAndBlade.ArrangementOrder beh=(unset)
[2026-05-08 22:16:16.392] [CrestBattleConvergenceLogic] queued Bothero of the Brotherhood's Party (Brotherhood of the Woods) team=0 side=Attacker dist=75.9 active=1/5
[2026-05-08 22:16:16.519] [CrestBattleConvergenceLogic] tick-status: now=71.3 pending=23 elapsed=0 closestRemaining=4.9s collectDef=0 collectAtt=1 reservedDef=0 reservedAtt=0
[2026-05-08 22:16:16.586] [CrestBattleConvergenceLogic] Y.42 [enemy.0] lead=Adaltrud's Party tier=2 parity=98 variant=Standard units=273
[2026-05-08 22:16:16.587] [CrestBattleConvergenceLogic] Y.42 [enemy.0] inf: units=165 pos=(0.0,0.0) anchorD=690.0 enemyD=-1.0 engineMove=n/a engineArr=TaleWorlds.MountAndBlade.ArrangementOrder wantMove=TaleWorlds.MountAndBlade.MovementOrder wantArr=TaleWorlds.MountAndBlade.ArrangementOrder beh=(unset)
[2026-05-08 22:16:16.587] [CrestBattleConvergenceLogic] Y.42 [enemy.0] arch: units=32 pos=(0.0,0.0) anchorD=701.4 enemyD=-1.0 engineMove=n/a engineArr=TaleWorlds.MountAndBlade.ArrangementOrder wantMove=TaleWorlds.MountAndBlade.MovementOrder wantArr=TaleWorlds.MountAndBlade.ArrangementOrder beh=(unset)
[2026-05-08 22:16:16.587] [CrestBattleConvergenceLogic] Y.42 [enemy.0] cav: units=76 pos=(0.0,0.0) anchorD=684.4 enemyD=-1.0 engineMove=n/a engineArr=TaleWorlds.MountAndBlade.ArrangementOrder wantMove=TaleWorlds.MountAndBlade.MovementOrder wantArr=TaleWorlds.MountAndBlade.ArrangementOrder beh=(unset)
[2026-05-08 22:16:16.587] [CrestBattleConvergenceLogic] Y.42 [enemy.1] lead=Furnhard's Party tier=2 parity=240 variant=Standard units=53
[2026-05-08 22:16:16.587] [CrestBattleConvergenceLogic] Y.42 [enemy.1] inf: units=26 pos=(0.0,0.0) anchorD=385.1 enemyD=-1.0 engineMove=n/a engineArr=TaleWorlds.MountAndBlade.ArrangementOrder wantMove=TaleWorlds.MountAndBlade.MovementOrder wantArr=TaleWorlds.MountAndBlade.ArrangementOrder beh=(unset)
[2026-05-08 22:16:16.587] [CrestBattleConvergenceLogic] Y.42 [enemy.1] arch: units=8 pos=(0.0,0.0) anchorD=375.4 enemyD=-1.0 engineMove=n/a engineArr=TaleWorlds.MountAndBlade.ArrangementOrder wantMove=TaleWorlds.MountAndBlade.MovementOrder wantArr=TaleWorlds.MountAndBlade.ArrangementOrder beh=(unset)
[2026-05-08 22:16:16.587] [CrestBattleConvergenceLogic] Y.42 [enemy.1] cav: units=19 pos=(0.0,0.0) anchorD=395.9 enemyD=-1.0 engineMove=n/a engineArr=TaleWorlds.MountAndBlade.ArrangementOrder wantMove=TaleWorlds.MountAndBlade.MovementOrder wantArr=TaleWorlds.MountAndBlade.ArrangementOrder beh=(unset)
[2026-05-08 22:16:17.529] [CrestBattleConvergenceLogic] registered Bothero of the Brotherhood's Party on Attacker: 89 agents queued (queue size now 89)
[2026-05-08 22:16:17.533] [CrestBattleConvergenceLogic] Y.30B: pool tier=2 delta=-290 variant=ShieldWall
[2026-05-08 22:16:17.533] [CrestBattleConvergenceLogic] Y.34: pool anchors set inf=(231.4,308.5) arch=(230.7,296.5) cav=(249.3,307.4)
[2026-05-08 22:16:17.533] [CrestBattleConvergenceLogic] Y.30: ally pool[0] lead=Bothero of the Brotherhood's Party tactics=114 (first); LordCount=1
[2026-05-08 22:16:21.410] [CrestBattleConvergenceLogic] queued Origand of the Brotherhood's Party (Brotherhood of the Woods) team=0 side=Attacker dist=77.5 active=2/5
[2026-05-08 22:16:21.539] [CrestBattleConvergenceLogic] tick-status: now=76.3 pending=22 elapsed=0 closestRemaining=4.9s collectDef=0 collectAtt=1 reservedDef=0 reservedAtt=0
[2026-05-08 22:16:21.604] [CrestBattleConvergenceLogic] Y.42 [ally.0] lead=Bothero of the Brotherhood's Party tier=2 parity=-290 variant=ShieldWall units=87
[2026-05-08 22:16:21.605] [CrestBattleConvergenceLogic] Y.42 [ally.0] inf: units=1 pos=(0.0,0.0) anchorD=385.6 enemyD=-1.0 engineMove=n/a engineArr=TaleWorlds.MountAndBlade.ArrangementOrder wantMove=TaleWorlds.MountAndBlade.MovementOrder wantArr=TaleWorlds.MountAndBlade.ArrangementOrder beh=Charge
[2026-05-08 22:16:21.605] [CrestBattleConvergenceLogic] Y.42 [ally.0] arch: units=86 pos=(0.0,0.0) anchorD=375.7 enemyD=-1.0 engineMove=n/a engineArr=TaleWorlds.MountAndBlade.ArrangementOrder wantMove=TaleWorlds.MountAndBlade.MovementOrder wantArr=TaleWorlds.MountAndBlade.ArrangementOrder beh=Charge
[2026-05-08 22:16:21.605] [CrestBattleConvergenceLogic] Y.42 [ally.0] cav: units=0 (empty)
[2026-05-08 22:16:21.605] [CrestBattleConvergenceLogic] Y.42 [enemy.0] lead=Adaltrud's Party tier=2 parity=290 variant=Standard units=273
[2026-05-08 22:16:21.605] [CrestBattleConvergenceLogic] Y.42 [enemy.0] inf: units=165 pos=(0.0,0.0) anchorD=690.0 enemyD=-1.0 engineMove=n/a engineArr=TaleWorlds.MountAndBlade.ArrangementOrder wantMove=TaleWorlds.MountAndBlade.MovementOrder wantArr=TaleWorlds.MountAndBlade.ArrangementOrder beh=(unset)
[2026-05-08 22:16:21.605] [CrestBattleConvergenceLogic] Y.42 [enemy.0] arch: units=32 pos=(0.0,0.0) anchorD=701.4 enemyD=-1.0 engineMove=n/a engineArr=TaleWorlds.MountAndBlade.ArrangementOrder wantMove=TaleWorlds.MountAndBlade.MovementOrder wantArr=TaleWorlds.MountAndBlade.ArrangementOrder beh=(unset)
[2026-05-08 22:16:21.605] [CrestBattleConvergenceLogic] Y.42 [enemy.0] cav: units=76 pos=(0.0,0.0) anchorD=684.4 enemyD=-1.0 engineMove=n/a engineArr=TaleWorlds.MountAndBlade.ArrangementOrder wantMove=TaleWorlds.MountAndBlade.MovementOrder wantArr=TaleWorlds.MountAndBlade.ArrangementOrder beh=(unset)
[2026-05-08 22:16:21.605] [CrestBattleConvergenceLogic] Y.42 [enemy.1] lead=Furnhard's Party tier=2 parity=240 variant=Standard units=52
[2026-05-08 22:16:21.605] [CrestBattleConvergenceLogic] Y.42 [enemy.1] inf: units=25 pos=(0.0,0.0) anchorD=385.1 enemyD=-1.0 engineMove=n/a engineArr=TaleWorlds.MountAndBlade.ArrangementOrder wantMove=TaleWorlds.MountAndBlade.MovementOrder wantArr=TaleWorlds.MountAndBlade.ArrangementOrder beh=(unset)
[2026-05-08 22:16:21.605] [CrestBattleConvergenceLogic] Y.42 [enemy.1] arch: units=8 pos=(0.0,0.0) anchorD=375.4 enemyD=-1.0 engineMove=n/a engineArr=TaleWorlds.MountAndBlade.ArrangementOrder wantMove=TaleWorlds.MountAndBlade.MovementOrder wantArr=TaleWorlds.MountAndBlade.ArrangementOrder beh=(unset)
[2026-05-08 22:16:21.605] [CrestBattleConvergenceLogic] Y.42 [enemy.1] cav: units=19 pos=(0.0,0.0) anchorD=395.9 enemyD=-1.0 engineMove=n/a engineArr=TaleWorlds.MountAndBlade.ArrangementOrder wantMove=TaleWorlds.MountAndBlade.MovementOrder wantArr=TaleWorlds.MountAndBlade.ArrangementOrder beh=(unset)
[2026-05-08 22:16:23.546] [CrestBattleConvergenceLogic] registered Origand of the Brotherhood's Party on Attacker: 135 agents queued (queue size now 135)
[2026-05-08 22:16:23.547] [CrestBattleConvergenceLogic] Y.30B: pool tier=2 delta=-202 variant=ShieldWall
[2026-05-08 22:16:23.547] [CrestBattleConvergenceLogic] Y.30: ally pool[0] lead=Origand of the Brotherhood's Party tactics=132 (escalated); LordCount=2
[2026-05-08 22:16:26.453] [CrestBattleConvergenceLogic] queued Turvald of the Brotherhood's Party (Brotherhood of the Woods) team=0 side=Attacker dist=77.9 active=3/5
[2026-05-08 22:16:26.579] [CrestBattleConvergenceLogic] tick-status: now=81.3 pending=21 elapsed=0 closestRemaining=4.9s collectDef=0 collectAtt=1 reservedDef=0 reservedAtt=0
[2026-05-08 22:16:26.595] [CrestBattleConvergenceLogic] registered Turvald of the Brotherhood's Party on Attacker: 111 agents queued (queue size now 111)
[2026-05-08 22:16:26.595] [CrestBattleConvergenceLogic] Y.30: ally pool[0] joined by Turvald of the Brotherhood's Party (tactics=132); pool lead unchanged (132)
[2026-05-08 22:16:26.724] [CrestBattleConvergenceLogic] Y.42 [ally.0] lead=Origand of the Brotherhood's Party tier=2 parity=-202 variant=ShieldWall units=325
[2026-05-08 22:16:26.724] [CrestBattleConvergenceLogic] Y.42 [ally.0] inf: units=3 pos=(0.0,0.0) anchorD=385.6 enemyD=-1.0 engineMove=n/a engineArr=TaleWorlds.MountAndBlade.ArrangementOrder wantMove=TaleWorlds.MountAndBlade.MovementOrder wantArr=TaleWorlds.MountAndBlade.ArrangementOrder beh=Charge
[2026-05-08 22:16:26.724] [CrestBattleConvergenceLogic] Y.42 [ally.0] arch: units=322 pos=(0.0,0.0) anchorD=375.7 enemyD=-1.0 engineMove=n/a engineArr=TaleWorlds.MountAndBlade.ArrangementOrder wantMove=TaleWorlds.MountAndBlade.MovementOrder wantArr=TaleWorlds.MountAndBlade.ArrangementOrder beh=Charge
[2026-05-08 22:16:26.724] [CrestBattleConvergenceLogic] Y.42 [ally.0] cav: units=0 (empty)
[2026-05-08 22:16:26.724] [CrestBattleConvergenceLogic] Y.42 [enemy.0] lead=Adaltrud's Party tier=2 parity=290 variant=Standard units=273
[2026-05-08 22:16:26.724] [CrestBattleConvergenceLogic] Y.42 [enemy.0] inf: units=165 pos=(0.0,0.0) anchorD=690.0 enemyD=-1.0 engineMove=n/a engineArr=TaleWorlds.MountAndBlade.ArrangementOrder wantMove=TaleWorlds.MountAndBlade.MovementOrder wantArr=TaleWorlds.MountAndBlade.ArrangementOrder beh=(unset)
[2026-05-08 22:16:26.724] [CrestBattleConvergenceLogic] Y.42 [enemy.0] arch: units=32 pos=(0.0,0.0) anchorD=701.4 enemyD=-1.0 engineMove=n/a engineArr=TaleWorlds.MountAndBlade.ArrangementOrder wantMove=TaleWorlds.MountAndBlade.MovementOrder wantArr=TaleWorlds.MountAndBlade.ArrangementOrder beh=(unset)
[2026-05-08 22:16:26.724] [CrestBattleConvergenceLogic] Y.42 [enemy.0] cav: units=76 pos=(0.0,0.0) anchorD=684.4 enemyD=-1.0 engineMove=n/a engineArr=TaleWorlds.MountAndBlade.ArrangementOrder wantMove=TaleWorlds.MountAndBlade.MovementOrder wantArr=TaleWorlds.MountAndBlade.ArrangementOrder beh=(unset)
[2026-05-08 22:16:26.724] [CrestBattleConvergenceLogic] Y.42 [enemy.1] lead=Furnhard's Party tier=2 parity=67 variant=Standard units=47
[2026-05-08 22:16:26.724] [CrestBattleConvergenceLogic] Y.42 [enemy.1] inf: units=21 pos=(0.0,0.0) anchorD=385.1 enemyD=-1.0 engineMove=n/a engineArr=TaleWorlds.MountAndBlade.ArrangementOrder wantMove=TaleWorlds.MountAndBlade.MovementOrder wantArr=TaleWorlds.MountAndBlade.ArrangementOrder beh=(unset)
[2026-05-08 22:16:26.724] [CrestBattleConvergenceLogic] Y.42 [enemy.1] arch: units=7 pos=(0.0,0.0) anchorD=375.4 enemyD=-1.0 engineMove=n/a engineArr=TaleWorlds.MountAndBlade.ArrangementOrder wantMove=TaleWorlds.MountAndBlade.MovementOrder wantArr=TaleWorlds.MountAndBlade.ArrangementOrder beh=(unset)
[2026-05-08 22:16:26.724] [CrestBattleConvergenceLogic] Y.42 [enemy.1] cav: units=19 pos=(0.0,0.0) anchorD=395.9 enemyD=-1.0 engineMove=n/a engineArr=TaleWorlds.MountAndBlade.ArrangementOrder wantMove=TaleWorlds.MountAndBlade.MovementOrder wantArr=TaleWorlds.MountAndBlade.ArrangementOrder beh=(unset)
[2026-05-08 22:16:31.501] [CrestBattleConvergenceLogic] queued Belgir's Party (Vlandia) team=1 side=Defender dist=111.5 active=5/5
[2026-05-08 22:16:31.639] [CrestBattleConvergenceLogic] tick-status: now=86.3 pending=20 elapsed=0 closestRemaining=4.9s collectDef=1 collectAtt=0 reservedDef=0 reservedAtt=0
[2026-05-08 22:16:31.729] [CrestBattleConvergenceLogic] Y.42 [ally.0] lead=Origand of the Brotherhood's Party tier=2 parity=-202 variant=ShieldWall units=317
[2026-05-08 22:16:31.729] [CrestBattleConvergenceLogic] Y.42 [ally.0] inf: units=3 pos=(0.0,0.0) anchorD=385.6 enemyD=-1.0 engineMove=n/a engineArr=TaleWorlds.MountAndBlade.ArrangementOrder wantMove=TaleWorlds.MountAndBlade.MovementOrder wantArr=TaleWorlds.MountAndBlade.ArrangementOrder beh=Charge
[2026-05-08 22:16:31.729] [CrestBattleConvergenceLogic] Y.42 [ally.0] arch: units=314 pos=(0.0,0.0) anchorD=375.7 enemyD=-1.0 engineMove=n/a engineArr=TaleWorlds.MountAndBlade.ArrangementOrder wantMove=TaleWorlds.MountAndBlade.MovementOrder wantArr=TaleWorlds.MountAndBlade.ArrangementOrder beh=Charge
[2026-05-08 22:16:31.729] [CrestBattleConvergenceLogic] Y.42 [ally.0] cav: units=0 (empty)
[2026-05-08 22:16:31.729] [CrestBattleConvergenceLogic] Y.42 [enemy.0] lead=Adaltrud's Party tier=2 parity=290 variant=Standard units=272
[2026-05-08 22:16:31.729] [CrestBattleConvergenceLogic] Y.42 [enemy.0] inf: units=164 pos=(0.0,0.0) anchorD=690.0 enemyD=-1.0 engineMove=n/a engineArr=TaleWorlds.MountAndBlade.ArrangementOrder wantMove=TaleWorlds.MountAndBlade.MovementOrder wantArr=TaleWorlds.MountAndBlade.ArrangementOrder beh=(unset)
[2026-05-08 22:16:31.729] [CrestBattleConvergenceLogic] Y.42 [enemy.0] arch: units=32 pos=(0.0,0.0) anchorD=701.4 enemyD=-1.0 engineMove=n/a engineArr=TaleWorlds.MountAndBlade.ArrangementOrder wantMove=TaleWorlds.MountAndBlade.MovementOrder wantArr=TaleWorlds.MountAndBlade.ArrangementOrder beh=(unset)
[2026-05-08 22:16:31.729] [CrestBattleConvergenceLogic] Y.42 [enemy.0] cav: units=76 pos=(0.0,0.0) anchorD=684.4 enemyD=-1.0 engineMove=n/a engineArr=TaleWorlds.MountAndBlade.ArrangementOrder wantMove=TaleWorlds.MountAndBlade.MovementOrder wantArr=TaleWorlds.MountAndBlade.ArrangementOrder beh=(unset)
[2026-05-08 22:16:31.729] [CrestBattleConvergenceLogic] Y.42 [enemy.1] lead=Furnhard's Party tier=2 parity=67 variant=Standard units=39
[2026-05-08 22:16:31.729] [CrestBattleConvergenceLogic] Y.42 [enemy.1] inf: units=16 pos=(0.0,0.0) anchorD=385.1 enemyD=-1.0 engineMove=n/a engineArr=TaleWorlds.MountAndBlade.ArrangementOrder wantMove=TaleWorlds.MountAndBlade.MovementOrder wantArr=TaleWorlds.MountAndBlade.ArrangementOrder beh=(unset)
[2026-05-08 22:16:31.729] [CrestBattleConvergenceLogic] Y.42 [enemy.1] arch: units=6 pos=(0.0,0.0) anchorD=375.4 enemyD=-1.0 engineMove=n/a engineArr=TaleWorlds.MountAndBlade.ArrangementOrder wantMove=TaleWorlds.MountAndBlade.MovementOrder wantArr=TaleWorlds.MountAndBlade.ArrangementOrder beh=(unset)
[2026-05-08 22:16:31.729] [CrestBattleConvergenceLogic] Y.42 [enemy.1] cav: units=17 pos=(0.0,0.0) anchorD=395.9 enemyD=-1.0 engineMove=n/a engineArr=TaleWorlds.MountAndBlade.ArrangementOrder wantMove=TaleWorlds.MountAndBlade.MovementOrder wantArr=TaleWorlds.MountAndBlade.ArrangementOrder beh=(unset)
[2026-05-08 22:16:32.620] [CrestBattleConvergenceLogic] Y.30B: pool tier=2 delta=-45 variant=Standard
[2026-05-08 22:16:32.665] [CrestBattleConvergenceLogic] registered Belgir's Party on Defender: 135 agents queued (queue size now 135)
[2026-05-08 22:16:32.665] [CrestBattleConvergenceLogic] Y.30B: pool tier=2 delta=-45 variant=Standard
[2026-05-08 22:16:32.665] [CrestBattleConvergenceLogic] Y.30: enemy pool[1] lead=Belgir's Party tactics=179 (escalated); LordCount=2
[2026-05-08 22:16:36.552] [CrestBattleConvergenceLogic]   cap reached on Defender (5/5); Hecard's Party added to waiting list (size 1)
[2026-05-08 22:16:36.693] [CrestBattleConvergenceLogic] tick-status: now=91.3 pending=19 elapsed=0 closestRemaining=4.8s collectDef=0 collectAtt=0 reservedDef=0 reservedAtt=0
[2026-05-08 22:16:36.793] [CrestBattleConvergenceLogic] Y.42 [ally.0] lead=Origand of the Brotherhood's Party tier=2 parity=-202 variant=ShieldWall units=308
[2026-05-08 22:16:36.793] [CrestBattleConvergenceLogic] Y.42 [ally.0] inf: units=3 pos=(0.0,0.0) anchorD=385.6 enemyD=-1.0 engineMove=n/a engineArr=TaleWorlds.MountAndBlade.ArrangementOrder wantMove=TaleWorlds.MountAndBlade.MovementOrder wantArr=TaleWorlds.MountAndBlade.ArrangementOrder beh=Charge
[2026-05-08 22:16:36.793] [CrestBattleConvergenceLogic] Y.42 [ally.0] arch: units=305 pos=(0.0,0.0) anchorD=375.7 enemyD=-1.0 engineMove=n/a engineArr=TaleWorlds.MountAndBlade.ArrangementOrder wantMove=TaleWorlds.MountAndBlade.MovementOrder wantArr=TaleWorlds.MountAndBlade.ArrangementOrder beh=Charge
[2026-05-08 22:16:36.793] [CrestBattleConvergenceLogic] Y.42 [ally.0] cav: units=0 (empty)
[2026-05-08 22:16:36.793] [CrestBattleConvergenceLogic] Y.42 [enemy.0] lead=Adaltrud's Party tier=2 parity=-45 variant=Standard units=269
[2026-05-08 22:16:36.793] [CrestBattleConvergenceLogic] Y.42 [enemy.0] inf: units=161 pos=(0.0,0.0) anchorD=690.0 enemyD=-1.0 engineMove=n/a engineArr=TaleWorlds.MountAndBlade.ArrangementOrder wantMove=TaleWorlds.MountAndBlade.MovementOrder wantArr=TaleWorlds.MountAndBlade.ArrangementOrder beh=(unset)
[2026-05-08 22:16:36.793] [CrestBattleConvergenceLogic] Y.42 [enemy.0] arch: units=32 pos=(0.0,0.0) anchorD=701.4 enemyD=-1.0 engineMove=n/a engineArr=TaleWorlds.MountAndBlade.ArrangementOrder wantMove=TaleWorlds.MountAndBlade.MovementOrder wantArr=TaleWorlds.MountAndBlade.ArrangementOrder beh=(unset)
[2026-05-08 22:16:36.793] [CrestBattleConvergenceLogic] Y.42 [enemy.0] cav: units=76 pos=(0.0,0.0) anchorD=684.4 enemyD=-1.0 engineMove=n/a engineArr=TaleWorlds.MountAndBlade.ArrangementOrder wantMove=TaleWorlds.MountAndBlade.MovementOrder wantArr=TaleWorlds.MountAndBlade.ArrangementOrder beh=(unset)
[2026-05-08 22:16:36.793] [CrestBattleConvergenceLogic] Y.42 [enemy.1] lead=Belgir's Party tier=2 parity=-45 variant=Standard units=164
[2026-05-08 22:16:36.793] [CrestBattleConvergenceLogic] Y.42 [enemy.1] inf: units=92 pos=(0.0,0.0) anchorD=385.1 enemyD=-1.0 engineMove=n/a engineArr=TaleWorlds.MountAndBlade.ArrangementOrder wantMove=TaleWorlds.MountAndBlade.MovementOrder wantArr=TaleWorlds.MountAndBlade.ArrangementOrder beh=(unset)
[2026-05-08 22:16:36.793] [CrestBattleConvergenceLogic] Y.42 [enemy.1] arch: units=26 pos=(0.0,0.0) anchorD=375.4 enemyD=-1.0 engineMove=n/a engineArr=TaleWorlds.MountAndBlade.ArrangementOrder wantMove=TaleWorlds.MountAndBlade.MovementOrder wantArr=TaleWorlds.MountAndBlade.ArrangementOrder beh=(unset)
[2026-05-08 22:16:36.793] [CrestBattleConvergenceLogic] Y.42 [enemy.1] cav: units=46 pos=(0.0,0.0) anchorD=395.9 enemyD=-1.0 engineMove=n/a engineArr=TaleWorlds.MountAndBlade.ArrangementOrder wantMove=TaleWorlds.MountAndBlade.MovementOrder wantArr=TaleWorlds.MountAndBlade.ArrangementOrder beh=(unset)
[2026-05-08 22:16:38.703] [CrestBattleConvergenceLogic] Y.30B: pool tier=2 delta=-75 variant=Standard
[2026-05-08 22:16:41.549] [CrestBattleConvergenceLogic]   cap reached on Defender (5/5); Richelda's Party added to waiting list (size 2)
[2026-05-08 22:16:41.702] [CrestBattleConvergenceLogic] tick-status: now=96.3 pending=18 elapsed=0 closestRemaining=4.8s collectDef=0 collectAtt=0 reservedDef=0 reservedAtt=0
[2026-05-08 22:16:41.795] [CrestBattleConvergenceLogic] Y.42 [ally.0] lead=Origand of the Brotherhood's Party tier=2 parity=-75 variant=Standard units=294
[2026-05-08 22:16:41.795] [CrestBattleConvergenceLogic] Y.42 [ally.0] inf: units=3 pos=(0.0,0.0) anchorD=385.6 enemyD=-1.0 engineMove=n/a engineArr=TaleWorlds.MountAndBlade.ArrangementOrder wantMove=TaleWorlds.MountAndBlade.MovementOrder wantArr=TaleWorlds.MountAndBlade.ArrangementOrder beh=Charge
[2026-05-08 22:16:41.795] [CrestBattleConvergenceLogic] Y.42 [ally.0] arch: units=291 pos=(0.0,0.0) anchorD=375.7 enemyD=-1.0 engineMove=n/a engineArr=TaleWorlds.MountAndBlade.ArrangementOrder wantMove=TaleWorlds.MountAndBlade.MovementOrder wantArr=TaleWorlds.MountAndBlade.ArrangementOrder beh=Charge
[2026-05-08 22:16:41.795] [CrestBattleConvergenceLogic] Y.42 [ally.0] cav: units=0 (empty)
[2026-05-08 22:16:41.795] [CrestBattleConvergenceLogic] Y.42 [enemy.0] lead=Adaltrud's Party tier=2 parity=-45 variant=Standard units=267
[2026-05-08 22:16:41.795] [CrestBattleConvergenceLogic] Y.42 [enemy.0] inf: units=159 pos=(0.0,0.0) anchorD=690.0 enemyD=-1.0 engineMove=n/a engineArr=TaleWorlds.MountAndBlade.ArrangementOrder wantMove=TaleWorlds.MountAndBlade.MovementOrder wantArr=TaleWorlds.MountAndBlade.ArrangementOrder beh=(unset)
[2026-05-08 22:16:41.795] [CrestBattleConvergenceLogic] Y.42 [enemy.0] arch: units=32 pos=(0.0,0.0) anchorD=701.4 enemyD=-1.0 engineMove=n/a engineArr=TaleWorlds.MountAndBlade.ArrangementOrder wantMove=TaleWorlds.MountAndBlade.MovementOrder wantArr=TaleWorlds.MountAndBlade.ArrangementOrder beh=(unset)
[2026-05-08 22:16:41.795] [CrestBattleConvergenceLogic] Y.42 [enemy.0] cav: units=76 pos=(0.0,0.0) anchorD=684.4 enemyD=-1.0 engineMove=n/a engineArr=TaleWorlds.MountAndBlade.ArrangementOrder wantMove=TaleWorlds.MountAndBlade.MovementOrder wantArr=TaleWorlds.MountAndBlade.ArrangementOrder beh=(unset)
[2026-05-08 22:16:41.795] [CrestBattleConvergenceLogic] Y.42 [enemy.1] lead=Belgir's Party tier=2 parity=-45 variant=Standard units=131
[2026-05-08 22:16:41.795] [CrestBattleConvergenceLogic] Y.42 [enemy.1] inf: units=70 pos=(0.0,0.0) anchorD=385.1 enemyD=-1.0 engineMove=n/a engineArr=TaleWorlds.MountAndBlade.ArrangementOrder wantMove=TaleWorlds.MountAndBlade.MovementOrder wantArr=TaleWorlds.MountAndBlade.ArrangementOrder beh=(unset)
[2026-05-08 22:16:41.795] [CrestBattleConvergenceLogic] Y.42 [enemy.1] arch: units=16 pos=(0.0,0.0) anchorD=375.4 enemyD=-1.0 engineMove=n/a engineArr=TaleWorlds.MountAndBlade.ArrangementOrder wantMove=TaleWorlds.MountAndBlade.MovementOrder wantArr=TaleWorlds.MountAndBlade.ArrangementOrder beh=(unset)
[2026-05-08 22:16:41.795] [CrestBattleConvergenceLogic] Y.42 [enemy.1] cav: units=45 pos=(0.0,0.0) anchorD=395.9 enemyD=-1.0 engineMove=n/a engineArr=TaleWorlds.MountAndBlade.ArrangementOrder wantMove=TaleWorlds.MountAndBlade.MovementOrder wantArr=TaleWorlds.MountAndBlade.ArrangementOrder beh=(unset)
[2026-05-08 22:16:46.552] [CrestBattleConvergenceLogic]   cap reached on Defender (5/5); Vartin's Party added to waiting list (size 3)
[2026-05-08 22:16:46.712] [CrestBattleConvergenceLogic] tick-status: now=101.3 pending=17 elapsed=0 closestRemaining=4.8s collectDef=0 collectAtt=0 reservedDef=0 reservedAtt=0
[2026-05-08 22:16:46.806] [CrestBattleConvergenceLogic] Y.42 [ally.0] lead=Origand of the Brotherhood's Party tier=2 parity=-75 variant=Standard units=281
[2026-05-08 22:16:46.806] [CrestBattleConvergenceLogic] Y.42 [ally.0] inf: units=3 pos=(0.0,0.0) anchorD=385.6 enemyD=-1.0 engineMove=n/a engineArr=TaleWorlds.MountAndBlade.ArrangementOrder wantMove=TaleWorlds.MountAndBlade.MovementOrder wantArr=TaleWorlds.MountAndBlade.ArrangementOrder beh=Charge
[2026-05-08 22:16:46.806] [CrestBattleConvergenceLogic] Y.42 [ally.0] arch: units=278 pos=(0.0,0.0) anchorD=375.7 enemyD=-1.0 engineMove=n/a engineArr=TaleWorlds.MountAndBlade.ArrangementOrder wantMove=TaleWorlds.MountAndBlade.MovementOrder wantArr=TaleWorlds.MountAndBlade.ArrangementOrder beh=Charge
[2026-05-08 22:16:46.806] [CrestBattleConvergenceLogic] Y.42 [ally.0] cav: units=0 (empty)
[2026-05-08 22:16:46.806] [CrestBattleConvergenceLogic] Y.42 [enemy.0] lead=Adaltrud's Party tier=2 parity=-45 variant=Standard units=264
[2026-05-08 22:16:46.806] [CrestBattleConvergenceLogic] Y.42 [enemy.0] inf: units=156 pos=(0.0,0.0) anchorD=690.0 enemyD=-1.0 engineMove=n/a engineArr=TaleWorlds.MountAndBlade.ArrangementOrder wantMove=TaleWorlds.MountAndBlade.MovementOrder wantArr=TaleWorlds.MountAndBlade.ArrangementOrder beh=(unset)
[2026-05-08 22:16:46.806] [CrestBattleConvergenceLogic] Y.42 [enemy.0] arch: units=32 pos=(0.0,0.0) anchorD=701.4 enemyD=-1.0 engineMove=n/a engineArr=TaleWorlds.MountAndBlade.ArrangementOrder wantMove=TaleWorlds.MountAndBlade.MovementOrder wantArr=TaleWorlds.MountAndBlade.ArrangementOrder beh=(unset)
[2026-05-08 22:16:46.806] [CrestBattleConvergenceLogic] Y.42 [enemy.0] cav: units=76 pos=(0.0,0.0) anchorD=684.4 enemyD=-1.0 engineMove=n/a engineArr=TaleWorlds.MountAndBlade.ArrangementOrder wantMove=TaleWorlds.MountAndBlade.MovementOrder wantArr=TaleWorlds.MountAndBlade.ArrangementOrder beh=(unset)
[2026-05-08 22:16:46.806] [CrestBattleConvergenceLogic] Y.42 [enemy.1] lead=Belgir's Party tier=2 parity=-45 variant=Standard units=97
[2026-05-08 22:16:46.806] [CrestBattleConvergenceLogic] Y.42 [enemy.1] inf: units=47 pos=(0.0,0.0) anchorD=385.1 enemyD=-1.0 engineMove=n/a engineArr=TaleWorlds.MountAndBlade.ArrangementOrder wantMove=TaleWorlds.MountAndBlade.MovementOrder wantArr=TaleWorlds.MountAndBlade.ArrangementOrder beh=(unset)
[2026-05-08 22:16:46.806] [CrestBattleConvergenceLogic] Y.42 [enemy.1] arch: units=6 pos=(0.0,0.0) anchorD=375.4 enemyD=-1.0 engineMove=n/a engineArr=TaleWorlds.MountAndBlade.ArrangementOrder wantMove=TaleWorlds.MountAndBlade.MovementOrder wantArr=TaleWorlds.MountAndBlade.ArrangementOrder beh=(unset)
[2026-05-08 22:16:46.806] [CrestBattleConvergenceLogic] Y.42 [enemy.1] cav: units=44 pos=(0.0,0.0) anchorD=395.9 enemyD=-1.0 engineMove=n/a engineArr=TaleWorlds.MountAndBlade.ArrangementOrder wantMove=TaleWorlds.MountAndBlade.MovementOrder wantArr=TaleWorlds.MountAndBlade.ArrangementOrder beh=(unset)
[2026-05-08 22:16:51.558] [CrestBattleConvergenceLogic]   cap reached on Defender (5/5); Romund's Party added to waiting list (size 4)
[2026-05-08 22:16:51.727] [CrestBattleConvergenceLogic] tick-status: now=106.3 pending=16 elapsed=0 closestRemaining=4.8s collectDef=0 collectAtt=0 reservedDef=0 reservedAtt=0
[2026-05-08 22:16:51.819] [CrestBattleConvergenceLogic] Y.42 [ally.0] lead=Origand of the Brotherhood's Party tier=2 parity=-75 variant=Standard units=270
[2026-05-08 22:16:51.819] [CrestBattleConvergenceLogic] Y.42 [ally.0] inf: units=3 pos=(0.0,0.0) anchorD=385.6 enemyD=-1.0 engineMove=n/a engineArr=TaleWorlds.MountAndBlade.ArrangementOrder wantMove=TaleWorlds.MountAndBlade.MovementOrder wantArr=TaleWorlds.MountAndBlade.ArrangementOrder beh=Charge
[2026-05-08 22:16:51.819] [CrestBattleConvergenceLogic] Y.42 [ally.0] arch: units=267 pos=(0.0,0.0) anchorD=375.7 enemyD=-1.0 engineMove=n/a engineArr=TaleWorlds.MountAndBlade.ArrangementOrder wantMove=TaleWorlds.MountAndBlade.MovementOrder wantArr=TaleWorlds.MountAndBlade.ArrangementOrder beh=Charge
[2026-05-08 22:16:51.819] [CrestBattleConvergenceLogic] Y.42 [ally.0] cav: units=0 (empty)
[2026-05-08 22:16:51.819] [CrestBattleConvergenceLogic] Y.42 [enemy.0] lead=Adaltrud's Party tier=2 parity=42 variant=Standard units=262
[2026-05-08 22:16:51.819] [CrestBattleConvergenceLogic] Y.42 [enemy.0] inf: units=154 pos=(0.0,0.0) anchorD=690.0 enemyD=-1.0 engineMove=n/a engineArr=TaleWorlds.MountAndBlade.ArrangementOrder wantMove=TaleWorlds.MountAndBlade.MovementOrder wantArr=TaleWorlds.MountAndBlade.ArrangementOrder beh=(unset)
[2026-05-08 22:16:51.819] [CrestBattleConvergenceLogic] Y.42 [enemy.0] arch: units=32 pos=(0.0,0.0) anchorD=701.4 enemyD=-1.0 engineMove=n/a engineArr=TaleWorlds.MountAndBlade.ArrangementOrder wantMove=TaleWorlds.MountAndBlade.MovementOrder wantArr=TaleWorlds.MountAndBlade.ArrangementOrder beh=(unset)
[2026-05-08 22:16:51.819] [CrestBattleConvergenceLogic] Y.42 [enemy.0] cav: units=76 pos=(0.0,0.0) anchorD=684.4 enemyD=-1.0 engineMove=n/a engineArr=TaleWorlds.MountAndBlade.ArrangementOrder wantMove=TaleWorlds.MountAndBlade.MovementOrder wantArr=TaleWorlds.MountAndBlade.ArrangementOrder beh=(unset)
[2026-05-08 22:16:51.819] [CrestBattleConvergenceLogic] Y.42 [enemy.1] lead=Belgir's Party tier=2 parity=42 variant=Standard units=74
[2026-05-08 22:16:51.819] [CrestBattleConvergenceLogic] Y.42 [enemy.1] inf: units=27 pos=(0.0,0.0) anchorD=385.1 enemyD=-1.0 engineMove=n/a engineArr=TaleWorlds.MountAndBlade.ArrangementOrder wantMove=TaleWorlds.MountAndBlade.MovementOrder wantArr=TaleWorlds.MountAndBlade.ArrangementOrder beh=(unset)
[2026-05-08 22:16:51.819] [CrestBattleConvergenceLogic] Y.42 [enemy.1] arch: units=5 pos=(0.0,0.0) anchorD=375.4 enemyD=-1.0 engineMove=n/a engineArr=TaleWorlds.MountAndBlade.ArrangementOrder wantMove=TaleWorlds.MountAndBlade.MovementOrder wantArr=TaleWorlds.MountAndBlade.ArrangementOrder beh=(unset)
[2026-05-08 22:16:51.819] [CrestBattleConvergenceLogic] Y.42 [enemy.1] cav: units=42 pos=(0.0,0.0) anchorD=395.9 enemyD=-1.0 engineMove=n/a engineArr=TaleWorlds.MountAndBlade.ArrangementOrder wantMove=TaleWorlds.MountAndBlade.MovementOrder wantArr=TaleWorlds.MountAndBlade.ArrangementOrder beh=(unset)
[2026-05-08 22:16:56.556] [CrestBattleConvergenceLogic]   cap reached on Defender (5/5); Derthert's Party added to waiting list (size 5)
[2026-05-08 22:16:56.732] [CrestBattleConvergenceLogic] tick-status: now=111.3 pending=15 elapsed=0 closestRemaining=4.8s collectDef=0 collectAtt=0 reservedDef=0 reservedAtt=0
[2026-05-08 22:16:56.831] [CrestBattleConvergenceLogic] Y.42 [ally.0] lead=Origand of the Brotherhood's Party tier=2 parity=-28 variant=Standard units=264
[2026-05-08 22:16:56.831] [CrestBattleConvergenceLogic] Y.42 [ally.0] inf: units=3 pos=(0.0,0.0) anchorD=385.6 enemyD=-1.0 engineMove=n/a engineArr=TaleWorlds.MountAndBlade.ArrangementOrder wantMove=TaleWorlds.MountAndBlade.MovementOrder wantArr=TaleWorlds.MountAndBlade.ArrangementOrder beh=Charge
[2026-05-08 22:16:56.831] [CrestBattleConvergenceLogic] Y.42 [ally.0] arch: units=261 pos=(0.0,0.0) anchorD=375.7 enemyD=-1.0 engineMove=n/a engineArr=TaleWorlds.MountAndBlade.ArrangementOrder wantMove=TaleWorlds.MountAndBlade.MovementOrder wantArr=TaleWorlds.MountAndBlade.ArrangementOrder beh=Charge
[2026-05-08 22:16:56.831] [CrestBattleConvergenceLogic] Y.42 [ally.0] cav: units=0 (empty)
[2026-05-08 22:16:56.831] [CrestBattleConvergenceLogic] Y.42 [enemy.0] lead=Adaltrud's Party tier=2 parity=42 variant=Standard units=260
[2026-05-08 22:16:56.831] [CrestBattleConvergenceLogic] Y.42 [enemy.0] inf: units=152 pos=(0.0,0.0) anchorD=690.0 enemyD=-1.0 engineMove=n/a engineArr=TaleWorlds.MountAndBlade.ArrangementOrder wantMove=TaleWorlds.MountAndBlade.MovementOrder wantArr=TaleWorlds.MountAndBlade.ArrangementOrder beh=(unset)
[2026-05-08 22:16:56.831] [CrestBattleConvergenceLogic] Y.42 [enemy.0] arch: units=32 pos=(0.0,0.0) anchorD=701.4 enemyD=-1.0 engineMove=n/a engineArr=TaleWorlds.MountAndBlade.ArrangementOrder wantMove=TaleWorlds.MountAndBlade.MovementOrder wantArr=TaleWorlds.MountAndBlade.ArrangementOrder beh=(unset)
[2026-05-08 22:16:56.831] [CrestBattleConvergenceLogic] Y.42 [enemy.0] cav: units=76 pos=(0.0,0.0) anchorD=684.4 enemyD=-1.0 engineMove=n/a engineArr=TaleWorlds.MountAndBlade.ArrangementOrder wantMove=TaleWorlds.MountAndBlade.MovementOrder wantArr=TaleWorlds.MountAndBlade.ArrangementOrder beh=(unset)
[2026-05-08 22:16:56.831] [CrestBattleConvergenceLogic] Y.42 [enemy.1] lead=Belgir's Party tier=2 parity=42 variant=Standard units=61
[2026-05-08 22:16:56.831] [CrestBattleConvergenceLogic] Y.42 [enemy.1] inf: units=18 pos=(0.0,0.0) anchorD=385.1 enemyD=-1.0 engineMove=n/a engineArr=TaleWorlds.MountAndBlade.ArrangementOrder wantMove=TaleWorlds.MountAndBlade.MovementOrder wantArr=TaleWorlds.MountAndBlade.ArrangementOrder beh=(unset)
[2026-05-08 22:16:56.831] [CrestBattleConvergenceLogic] Y.42 [enemy.1] arch: units=3 pos=(0.0,0.0) anchorD=375.4 enemyD=-1.0 engineMove=n/a engineArr=TaleWorlds.MountAndBlade.ArrangementOrder wantMove=TaleWorlds.MountAndBlade.MovementOrder wantArr=TaleWorlds.MountAndBlade.ArrangementOrder beh=(unset)
[2026-05-08 22:16:56.831] [CrestBattleConvergenceLogic] Y.42 [enemy.1] cav: units=40 pos=(0.0,0.0) anchorD=395.9 enemyD=-1.0 engineMove=n/a engineArr=TaleWorlds.MountAndBlade.ArrangementOrder wantMove=TaleWorlds.MountAndBlade.MovementOrder wantArr=TaleWorlds.MountAndBlade.ArrangementOrder beh=(unset)
[2026-05-08 22:17:01.552] [CrestBattleConvergenceLogic]   cap reached on Defender (5/5); Morcon's Party added to waiting list (size 6)
[2026-05-08 22:17:01.736] [CrestBattleConvergenceLogic] tick-status: now=116.3 pending=14 elapsed=0 closestRemaining=4.8s collectDef=0 collectAtt=0 reservedDef=0 reservedAtt=0
[2026-05-08 22:17:01.844] [CrestBattleConvergenceLogic] Y.42 [ally.0] lead=Origand of the Brotherhood's Party tier=2 parity=-28 variant=Standard units=253
[2026-05-08 22:17:01.844] [CrestBattleConvergenceLogic] Y.42 [ally.0] inf: units=3 pos=(0.0,0.0) anchorD=385.6 enemyD=-1.0 engineMove=n/a engineArr=TaleWorlds.MountAndBlade.ArrangementOrder wantMove=TaleWorlds.MountAndBlade.MovementOrder wantArr=TaleWorlds.MountAndBlade.ArrangementOrder beh=Charge
[2026-05-08 22:17:01.844] [CrestBattleConvergenceLogic] Y.42 [ally.0] arch: units=250 pos=(0.0,0.0) anchorD=375.7 enemyD=-1.0 engineMove=n/a engineArr=TaleWorlds.MountAndBlade.ArrangementOrder wantMove=TaleWorlds.MountAndBlade.MovementOrder wantArr=TaleWorlds.MountAndBlade.ArrangementOrder beh=Charge
[2026-05-08 22:17:01.844] [CrestBattleConvergenceLogic] Y.42 [ally.0] cav: units=0 (empty)
[2026-05-08 22:17:01.844] [CrestBattleConvergenceLogic] Y.42 [enemy.0] lead=Adaltrud's Party tier=2 parity=42 variant=Standard units=257
[2026-05-08 22:17:01.844] [CrestBattleConvergenceLogic] Y.42 [enemy.0] inf: units=149 pos=(0.0,0.0) anchorD=690.0 enemyD=-1.0 engineMove=n/a engineArr=TaleWorlds.MountAndBlade.ArrangementOrder wantMove=TaleWorlds.MountAndBlade.MovementOrder wantArr=TaleWorlds.MountAndBlade.ArrangementOrder beh=(unset)
[2026-05-08 22:17:01.844] [CrestBattleConvergenceLogic] Y.42 [enemy.0] arch: units=32 pos=(0.0,0.0) anchorD=701.4 enemyD=-1.0 engineMove=n/a engineArr=TaleWorlds.MountAndBlade.ArrangementOrder wantMove=TaleWorlds.MountAndBlade.MovementOrder wantArr=TaleWorlds.MountAndBlade.ArrangementOrder beh=(unset)
[2026-05-08 22:17:01.844] [CrestBattleConvergenceLogic] Y.42 [enemy.0] cav: units=76 pos=(0.0,0.0) anchorD=684.4 enemyD=-1.0 engineMove=n/a engineArr=TaleWorlds.MountAndBlade.ArrangementOrder wantMove=TaleWorlds.MountAndBlade.MovementOrder wantArr=TaleWorlds.MountAndBlade.ArrangementOrder beh=(unset)
[2026-05-08 22:17:01.844] [CrestBattleConvergenceLogic] Y.42 [enemy.1] lead=Belgir's Party tier=2 parity=42 variant=Standard units=52
[2026-05-08 22:17:01.844] [CrestBattleConvergenceLogic] Y.42 [enemy.1] inf: units=16 pos=(0.0,0.0) anchorD=385.1 enemyD=-1.0 engineMove=n/a engineArr=TaleWorlds.MountAndBlade.ArrangementOrder wantMove=TaleWorlds.MountAndBlade.MovementOrder wantArr=TaleWorlds.MountAndBlade.ArrangementOrder beh=(unset)
[2026-05-08 22:17:01.844] [CrestBattleConvergenceLogic] Y.42 [enemy.1] arch: units=0 (empty)
[2026-05-08 22:17:01.844] [CrestBattleConvergenceLogic] Y.42 [enemy.1] cav: units=36 pos=(0.0,0.0) anchorD=395.9 enemyD=-1.0 engineMove=n/a engineArr=TaleWorlds.MountAndBlade.ArrangementOrder wantMove=TaleWorlds.MountAndBlade.MovementOrder wantArr=TaleWorlds.MountAndBlade.ArrangementOrder beh=(unset)
[2026-05-08 22:17:06.564] [CrestBattleConvergenceLogic] queued Asgotha's Party (Nord) team=0 side=Attacker dist=146.7 active=4/5
[2026-05-08 22:17:06.749] [CrestBattleConvergenceLogic] tick-status: now=121.4 pending=13 elapsed=0 closestRemaining=4.8s collectDef=0 collectAtt=1 reservedDef=0 reservedAtt=0
[2026-05-08 22:17:06.858] [CrestBattleConvergenceLogic] Y.42 [ally.0] lead=Origand of the Brotherhood's Party tier=2 parity=-28 variant=Standard units=246
[2026-05-08 22:17:06.858] [CrestBattleConvergenceLogic] Y.42 [ally.0] inf: units=3 pos=(0.0,0.0) anchorD=385.6 enemyD=-1.0 engineMove=n/a engineArr=TaleWorlds.MountAndBlade.ArrangementOrder wantMove=TaleWorlds.MountAndBlade.MovementOrder wantArr=TaleWorlds.MountAndBlade.ArrangementOrder beh=Charge
[2026-05-08 22:17:06.858] [CrestBattleConvergenceLogic] Y.42 [ally.0] arch: units=243 pos=(0.0,0.0) anchorD=375.7 enemyD=-1.0 engineMove=n/a engineArr=TaleWorlds.MountAndBlade.ArrangementOrder wantMove=TaleWorlds.MountAndBlade.MovementOrder wantArr=TaleWorlds.MountAndBlade.ArrangementOrder beh=Charge
[2026-05-08 22:17:06.858] [CrestBattleConvergenceLogic] Y.42 [ally.0] cav: units=0 (empty)
[2026-05-08 22:17:06.858] [CrestBattleConvergenceLogic] Y.42 [enemy.0] lead=Adaltrud's Party tier=2 parity=14 variant=Standard units=253
[2026-05-08 22:17:06.858] [CrestBattleConvergenceLogic] Y.42 [enemy.0] inf: units=145 pos=(0.0,0.0) anchorD=690.0 enemyD=-1.0 engineMove=n/a engineArr=TaleWorlds.MountAndBlade.ArrangementOrder wantMove=TaleWorlds.MountAndBlade.MovementOrder wantArr=TaleWorlds.MountAndBlade.ArrangementOrder beh=(unset)
[2026-05-08 22:17:06.858] [CrestBattleConvergenceLogic] Y.42 [enemy.0] arch: units=32 pos=(0.0,0.0) anchorD=701.4 enemyD=-1.0 engineMove=n/a engineArr=TaleWorlds.MountAndBlade.ArrangementOrder wantMove=TaleWorlds.MountAndBlade.MovementOrder wantArr=TaleWorlds.MountAndBlade.ArrangementOrder beh=(unset)
[2026-05-08 22:17:06.858] [CrestBattleConvergenceLogic] Y.42 [enemy.0] cav: units=76 pos=(0.0,0.0) anchorD=684.4 enemyD=-1.0 engineMove=n/a engineArr=TaleWorlds.MountAndBlade.ArrangementOrder wantMove=TaleWorlds.MountAndBlade.MovementOrder wantArr=TaleWorlds.MountAndBlade.ArrangementOrder beh=(unset)
[2026-05-08 22:17:06.858] [CrestBattleConvergenceLogic] Y.42 [enemy.1] lead=Belgir's Party tier=2 parity=15 variant=Standard units=39
[2026-05-08 22:17:06.858] [CrestBattleConvergenceLogic] Y.42 [enemy.1] inf: units=12 pos=(0.0,0.0) anchorD=385.1 enemyD=-1.0 engineMove=n/a engineArr=TaleWorlds.MountAndBlade.ArrangementOrder wantMove=TaleWorlds.MountAndBlade.MovementOrder wantArr=TaleWorlds.MountAndBlade.ArrangementOrder beh=(unset)
[2026-05-08 22:17:06.858] [CrestBattleConvergenceLogic] Y.42 [enemy.1] arch: units=0 (empty)
[2026-05-08 22:17:06.858] [CrestBattleConvergenceLogic] Y.42 [enemy.1] cav: units=27 pos=(0.0,0.0) anchorD=395.9 enemyD=-1.0 engineMove=n/a engineArr=TaleWorlds.MountAndBlade.ArrangementOrder wantMove=TaleWorlds.MountAndBlade.MovementOrder wantArr=TaleWorlds.MountAndBlade.ArrangementOrder beh=(unset)
[2026-05-08 22:17:08.759] [CrestBattleConvergenceLogic] registered Asgotha's Party on Attacker: 171 agents queued (queue size now 171)
[2026-05-08 22:17:08.762] [CrestBattleConvergenceLogic] Y.30B: pool tier=2 delta=-5 variant=Standard
[2026-05-08 22:17:08.762] [CrestBattleConvergenceLogic] Y.34: pool anchors set inf=(247.4,644.1) arch=(247.8,656.1) cav=(229.4,644.8)
[2026-05-08 22:17:08.762] [CrestBattleConvergenceLogic] Y.30: ally pool[1] lead=Asgotha's Party tactics=176 (first); LordCount=1
[2026-05-08 22:17:11.695] [CrestBattleConvergenceLogic]   cap reached on Defender (5/5); Unthery's Party added to waiting list (size 7)
[2026-05-08 22:17:11.897] [CrestBattleConvergenceLogic] tick-status: now=126.4 pending=12 elapsed=0 closestRemaining=4.8s collectDef=0 collectAtt=0 reservedDef=0 reservedAtt=21
[2026-05-08 22:17:12.001] [CrestBattleConvergenceLogic] Y.42 [ally.0] lead=Origand of the Brotherhood's Party tier=2 parity=-5 variant=Standard units=243
[2026-05-08 22:17:12.001] [CrestBattleConvergenceLogic] Y.42 [ally.0] inf: units=2 pos=(0.0,0.0) anchorD=385.6 enemyD=-1.0 engineMove=n/a engineArr=TaleWorlds.MountAndBlade.ArrangementOrder wantMove=TaleWorlds.MountAndBlade.MovementOrder wantArr=TaleWorlds.MountAndBlade.ArrangementOrder beh=Charge
[2026-05-08 22:17:12.001] [CrestBattleConvergenceLogic] Y.42 [ally.0] arch: units=241 pos=(0.0,0.0) anchorD=375.7 enemyD=-1.0 engineMove=n/a engineArr=TaleWorlds.MountAndBlade.ArrangementOrder wantMove=TaleWorlds.MountAndBlade.MovementOrder wantArr=TaleWorlds.MountAndBlade.ArrangementOrder beh=Charge
[2026-05-08 22:17:12.001] [CrestBattleConvergenceLogic] Y.42 [ally.0] cav: units=0 (empty)
[2026-05-08 22:17:12.001] [CrestBattleConvergenceLogic] Y.42 [ally.1] lead=Asgotha's Party tier=2 parity=-5 variant=Standard units=171
[2026-05-08 22:17:12.001] [CrestBattleConvergenceLogic] Y.42 [ally.1] inf: units=122 pos=(0.0,0.0) anchorD=690.0 enemyD=-1.0 engineMove=n/a engineArr=TaleWorlds.MountAndBlade.ArrangementOrder wantMove=TaleWorlds.MountAndBlade.MovementOrder wantArr=TaleWorlds.MountAndBlade.ArrangementOrder beh=Charge
[2026-05-08 22:17:12.001] [CrestBattleConvergenceLogic] Y.42 [ally.1] arch: units=49 pos=(0.0,0.0) anchorD=701.4 enemyD=-1.0 engineMove=n/a engineArr=TaleWorlds.MountAndBlade.ArrangementOrder wantMove=TaleWorlds.MountAndBlade.MovementOrder wantArr=TaleWorlds.MountAndBlade.ArrangementOrder beh=Charge
[2026-05-08 22:17:12.001] [CrestBattleConvergenceLogic] Y.42 [ally.1] cav: units=0 (empty)
[2026-05-08 22:17:12.001] [CrestBattleConvergenceLogic] Y.42 [enemy.0] lead=Adaltrud's Party tier=2 parity=14 variant=Standard units=245
[2026-05-08 22:17:12.001] [CrestBattleConvergenceLogic] Y.42 [enemy.0] inf: units=138 pos=(0.0,0.0) anchorD=690.0 enemyD=-1.0 engineMove=n/a engineArr=TaleWorlds.MountAndBlade.ArrangementOrder wantMove=TaleWorlds.MountAndBlade.MovementOrder wantArr=TaleWorlds.MountAndBlade.ArrangementOrder beh=(unset)
[2026-05-08 22:17:12.001] [CrestBattleConvergenceLogic] Y.42 [enemy.0] arch: units=32 pos=(0.0,0.0) anchorD=701.4 enemyD=-1.0 engineMove=n/a engineArr=TaleWorlds.MountAndBlade.ArrangementOrder wantMove=TaleWorlds.MountAndBlade.MovementOrder wantArr=TaleWorlds.MountAndBlade.ArrangementOrder beh=(unset)
[2026-05-08 22:17:12.001] [CrestBattleConvergenceLogic] Y.42 [enemy.0] cav: units=75 pos=(0.0,0.0) anchorD=684.4 enemyD=-1.0 engineMove=n/a engineArr=TaleWorlds.MountAndBlade.ArrangementOrder wantMove=TaleWorlds.MountAndBlade.MovementOrder wantArr=TaleWorlds.MountAndBlade.ArrangementOrder beh=(unset)
[2026-05-08 22:17:12.001] [CrestBattleConvergenceLogic] Y.42 [enemy.1] lead=Belgir's Party tier=2 parity=15 variant=Standard units=28
[2026-05-08 22:17:12.001] [CrestBattleConvergenceLogic] Y.42 [enemy.1] inf: units=8 pos=(0.0,0.0) anchorD=385.1 enemyD=-1.0 engineMove=n/a engineArr=TaleWorlds.MountAndBlade.ArrangementOrder wantMove=TaleWorlds.MountAndBlade.MovementOrder wantArr=TaleWorlds.MountAndBlade.ArrangementOrder beh=(unset)
[2026-05-08 22:17:12.001] [CrestBattleConvergenceLogic] Y.42 [enemy.1] arch: units=0 (empty)
[2026-05-08 22:17:12.001] [CrestBattleConvergenceLogic] Y.42 [enemy.1] cav: units=20 pos=(0.0,0.0) anchorD=395.9 enemyD=-1.0 engineMove=n/a engineArr=TaleWorlds.MountAndBlade.ArrangementOrder wantMove=TaleWorlds.MountAndBlade.MovementOrder wantArr=TaleWorlds.MountAndBlade.ArrangementOrder beh=(unset)
[2026-05-08 22:17:16.695] [CrestBattleConvergenceLogic]   cap reached on Defender (5/5); Arthamund's Party added to waiting list (size 8)
[2026-05-08 22:17:16.898] [CrestBattleConvergenceLogic] tick-status: now=131.4 pending=11 elapsed=0 closestRemaining=4.8s collectDef=0 collectAtt=0 reservedDef=0 reservedAtt=0
[2026-05-08 22:17:17.009] [CrestBattleConvergenceLogic] Y.42 [ally.0] lead=Origand of the Brotherhood's Party tier=2 parity=-5 variant=Standard units=241
[2026-05-08 22:17:17.009] [CrestBattleConvergenceLogic] Y.42 [ally.0] inf: units=2 pos=(0.0,0.0) anchorD=385.6 enemyD=-1.0 engineMove=n/a engineArr=TaleWorlds.MountAndBlade.ArrangementOrder wantMove=TaleWorlds.MountAndBlade.MovementOrder wantArr=TaleWorlds.MountAndBlade.ArrangementOrder beh=Charge
[2026-05-08 22:17:17.009] [CrestBattleConvergenceLogic] Y.42 [ally.0] arch: units=239 pos=(0.0,0.0) anchorD=375.7 enemyD=-1.0 engineMove=n/a engineArr=TaleWorlds.MountAndBlade.ArrangementOrder wantMove=TaleWorlds.MountAndBlade.MovementOrder wantArr=TaleWorlds.MountAndBlade.ArrangementOrder beh=Charge
[2026-05-08 22:17:17.009] [CrestBattleConvergenceLogic] Y.42 [ally.0] cav: units=0 (empty)
[2026-05-08 22:17:17.009] [CrestBattleConvergenceLogic] Y.42 [ally.1] lead=Asgotha's Party tier=2 parity=-5 variant=Standard units=169
[2026-05-08 22:17:17.009] [CrestBattleConvergenceLogic] Y.42 [ally.1] inf: units=120 pos=(0.0,0.0) anchorD=690.0 enemyD=-1.0 engineMove=n/a engineArr=TaleWorlds.MountAndBlade.ArrangementOrder wantMove=TaleWorlds.MountAndBlade.MovementOrder wantArr=TaleWorlds.MountAndBlade.ArrangementOrder beh=Charge
[2026-05-08 22:17:17.009] [CrestBattleConvergenceLogic] Y.42 [ally.1] arch: units=49 pos=(0.0,0.0) anchorD=701.4 enemyD=-1.0 engineMove=n/a engineArr=TaleWorlds.MountAndBlade.ArrangementOrder wantMove=TaleWorlds.MountAndBlade.MovementOrder wantArr=TaleWorlds.MountAndBlade.ArrangementOrder beh=Charge
[2026-05-08 22:17:17.009] [CrestBattleConvergenceLogic] Y.42 [ally.1] cav: units=0 (empty)
[2026-05-08 22:17:17.009] [CrestBattleConvergenceLogic] Y.42 [enemy.0] lead=Adaltrud's Party tier=2 parity=14 variant=Standard units=233
[2026-05-08 22:17:17.009] [CrestBattleConvergenceLogic] Y.42 [enemy.0] inf: units=130 pos=(0.0,0.0) anchorD=690.0 enemyD=-1.0 engineMove=n/a engineArr=TaleWorlds.MountAndBlade.ArrangementOrder wantMove=TaleWorlds.MountAndBlade.MovementOrder wantArr=TaleWorlds.MountAndBlade.ArrangementOrder beh=(unset)
[2026-05-08 22:17:17.009] [CrestBattleConvergenceLogic] Y.42 [enemy.0] arch: units=28 pos=(0.0,0.0) anchorD=701.4 enemyD=-1.0 engineMove=n/a engineArr=TaleWorlds.MountAndBlade.ArrangementOrder wantMove=TaleWorlds.MountAndBlade.MovementOrder wantArr=TaleWorlds.MountAndBlade.ArrangementOrder beh=(unset)
[2026-05-08 22:17:17.009] [CrestBattleConvergenceLogic] Y.42 [enemy.0] cav: units=75 pos=(0.0,0.0) anchorD=684.4 enemyD=-1.0 engineMove=n/a engineArr=TaleWorlds.MountAndBlade.ArrangementOrder wantMove=TaleWorlds.MountAndBlade.MovementOrder wantArr=TaleWorlds.MountAndBlade.ArrangementOrder beh=(unset)
[2026-05-08 22:17:17.009] [CrestBattleConvergenceLogic] Y.42 [enemy.1] lead=Belgir's Party tier=2 parity=15 variant=Standard units=15
[2026-05-08 22:17:17.009] [CrestBattleConvergenceLogic] Y.42 [enemy.1] inf: units=3 pos=(0.0,0.0) anchorD=385.1 enemyD=-1.0 engineMove=n/a engineArr=TaleWorlds.MountAndBlade.ArrangementOrder wantMove=TaleWorlds.MountAndBlade.MovementOrder wantArr=TaleWorlds.MountAndBlade.ArrangementOrder beh=(unset)
[2026-05-08 22:17:17.009] [CrestBattleConvergenceLogic] Y.42 [enemy.1] arch: units=0 (empty)
[2026-05-08 22:17:17.009] [CrestBattleConvergenceLogic] Y.42 [enemy.1] cav: units=12 pos=(0.0,0.0) anchorD=395.9 enemyD=-1.0 engineMove=n/a engineArr=TaleWorlds.MountAndBlade.ArrangementOrder wantMove=TaleWorlds.MountAndBlade.MovementOrder wantArr=TaleWorlds.MountAndBlade.ArrangementOrder beh=(unset)
[2026-05-08 22:17:17.834] [CrestBattleConvergenceLogic] Y.30B: pool tier=2 delta=-201 variant=ShieldWall
[2026-05-08 22:17:17.876] [CrestBattleConvergenceLogic] Y.30B: pool tier=2 delta=-201 variant=ShieldWall
[2026-05-08 22:17:21.700] [CrestBattleConvergenceLogic]   cap reached on Defender (5/5); Calatild's Party added to waiting list (size 9)
[2026-05-08 22:17:21.909] [CrestBattleConvergenceLogic] tick-status: now=136.4 pending=10 elapsed=0 closestRemaining=4.8s collectDef=0 collectAtt=0 reservedDef=0 reservedAtt=0
[2026-05-08 22:17:22.025] [CrestBattleConvergenceLogic] Y.42 [ally.0] lead=Origand of the Brotherhood's Party tier=2 parity=-5 variant=Standard units=240
[2026-05-08 22:17:22.025] [CrestBattleConvergenceLogic] Y.42 [ally.0] inf: units=2 pos=(0.0,0.0) anchorD=385.6 enemyD=-1.0 engineMove=n/a engineArr=TaleWorlds.MountAndBlade.ArrangementOrder wantMove=TaleWorlds.MountAndBlade.MovementOrder wantArr=TaleWorlds.MountAndBlade.ArrangementOrder beh=Charge
[2026-05-08 22:17:22.025] [CrestBattleConvergenceLogic] Y.42 [ally.0] arch: units=238 pos=(0.0,0.0) anchorD=375.7 enemyD=-1.0 engineMove=n/a engineArr=TaleWorlds.MountAndBlade.ArrangementOrder wantMove=TaleWorlds.MountAndBlade.MovementOrder wantArr=TaleWorlds.MountAndBlade.ArrangementOrder beh=Charge
[2026-05-08 22:17:22.025] [CrestBattleConvergenceLogic] Y.42 [ally.0] cav: units=0 (empty)
[2026-05-08 22:17:22.025] [CrestBattleConvergenceLogic] Y.42 [ally.1] lead=Asgotha's Party tier=2 parity=-5 variant=Standard units=159
[2026-05-08 22:17:22.025] [CrestBattleConvergenceLogic] Y.42 [ally.1] inf: units=114 pos=(0.0,0.0) anchorD=690.0 enemyD=-1.0 engineMove=n/a engineArr=TaleWorlds.MountAndBlade.ArrangementOrder wantMove=TaleWorlds.MountAndBlade.MovementOrder wantArr=TaleWorlds.MountAndBlade.ArrangementOrder beh=Charge
[2026-05-08 22:17:22.025] [CrestBattleConvergenceLogic] Y.42 [ally.1] arch: units=45 pos=(0.0,0.0) anchorD=701.4 enemyD=-1.0 engineMove=n/a engineArr=TaleWorlds.MountAndBlade.ArrangementOrder wantMove=TaleWorlds.MountAndBlade.MovementOrder wantArr=TaleWorlds.MountAndBlade.ArrangementOrder beh=Charge
[2026-05-08 22:17:22.025] [CrestBattleConvergenceLogic] Y.42 [ally.1] cav: units=0 (empty)
[2026-05-08 22:17:22.025] [CrestBattleConvergenceLogic] Y.42 [enemy.0] lead=Adaltrud's Party tier=2 parity=-201 variant=ShieldWall units=220
[2026-05-08 22:17:22.025] [CrestBattleConvergenceLogic] Y.42 [enemy.0] inf: units=123 pos=(0.0,0.0) anchorD=690.0 enemyD=-1.0 engineMove=n/a engineArr=TaleWorlds.MountAndBlade.ArrangementOrder wantMove=TaleWorlds.MountAndBlade.MovementOrder wantArr=TaleWorlds.MountAndBlade.ArrangementOrder beh=(unset)
[2026-05-08 22:17:22.025] [CrestBattleConvergenceLogic] Y.42 [enemy.0] arch: units=23 pos=(0.0,0.0) anchorD=701.4 enemyD=-1.0 engineMove=n/a engineArr=TaleWorlds.MountAndBlade.ArrangementOrder wantMove=TaleWorlds.MountAndBlade.MovementOrder wantArr=TaleWorlds.MountAndBlade.ArrangementOrder beh=(unset)
[2026-05-08 22:17:22.025] [CrestBattleConvergenceLogic] Y.42 [enemy.0] cav: units=74 pos=(0.0,0.0) anchorD=684.4 enemyD=-1.0 engineMove=n/a engineArr=TaleWorlds.MountAndBlade.ArrangementOrder wantMove=TaleWorlds.MountAndBlade.MovementOrder wantArr=TaleWorlds.MountAndBlade.ArrangementOrder beh=(unset)
[2026-05-08 22:17:22.025] [CrestBattleConvergenceLogic] Y.42 [enemy.1] lead=Belgir's Party tier=2 parity=-201 variant=ShieldWall units=12
[2026-05-08 22:17:22.025] [CrestBattleConvergenceLogic] Y.42 [enemy.1] inf: units=3 pos=(0.0,0.0) anchorD=385.1 enemyD=-1.0 engineMove=n/a engineArr=TaleWorlds.MountAndBlade.ArrangementOrder wantMove=TaleWorlds.MountAndBlade.MovementOrder wantArr=TaleWorlds.MountAndBlade.ArrangementOrder beh=(unset)
[2026-05-08 22:17:22.025] [CrestBattleConvergenceLogic] Y.42 [enemy.1] arch: units=0 (empty)
[2026-05-08 22:17:22.025] [CrestBattleConvergenceLogic] Y.42 [enemy.1] cav: units=9 pos=(0.0,0.0) anchorD=395.9 enemyD=-1.0 engineMove=n/a engineArr=TaleWorlds.MountAndBlade.ArrangementOrder wantMove=TaleWorlds.MountAndBlade.MovementOrder wantArr=TaleWorlds.MountAndBlade.ArrangementOrder beh=(unset)
[2026-05-08 22:17:23.881] [CrestBattleConvergenceLogic] Y.30B: pool tier=2 delta=206 variant=Standard
[2026-05-08 22:17:23.910] [CrestBattleConvergenceLogic] Y.30B: pool tier=2 delta=206 variant=Standard
[2026-05-08 22:17:26.702] [CrestBattleConvergenceLogic]   cap reached on Defender (5/5); Ospir's Party added to waiting list (size 10)
[2026-05-08 22:17:26.921] [CrestBattleConvergenceLogic] tick-status: now=141.4 pending=9 elapsed=0 closestRemaining=4.8s collectDef=0 collectAtt=0 reservedDef=0 reservedAtt=0
[2026-05-08 22:17:27.035] [CrestBattleConvergenceLogic] Y.42 [ally.0] lead=Origand of the Brotherhood's Party tier=2 parity=206 variant=Standard units=238
[2026-05-08 22:17:27.035] [CrestBattleConvergenceLogic] Y.42 [ally.0] inf: units=1 pos=(0.0,0.0) anchorD=385.6 enemyD=-1.0 engineMove=n/a engineArr=TaleWorlds.MountAndBlade.ArrangementOrder wantMove=TaleWorlds.MountAndBlade.MovementOrder wantArr=TaleWorlds.MountAndBlade.ArrangementOrder beh=Charge
[2026-05-08 22:17:27.035] [CrestBattleConvergenceLogic] Y.42 [ally.0] arch: units=237 pos=(0.0,0.0) anchorD=375.7 enemyD=-1.0 engineMove=n/a engineArr=TaleWorlds.MountAndBlade.ArrangementOrder wantMove=TaleWorlds.MountAndBlade.MovementOrder wantArr=TaleWorlds.MountAndBlade.ArrangementOrder beh=Charge
[2026-05-08 22:17:27.035] [CrestBattleConvergenceLogic] Y.42 [ally.0] cav: units=0 (empty)
[2026-05-08 22:17:27.035] [CrestBattleConvergenceLogic] Y.42 [ally.1] lead=Asgotha's Party tier=2 parity=206 variant=Standard units=146
[2026-05-08 22:17:27.035] [CrestBattleConvergenceLogic] Y.42 [ally.1] inf: units=107 pos=(0.0,0.0) anchorD=690.0 enemyD=-1.0 engineMove=n/a engineArr=TaleWorlds.MountAndBlade.ArrangementOrder wantMove=TaleWorlds.MountAndBlade.MovementOrder wantArr=TaleWorlds.MountAndBlade.ArrangementOrder beh=Charge
[2026-05-08 22:17:27.035] [CrestBattleConvergenceLogic] Y.42 [ally.1] arch: units=39 pos=(0.0,0.0) anchorD=701.4 enemyD=-1.0 engineMove=n/a engineArr=TaleWorlds.MountAndBlade.ArrangementOrder wantMove=TaleWorlds.MountAndBlade.MovementOrder wantArr=TaleWorlds.MountAndBlade.ArrangementOrder beh=Charge
[2026-05-08 22:17:27.035] [CrestBattleConvergenceLogic] Y.42 [ally.1] cav: units=0 (empty)
[2026-05-08 22:17:27.035] [CrestBattleConvergenceLogic] Y.42 [enemy.0] lead=Adaltrud's Party tier=2 parity=-201 variant=ShieldWall units=218
[2026-05-08 22:17:27.035] [CrestBattleConvergenceLogic] Y.42 [enemy.0] inf: units=123 pos=(0.0,0.0) anchorD=690.0 enemyD=-1.0 engineMove=n/a engineArr=TaleWorlds.MountAndBlade.ArrangementOrder wantMove=TaleWorlds.MountAndBlade.MovementOrder wantArr=TaleWorlds.MountAndBlade.ArrangementOrder beh=(unset)
[2026-05-08 22:17:27.035] [CrestBattleConvergenceLogic] Y.42 [enemy.0] arch: units=21 pos=(0.0,0.0) anchorD=701.4 enemyD=-1.0 engineMove=n/a engineArr=TaleWorlds.MountAndBlade.ArrangementOrder wantMove=TaleWorlds.MountAndBlade.MovementOrder wantArr=TaleWorlds.MountAndBlade.ArrangementOrder beh=(unset)
[2026-05-08 22:17:27.035] [CrestBattleConvergenceLogic] Y.42 [enemy.0] cav: units=74 pos=(0.0,0.0) anchorD=684.4 enemyD=-1.0 engineMove=n/a engineArr=TaleWorlds.MountAndBlade.ArrangementOrder wantMove=TaleWorlds.MountAndBlade.MovementOrder wantArr=TaleWorlds.MountAndBlade.ArrangementOrder beh=(unset)
[2026-05-08 22:17:27.035] [CrestBattleConvergenceLogic] Y.42 [enemy.1] lead=Belgir's Party tier=2 parity=-201 variant=ShieldWall units=10
[2026-05-08 22:17:27.035] [CrestBattleConvergenceLogic] Y.42 [enemy.1] inf: units=2 pos=(0.0,0.0) anchorD=385.1 enemyD=-1.0 engineMove=n/a engineArr=TaleWorlds.MountAndBlade.ArrangementOrder wantMove=TaleWorlds.MountAndBlade.MovementOrder wantArr=TaleWorlds.MountAndBlade.ArrangementOrder beh=(unset)
[2026-05-08 22:17:27.035] [CrestBattleConvergenceLogic] Y.42 [enemy.1] arch: units=0 (empty)
[2026-05-08 22:17:27.035] [CrestBattleConvergenceLogic] Y.42 [enemy.1] cav: units=8 pos=(0.0,0.0) anchorD=395.9 enemyD=-1.0 engineMove=n/a engineArr=TaleWorlds.MountAndBlade.ArrangementOrder wantMove=TaleWorlds.MountAndBlade.MovementOrder wantArr=TaleWorlds.MountAndBlade.ArrangementOrder beh=(unset)
[2026-05-08 22:17:31.691] [CrestBattleConvergenceLogic]   cap reached on Defender (5/5); Berican's Party added to waiting list (size 11)
[2026-05-08 22:17:31.929] [CrestBattleConvergenceLogic] tick-status: now=146.4 pending=8 elapsed=0 closestRemaining=4.8s collectDef=0 collectAtt=0 reservedDef=0 reservedAtt=0
[2026-05-08 22:17:32.048] [CrestBattleConvergenceLogic] Y.42 [ally.0] lead=Origand of the Brotherhood's Party tier=2 parity=206 variant=Standard units=235
[2026-05-08 22:17:32.048] [CrestBattleConvergenceLogic] Y.42 [ally.0] inf: units=0 (empty)
[2026-05-08 22:17:32.048] [CrestBattleConvergenceLogic] Y.42 [ally.0] arch: units=235 pos=(0.0,0.0) anchorD=375.7 enemyD=-1.0 engineMove=n/a engineArr=TaleWorlds.MountAndBlade.ArrangementOrder wantMove=TaleWorlds.MountAndBlade.MovementOrder wantArr=TaleWorlds.MountAndBlade.ArrangementOrder beh=Charge
[2026-05-08 22:17:32.048] [CrestBattleConvergenceLogic] Y.42 [ally.0] cav: units=0 (empty)
[2026-05-08 22:17:32.048] [CrestBattleConvergenceLogic] Y.42 [ally.1] lead=Asgotha's Party tier=2 parity=206 variant=Standard units=133
[2026-05-08 22:17:32.048] [CrestBattleConvergenceLogic] Y.42 [ally.1] inf: units=99 pos=(0.0,0.0) anchorD=690.0 enemyD=-1.0 engineMove=n/a engineArr=TaleWorlds.MountAndBlade.ArrangementOrder wantMove=TaleWorlds.MountAndBlade.MovementOrder wantArr=TaleWorlds.MountAndBlade.ArrangementOrder beh=Charge
[2026-05-08 22:17:32.048] [CrestBattleConvergenceLogic] Y.42 [ally.1] arch: units=34 pos=(0.0,0.0) anchorD=701.4 enemyD=-1.0 engineMove=n/a engineArr=TaleWorlds.MountAndBlade.ArrangementOrder wantMove=TaleWorlds.MountAndBlade.MovementOrder wantArr=TaleWorlds.MountAndBlade.ArrangementOrder beh=Charge
[2026-05-08 22:17:32.048] [CrestBattleConvergenceLogic] Y.42 [ally.1] cav: units=0 (empty)
[2026-05-08 22:17:32.048] [CrestBattleConvergenceLogic] Y.42 [enemy.0] lead=Adaltrud's Party tier=2 parity=-201 variant=ShieldWall units=215
[2026-05-08 22:17:32.048] [CrestBattleConvergenceLogic] Y.42 [enemy.0] inf: units=122 pos=(0.0,0.0) anchorD=690.0 enemyD=-1.0 engineMove=n/a engineArr=TaleWorlds.MountAndBlade.ArrangementOrder wantMove=TaleWorlds.MountAndBlade.MovementOrder wantArr=TaleWorlds.MountAndBlade.ArrangementOrder beh=(unset)
[2026-05-08 22:17:32.048] [CrestBattleConvergenceLogic] Y.42 [enemy.0] arch: units=20 pos=(0.0,0.0) anchorD=701.4 enemyD=-1.0 engineMove=n/a engineArr=TaleWorlds.MountAndBlade.ArrangementOrder wantMove=TaleWorlds.MountAndBlade.MovementOrder wantArr=TaleWorlds.MountAndBlade.ArrangementOrder beh=(unset)
[2026-05-08 22:17:32.048] [CrestBattleConvergenceLogic] Y.42 [enemy.0] cav: units=73 pos=(0.0,0.0) anchorD=684.4 enemyD=-1.0 engineMove=n/a engineArr=TaleWorlds.MountAndBlade.ArrangementOrder wantMove=TaleWorlds.MountAndBlade.MovementOrder wantArr=TaleWorlds.MountAndBlade.ArrangementOrder beh=(unset)
[2026-05-08 22:17:32.048] [CrestBattleConvergenceLogic] Y.42 [enemy.1] lead=Belgir's Party tier=2 parity=-201 variant=ShieldWall units=8
[2026-05-08 22:17:32.048] [CrestBattleConvergenceLogic] Y.42 [enemy.1] inf: units=2 pos=(0.0,0.0) anchorD=385.1 enemyD=-1.0 engineMove=n/a engineArr=TaleWorlds.MountAndBlade.ArrangementOrder wantMove=TaleWorlds.MountAndBlade.MovementOrder wantArr=TaleWorlds.MountAndBlade.ArrangementOrder beh=(unset)
[2026-05-08 22:17:32.048] [CrestBattleConvergenceLogic] Y.42 [enemy.1] arch: units=0 (empty)
[2026-05-08 22:17:32.048] [CrestBattleConvergenceLogic] Y.42 [enemy.1] cav: units=6 pos=(0.0,0.0) anchorD=395.9 enemyD=-1.0 engineMove=n/a engineArr=TaleWorlds.MountAndBlade.ArrangementOrder wantMove=TaleWorlds.MountAndBlade.MovementOrder wantArr=TaleWorlds.MountAndBlade.ArrangementOrder beh=(unset)
[2026-05-08 22:17:32.393] [CrestBattleConvergenceLogic] Y.30C-C: MapEventSide instance methods taking MobileParty: AddNearbyPartyToPlayerMapEvent, 
[2026-05-08 22:17:32.393] [CrestBattleConvergenceLogic] Y.30C-C: all MapEventSide instance methods (declared): AutoGeneratedInstanceCollectObjects, GetTroops, GetTotalHealthyHeroCountOfSide, CountTroops, GetTotalHealthyTroopCountOfSide, CacheLeaderSimulationModifier, AddPartyInternal, RemovePartyInternal, RecalculateMemberCountOfSide, RecalculateStrengthOfSide, IsMainPartyAmongParties, CalculateTotalContribution, CalculateRenownAndInfluenceValuesOnPartyInvolved, GetSideMorale, HandleMapEventEnd, HandleMapEventEndForPartyInternal, AllocateShips, AllocateSiegeEngines, CreateOrderedSimulationShipList, GetShipCombatScore, GetShipCombatImportance, AllocateTroops, AllocateTroop, GetAllTroops, GetAllocatedTroop, GetReadyTroop, GetAllocatedTroopParty, GetReadyTroopParty, OnTroopWounded, OnTroopKilled, OnTroopRouted, OnTroopScoreHit, OnShipScoreHit, OnShipDamaged, GetWeightedShipCombatFactor, GetMapEventParty, MakeReady, MakeReadyParty, CheckReadyTroopsTemporaryCache, MakeReadyForSimulation, MakeReadyForMission, EndSimulation, InvalidateSimulationSetup, DebugAssertSimulationConsistency, Clear, SelectRandomSimulationTroop, GetRandomSimulationSiegeEngine, GetRandomSimulationShip, RemoveSelectedTroopFromSimulationList, RemoveShipFromSimulationList, OnRoundEnd, ApplySimulationDamageToShip, ApplySimulationDamageToSelectedTroop, ApplySimulatedHitRewardToShip, ApplySimulatedHitRewardToSelectedTroop, Surrender, Route, AddNearbyPartyToPlayerMapEvent, RemoveNearbyPartiesFromPlayerMapEvent, CommitXpGains, CommitRenownChanges, CommitInfluenceChanges, CommitMoraleChanges, ...
[2026-05-08 22:17:32.393] [CrestBattleConvergenceLogic] Y.29: detached 0 joiner parties from mapEvent (20 failed)
[2026-05-08 22:17:32.393] [CrestBattleConvergenceLogic] Y.12d: OnEndMission cleanup done
[2026-05-08 22:17:32.929] [CrestCampaignLogFilter] scope-suppress: IssueQuestLogEntry hidden under scope='Party only'
